id,year,month,brand,vehicle_type,sales_count,data_source,crawl_date
10103,2022,12,ダイハツ,乗用車(登録車),2600,JADA,2026-06-24
10104,2022,12,ダイハツ,貨物車(登録車),9,JADA,2026-06-24
10105,2022,12,ダイハツ,乗用車(軽),32581,JADA,2026-06-24
10106,2022,12,ダイハツ,貨物車(軽),13946,JADA,2026-06-24
10107,2022,12,日野,貨物車(登録車),2332,JADA,2026-06-24
10108,2022,12,ホンダ,乗用車(登録車),22108,JADA,2026-06-24
10109,2022,12,ホンダ,乗用車(軽),21858,JADA,2026-06-24
10110,2022,12,ホンダ,貨物車(軽),2619,JADA,2026-06-24
10111,2022,12,いすゞ,貨物車(登録車),4404,JADA,2026-06-24
10112,2022,12,レクサス,乗用車(登録車),3074,JADA,2026-06-24
10113,2022,12,マツダ,乗用車(登録車),9320,JADA,2026-06-24
10114,2022,12,マツダ,貨物車(登録車),348,JADA,2026-06-24
10115,2022,12,マツダ,乗用車(軽),1978,JADA,2026-06-24
10116,2022,12,マツダ,貨物車(軽),537,JADA,2026-06-24
10117,2022,12,三菱,乗用車(登録車),3600,JADA,2026-06-24
10118,2022,12,三菱,乗用車(軽),2737,JADA,2026-06-24
10119,2022,12,三菱,貨物車(軽),723,JADA,2026-06-24
10120,2022,12,三菱ふそう,貨物車(登録車),3150,JADA,2026-06-24
10121,2022,12,日産,乗用車(登録車),17193,JADA,2026-06-24
10122,2022,12,日産,貨物車(登録車),2940,JADA,2026-06-24
10123,2022,12,日産,乗用車(軽),11840,JADA,2026-06-24
10124,2022,12,日産,貨物車(軽),2483,JADA,2026-06-24
10125,2022,12,スバル,乗用車(登録車),6836,JADA,2026-06-24
10126,2022,12,スバル,乗用車(軽),745,JADA,2026-06-24
10127,2022,12,スバル,貨物車(軽),572,JADA,2026-06-24
10128,2022,12,スズキ,乗用車(登録車),9333,JADA,2026-06-24
10129,2022,12,スズキ,乗用車(軽),31134,JADA,2026-06-24
10130,2022,12,スズキ,貨物車(軽),9472,JADA,2026-06-24
10131,2022,12,トヨタ,乗用車(登録車),80347,JADA,2026-06-24
10132,2022,12,トヨタ,貨物車(登録車),13352,JADA,2026-06-24
10133,2022,12,トヨタ,乗用車(軽),662,JADA,2026-06-24
10134,2022,12,トヨタ,貨物車(軽),1385,JADA,2026-06-24
10135,2022,12,UDトラックス,貨物車(登録車),1008,JADA,2026-06-24
10136,2022,12,ABARTH,乗用車(登録車),214,JADA,2026-06-24
10137,2022,12,Alfa Romeo,乗用車(登録車),148,JADA,2026-06-24
10138,2022,12,Aston Martin,乗用車(登録車),28,JADA,2026-06-24
10139,2022,12,Audi,乗用車(登録車),2181,JADA,2026-06-24
10140,2022,12,Bentley,乗用車(登録車),49,JADA,2026-06-24
10141,2022,12,BMW,乗用車(登録車),3003,JADA,2026-06-24
10142,2022,12,BMW Alpina,乗用車(登録車),14,JADA,2026-06-24
10143,2022,12,BMW MINI,乗用車(登録車),1898,JADA,2026-06-24
10144,2022,12,Cadillac,乗用車(登録車),75,JADA,2026-06-24
10145,2022,12,Chevrolet,乗用車(登録車),65,JADA,2026-06-24
10146,2022,12,Chevrolet,貨物車(登録車),4,JADA,2026-06-24
10147,2022,12,Citroen,乗用車(登録車),728,JADA,2026-06-24
10148,2022,12,Dodge,乗用車(登録車),20,JADA,2026-06-24
10149,2022,12,Dodge,貨物車(登録車),1,JADA,2026-06-24
10150,2022,12,DS,乗用車(登録車),45,JADA,2026-06-24
10151,2022,12,Ferrari,乗用車(登録車),45,JADA,2026-06-24
10152,2022,12,Fiat,乗用車(登録車),489,JADA,2026-06-24
10153,2022,12,Fiat,貨物車(登録車),6,JADA,2026-06-24
10154,2022,12,Ford,乗用車(登録車),25,JADA,2026-06-24
10155,2022,12,Ford,貨物車(登録車),2,JADA,2026-06-24
10156,2022,12,Hyundai,乗用車(登録車),57,JADA,2026-06-24
10157,2022,12,Jaguar,乗用車(登録車),77,JADA,2026-06-24
10158,2022,12,Jeep,乗用車(登録車),872,JADA,2026-06-24
10159,2022,12,Jeep,貨物車(登録車),60,JADA,2026-06-24
10160,2022,12,Lamborghini,乗用車(登録車),18,JADA,2026-06-24
10161,2022,12,Land Rover,乗用車(登録車),364,JADA,2026-06-24
10162,2022,12,Land Rover,貨物車(登録車),1,JADA,2026-06-24
10163,2022,12,Lotus,乗用車(登録車),6,JADA,2026-06-24
10164,2022,12,Maserati,乗用車(登録車),135,JADA,2026-06-24
10165,2022,12,ＭcＬaren,乗用車(登録車),15,JADA,2026-06-24
10166,2022,12,Mercedes-Benz,乗用車(登録車),6860,JADA,2026-06-24
10167,2022,12,Mercedes-Benz,貨物車(登録車),1,JADA,2026-06-24
10168,2022,12,Peugeot,乗用車(登録車),982,JADA,2026-06-24
10169,2022,12,Porsche,乗用車(登録車),874,JADA,2026-06-24
10170,2022,12,Renault,乗用車(登録車),619,JADA,2026-06-24
10171,2022,12,Roｌｌs Royce,乗用車(登録車),18,JADA,2026-06-24
10172,2022,12,Scania,貨物車(登録車),36,JADA,2026-06-24
10173,2022,12,smart,乗用車(登録車),1,JADA,2026-06-24
10174,2022,12,Volvo,乗用車(登録車),1845,JADA,2026-06-24
10175,2022,12,Volvo,貨物車(登録車),49,JADA,2026-06-24
10176,2022,12,VW,乗用車(登録車),3811,JADA,2026-06-24
10177,2022,11,ダイハツ,乗用車(登録車),3398,JADA,2026-06-24
10178,2022,11,ダイハツ,貨物車(登録車),30,JADA,2026-06-24
10179,2022,11,ダイハツ,乗用車(軽),38462,JADA,2026-06-24
10180,2022,11,ダイハツ,貨物車(軽),18291,JADA,2026-06-24
10181,2022,11,日野,貨物車(登録車),2259,JADA,2026-06-24
10182,2022,11,ホンダ,乗用車(登録車),25948,JADA,2026-06-24
10183,2022,11,ホンダ,乗用車(軽),22759,JADA,2026-06-24
10184,2022,11,ホンダ,貨物車(軽),2896,JADA,2026-06-24
10185,2022,11,いすゞ,貨物車(登録車),4121,JADA,2026-06-24
10186,2022,11,レクサス,乗用車(登録車),2654,JADA,2026-06-24
10187,2022,11,マツダ,乗用車(登録車),8674,JADA,2026-06-24
10188,2022,11,マツダ,貨物車(登録車),361,JADA,2026-06-24
10189,2022,11,マツダ,乗用車(軽),2177,JADA,2026-06-24
10190,2022,11,マツダ,貨物車(軽),655,JADA,2026-06-24
10191,2022,11,三菱,乗用車(登録車),3310,JADA,2026-06-24
10192,2022,11,三菱,乗用車(軽),2423,JADA,2026-06-24
10193,2022,11,三菱,貨物車(軽),1079,JADA,2026-06-24
10194,2022,11,三菱ふそう,貨物車(登録車),2255,JADA,2026-06-24
10195,2022,11,日産,乗用車(登録車),19639,JADA,2026-06-24
10196,2022,11,日産,貨物車(登録車),2501,JADA,2026-06-24
10197,2022,11,日産,乗用車(軽),11715,JADA,2026-06-24
10198,2022,11,日産,貨物車(軽),3051,JADA,2026-06-24
10199,2022,11,スバル,乗用車(登録車),7426,JADA,2026-06-24
10200,2022,11,スバル,乗用車(軽),828,JADA,2026-06-24
10201,2022,11,スバル,貨物車(軽),805,JADA,2026-06-24
10202,2022,11,スズキ,乗用車(登録車),9762,JADA,2026-06-24
10203,2022,11,スズキ,乗用車(軽),35841,JADA,2026-06-24
10204,2022,11,スズキ,貨物車(軽),12560,JADA,2026-06-24
10205,2022,11,トヨタ,乗用車(登録車),89557,JADA,2026-06-24
10206,2022,11,トヨタ,貨物車(登録車),15587,JADA,2026-06-24
10207,2022,11,トヨタ,乗用車(軽),949,JADA,2026-06-24
10208,2022,11,トヨタ,貨物車(軽),1036,JADA,2026-06-24
10209,2022,11,UDトラックス,貨物車(登録車),985,JADA,2026-06-24
10210,2022,11,ABARTH,乗用車(登録車),167,JADA,2026-06-24
10211,2022,11,Alfa Romeo,乗用車(登録車),109,JADA,2026-06-24
10212,2022,11,Aston Martin,乗用車(登録車),34,JADA,2026-06-24
10213,2022,11,Audi,乗用車(登録車),1762,JADA,2026-06-24
10214,2022,11,Bentley,乗用車(登録車),67,JADA,2026-06-24
10215,2022,11,BMW,乗用車(登録車),2913,JADA,2026-06-24
10216,2022,11,BMW Alpina,乗用車(登録車),22,JADA,2026-06-24
10217,2022,11,BMW MINI,乗用車(登録車),1655,JADA,2026-06-24
10218,2022,11,Cadillac,乗用車(登録車),52,JADA,2026-06-24
10219,2022,11,Chevrolet,乗用車(登録車),77,JADA,2026-06-24
10220,2022,11,Chevrolet,貨物車(登録車),4,JADA,2026-06-24
10221,2022,11,Chrysler,乗用車(登録車),1,JADA,2026-06-24
10222,2022,11,Citroen,乗用車(登録車),564,JADA,2026-06-24
10223,2022,11,Dodge,乗用車(登録車),19,JADA,2026-06-24
10224,2022,11,Dodge,貨物車(登録車),1,JADA,2026-06-24
10225,2022,11,DS,乗用車(登録車),175,JADA,2026-06-24
10226,2022,11,Ferrari,乗用車(登録車),77,JADA,2026-06-24
10227,2022,11,Fiat,乗用車(登録車),398,JADA,2026-06-24
10228,2022,11,Fiat,貨物車(登録車),1,JADA,2026-06-24
10229,2022,11,Ford,乗用車(登録車),26,JADA,2026-06-24
10230,2022,11,Ford,貨物車(登録車),1,JADA,2026-06-24
10231,2022,11,Hyundai,乗用車(登録車),35,JADA,2026-06-24
10232,2022,11,Jaguar,乗用車(登録車),116,JADA,2026-06-24
10233,2022,11,Jeep,乗用車(登録車),491,JADA,2026-06-24
10234,2022,11,Jeep,貨物車(登録車),41,JADA,2026-06-24
10235,2022,11,Lamborghini,乗用車(登録車),19,JADA,2026-06-24
10236,2022,11,Land Rover,乗用車(登録車),304,JADA,2026-06-24
10237,2022,11,Lotus,乗用車(登録車),2,JADA,2026-06-24
10238,2022,11,Maserati,乗用車(登録車),106,JADA,2026-06-24
10239,2022,11,ＭcＬaren,乗用車(登録車),6,JADA,2026-06-24
10240,2022,11,Mercedes-Benz,乗用車(登録車),5696,JADA,2026-06-24
10241,2022,11,Mercedes-Benz,貨物車(登録車),4,JADA,2026-06-24
10242,2022,11,Peugeot,乗用車(登録車),967,JADA,2026-06-24
10243,2022,11,Porsche,乗用車(登録車),492,JADA,2026-06-24
10244,2022,11,Renault,乗用車(登録車),710,JADA,2026-06-24
10245,2022,11,Roｌｌs Royce,乗用車(登録車),13,JADA,2026-06-24
10246,2022,11,Scania,貨物車(登録車),25,JADA,2026-06-24
10247,2022,11,Volvo,乗用車(登録車),1540,JADA,2026-06-24
10248,2022,11,Volvo,貨物車(登録車),33,JADA,2026-06-24
10249,2022,11,VW,乗用車(登録車),2802,JADA,2026-06-24
10250,2022,10,ダイハツ,乗用車(登録車),3531,JADA,2026-06-24
10251,2022,10,ダイハツ,貨物車(登録車),39,JADA,2026-06-24
10252,2022,10,ダイハツ,乗用車(軽),37116,JADA,2026-06-24
10253,2022,10,ダイハツ,貨物車(軽),18663,JADA,2026-06-24
10254,2022,10,日野,貨物車(登録車),1969,JADA,2026-06-24
10255,2022,10,ホンダ,乗用車(登録車),19959,JADA,2026-06-24
10256,2022,10,ホンダ,乗用車(軽),20053,JADA,2026-06-24
10257,2022,10,ホンダ,貨物車(軽),2386,JADA,2026-06-24
10258,2022,10,いすゞ,貨物車(登録車),3175,JADA,2026-06-24
10259,2022,10,レクサス,乗用車(登録車),2990,JADA,2026-06-24
10260,2022,10,マツダ,乗用車(登録車),12177,JADA,2026-06-24
10261,2022,10,マツダ,貨物車(登録車),381,JADA,2026-06-24
10262,2022,10,マツダ,乗用車(軽),2163,JADA,2026-06-24
10263,2022,10,マツダ,貨物車(軽),561,JADA,2026-06-24
10264,2022,10,三菱,乗用車(登録車),2703,JADA,2026-06-24
10265,2022,10,三菱,乗用車(軽),2566,JADA,2026-06-24
10266,2022,10,三菱,貨物車(軽),892,JADA,2026-06-24
10267,2022,10,三菱ふそう,貨物車(登録車),2083,JADA,2026-06-24
10268,2022,10,日産,乗用車(登録車),16639,JADA,2026-06-24
10269,2022,10,日産,貨物車(登録車),1967,JADA,2026-06-24
10270,2022,10,日産,乗用車(軽),11552,JADA,2026-06-24
10271,2022,10,日産,貨物車(軽),2763,JADA,2026-06-24
10272,2022,10,スバル,乗用車(登録車),7210,JADA,2026-06-24
10273,2022,10,スバル,乗用車(軽),924,JADA,2026-06-24
10274,2022,10,スバル,貨物車(軽),828,JADA,2026-06-24
10275,2022,10,スズキ,乗用車(登録車),9083,JADA,2026-06-24
10276,2022,10,スズキ,乗用車(軽),34219,JADA,2026-06-24
10277,2022,10,スズキ,貨物車(軽),10885,JADA,2026-06-24
10278,2022,10,トヨタ,乗用車(登録車),94294,JADA,2026-06-24
10279,2022,10,トヨタ,貨物車(登録車),14228,JADA,2026-06-24
10280,2022,10,トヨタ,乗用車(軽),1012,JADA,2026-06-24
10281,2022,10,トヨタ,貨物車(軽),1018,JADA,2026-06-24
10282,2022,10,UDトラックス,貨物車(登録車),922,JADA,2026-06-24
10283,2022,10,ABARTH,乗用車(登録車),159,JADA,2026-06-24
10284,2022,10,Alfa Romeo,乗用車(登録車),117,JADA,2026-06-24
10285,2022,10,Aston Martin,乗用車(登録車),27,JADA,2026-06-24
10286,2022,10,Audi,乗用車(登録車),1670,JADA,2026-06-24
10287,2022,10,Bentley,乗用車(登録車),76,JADA,2026-06-24
10288,2022,10,BMW,乗用車(登録車),2934,JADA,2026-06-24
10289,2022,10,BMW Alpina,乗用車(登録車),22,JADA,2026-06-24
10290,2022,10,BMW MINI,乗用車(登録車),1603,JADA,2026-06-24
10291,2022,10,Bugatti,乗用車(登録車),1,JADA,2026-06-24
10292,2022,10,BYD,乗用車(登録車),2,JADA,2026-06-24
10293,2022,10,Cadillac,乗用車(登録車),39,JADA,2026-06-24
10294,2022,10,Cadillac,貨物車(登録車),1,JADA,2026-06-24
10295,2022,10,Chevrolet,乗用車(登録車),69,JADA,2026-06-24
10296,2022,10,Chevrolet,貨物車(登録車),4,JADA,2026-06-24
10297,2022,10,Chrysler,乗用車(登録車),2,JADA,2026-06-24
10298,2022,10,Citroen,乗用車(登録車),127,JADA,2026-06-24
10299,2022,10,Dodge,乗用車(登録車),25,JADA,2026-06-24
10300,2022,10,DS,乗用車(登録車),60,JADA,2026-06-24
10301,2022,10,Ferrari,乗用車(登録車),134,JADA,2026-06-24
10302,2022,10,Fiat,乗用車(登録車),268,JADA,2026-06-24
10303,2022,10,Ford,乗用車(登録車),19,JADA,2026-06-24
10304,2022,10,Ford,貨物車(登録車),7,JADA,2026-06-24
10305,2022,10,Hyundai,乗用車(登録車),63,JADA,2026-06-24
10306,2022,10,Jaguar,乗用車(登録車),82,JADA,2026-06-24
10307,2022,10,Jeep,乗用車(登録車),650,JADA,2026-06-24
10308,2022,10,Jeep,貨物車(登録車),68,JADA,2026-06-24
10309,2022,10,Lamborghini,乗用車(登録車),53,JADA,2026-06-24
10310,2022,10,Land Rover,乗用車(登録車),394,JADA,2026-06-24
10311,2022,10,Lotus,乗用車(登録車),2,JADA,2026-06-24
10312,2022,10,Maserati,乗用車(登録車),90,JADA,2026-06-24
10313,2022,10,ＭcＬaren,乗用車(登録車),7,JADA,2026-06-24
10314,2022,10,Mercedes-Benz,乗用車(登録車),3537,JADA,2026-06-24
10315,2022,10,Mercedes-Benz,貨物車(登録車),2,JADA,2026-06-24
10316,2022,10,Opel,乗用車(登録車),1,JADA,2026-06-24
10317,2022,10,Peugeot,乗用車(登録車),509,JADA,2026-06-24
10318,2022,10,Porsche,乗用車(登録車),310,JADA,2026-06-24
10319,2022,10,Renault,乗用車(登録車),609,JADA,2026-06-24
10320,2022,10,Roｌｌs Royce,乗用車(登録車),10,JADA,2026-06-24
10321,2022,10,Scania,貨物車(登録車),11,JADA,2026-06-24
10322,2022,10,Volvo,乗用車(登録車),1022,JADA,2026-06-24
10323,2022,10,Volvo,貨物車(登録車),46,JADA,2026-06-24
10324,2022,10,VW,乗用車(登録車),2319,JADA,2026-06-24
10325,2022,9,ダイハツ,乗用車(登録車),2990,JADA,2026-06-24
10326,2022,9,ダイハツ,貨物車(登録車),7,JADA,2026-06-24
10327,2022,9,ダイハツ,乗用車(軽),31375,JADA,2026-06-24
10328,2022,9,ダイハツ,貨物車(軽),17832,JADA,2026-06-24
10329,2022,9,日野,貨物車(登録車),3531,JADA,2026-06-24
10330,2022,9,ホンダ,乗用車(登録車),21115,JADA,2026-06-24
10331,2022,9,ホンダ,乗用車(軽),24449,JADA,2026-06-24
10332,2022,9,ホンダ,貨物車(軽),2911,JADA,2026-06-24
10333,2022,9,いすゞ,貨物車(登録車),5339,JADA,2026-06-24
10334,2022,9,レクサス,乗用車(登録車),4399,JADA,2026-06-24
10335,2022,9,マツダ,乗用車(登録車),12789,JADA,2026-06-24
10336,2022,9,マツダ,貨物車(登録車),413,JADA,2026-06-24
10337,2022,9,マツダ,乗用車(軽),2076,JADA,2026-06-24
10338,2022,9,マツダ,貨物車(軽),534,JADA,2026-06-24
10339,2022,9,三菱,乗用車(登録車),4984,JADA,2026-06-24
10340,2022,9,三菱,乗用車(軽),3522,JADA,2026-06-24
10341,2022,9,三菱,貨物車(軽),1101,JADA,2026-06-24
10342,2022,9,三菱ふそう,貨物車(登録車),2136,JADA,2026-06-24
10343,2022,9,日産,乗用車(登録車),22982,JADA,2026-06-24
10344,2022,9,日産,貨物車(登録車),2226,JADA,2026-06-24
10345,2022,9,日産,乗用車(軽),14019,JADA,2026-06-24
10346,2022,9,日産,貨物車(軽),3249,JADA,2026-06-24
10347,2022,9,スバル,乗用車(登録車),7921,JADA,2026-06-24
10348,2022,9,スバル,乗用車(軽),1367,JADA,2026-06-24
10349,2022,9,スバル,貨物車(軽),809,JADA,2026-06-24
10350,2022,9,スズキ,乗用車(登録車),10446,JADA,2026-06-24
10351,2022,9,スズキ,乗用車(軽),35352,JADA,2026-06-24
10352,2022,9,スズキ,貨物車(軽),12604,JADA,2026-06-24
10353,2022,9,トヨタ,乗用車(登録車),98025,JADA,2026-06-24
10354,2022,9,トヨタ,貨物車(登録車),15120,JADA,2026-06-24
10355,2022,9,トヨタ,乗用車(軽),1154,JADA,2026-06-24
10356,2022,9,トヨタ,貨物車(軽),764,JADA,2026-06-24
10357,2022,9,UDトラックス,貨物車(登録車),1018,JADA,2026-06-24
10358,2022,9,ABARTH,乗用車(登録車),248,JADA,2026-06-24
10359,2022,9,Alfa Romeo,乗用車(登録車),191,JADA,2026-06-24
10360,2022,9,Aston Martin,乗用車(登録車),8,JADA,2026-06-24
10361,2022,9,Audi,乗用車(登録車),2017,JADA,2026-06-24
10362,2022,9,Bentley,乗用車(登録車),53,JADA,2026-06-24
10363,2022,9,BMW,乗用車(登録車),3516,JADA,2026-06-24
10364,2022,9,BMW Alpina,乗用車(登録車),48,JADA,2026-06-24
10365,2022,9,BMW MINI,乗用車(登録車),2150,JADA,2026-06-24
10366,2022,9,BYD,乗用車(登録車),4,JADA,2026-06-24
10367,2022,9,Cadillac,乗用車(登録車),116,JADA,2026-06-24
10368,2022,9,Cadillac,貨物車(登録車),1,JADA,2026-06-24
10369,2022,9,Chevrolet,乗用車(登録車),89,JADA,2026-06-24
10370,2022,9,Chevrolet,貨物車(登録車),8,JADA,2026-06-24
10371,2022,9,Chrysler,乗用車(登録車),3,JADA,2026-06-24
10372,2022,9,Citroen,乗用車(登録車),338,JADA,2026-06-24
10373,2022,9,Dodge,乗用車(登録車),36,JADA,2026-06-24
10374,2022,9,DS,乗用車(登録車),54,JADA,2026-06-24
10375,2022,9,Ferrari,乗用車(登録車),140,JADA,2026-06-24
10376,2022,9,Fiat,乗用車(登録車),634,JADA,2026-06-24
10377,2022,9,Fiat,貨物車(登録車),1,JADA,2026-06-24
10378,2022,9,Ford,乗用車(登録車),25,JADA,2026-06-24
10379,2022,9,Ford,貨物車(登録車),9,JADA,2026-06-24
10380,2022,9,Hyundai,乗用車(登録車),147,JADA,2026-06-24
10381,2022,9,Jaguar,乗用車(登録車),104,JADA,2026-06-24
10382,2022,9,Jeep,乗用車(登録車),832,JADA,2026-06-24
10383,2022,9,Jeep,貨物車(登録車),53,JADA,2026-06-24
10384,2022,9,Lamborghini,乗用車(登録車),60,JADA,2026-06-24
10385,2022,9,Land Rover,乗用車(登録車),562,JADA,2026-06-24
10386,2022,9,Land Rover,貨物車(登録車),1,JADA,2026-06-24
10387,2022,9,Lotus,乗用車(登録車),3,JADA,2026-06-24
10388,2022,9,Maserati,乗用車(登録車),144,JADA,2026-06-24
10389,2022,9,ＭcＬaren,乗用車(登録車),17,JADA,2026-06-24
10390,2022,9,Mercedes-Benz,乗用車(登録車),5369,JADA,2026-06-24
10391,2022,9,Peugeot,乗用車(登録車),754,JADA,2026-06-24
10392,2022,9,Porsche,乗用車(登録車),738,JADA,2026-06-24
10393,2022,9,Renault,乗用車(登録車),1061,JADA,2026-06-24
10394,2022,9,Roｌｌs Royce,乗用車(登録車),21,JADA,2026-06-24
10395,2022,9,Scania,貨物車(登録車),28,JADA,2026-06-24
10396,2022,9,smart,乗用車(登録車),1,JADA,2026-06-24
10397,2022,9,Volvo,乗用車(登録車),1738,JADA,2026-06-24
10398,2022,9,Volvo,貨物車(登録車),51,JADA,2026-06-24
10399,2022,9,VW,乗用車(登録車),3832,JADA,2026-06-24
10400,2022,9,VW,貨物車(登録車),1,JADA,2026-06-24
10401,2022,8,ダイハツ,乗用車(登録車),2586,JADA,2026-06-24
10402,2022,8,ダイハツ,貨物車(登録車),24,JADA,2026-06-24
10403,2022,8,ダイハツ,乗用車(軽),21192,JADA,2026-06-24
10404,2022,8,ダイハツ,貨物車(軽),14369,JADA,2026-06-24
10405,2022,8,日野,貨物車(登録車),3002,JADA,2026-06-24
10406,2022,8,ホンダ,乗用車(登録車),21154,JADA,2026-06-24
10407,2022,8,ホンダ,乗用車(軽),14201,JADA,2026-06-24
10408,2022,8,ホンダ,貨物車(軽),2337,JADA,2026-06-24
10409,2022,8,いすゞ,貨物車(登録車),3526,JADA,2026-06-24
10410,2022,8,レクサス,乗用車(登録車),3224,JADA,2026-06-24
10411,2022,8,マツダ,乗用車(登録車),9775,JADA,2026-06-24
10412,2022,8,マツダ,貨物車(登録車),395,JADA,2026-06-24
10413,2022,8,マツダ,乗用車(軽),1704,JADA,2026-06-24
10414,2022,8,マツダ,貨物車(軽),481,JADA,2026-06-24
10415,2022,8,三菱,乗用車(登録車),3976,JADA,2026-06-24
10416,2022,8,三菱,乗用車(軽),2486,JADA,2026-06-24
10417,2022,8,三菱,貨物車(軽),711,JADA,2026-06-24
10418,2022,8,三菱ふそう,貨物車(登録車),2072,JADA,2026-06-24
10419,2022,8,日産,乗用車(登録車),18341,JADA,2026-06-24
10420,2022,8,日産,貨物車(登録車),1803,JADA,2026-06-24
10421,2022,8,日産,乗用車(軽),10957,JADA,2026-06-24
10422,2022,8,日産,貨物車(軽),2213,JADA,2026-06-24
10423,2022,8,スバル,乗用車(登録車),6348,JADA,2026-06-24
10424,2022,8,スバル,乗用車(軽),883,JADA,2026-06-24
10425,2022,8,スバル,貨物車(軽),554,JADA,2026-06-24
10426,2022,8,スズキ,乗用車(登録車),7911,JADA,2026-06-24
10427,2022,8,スズキ,乗用車(軽),26428,JADA,2026-06-24
10428,2022,8,スズキ,貨物車(軽),9949,JADA,2026-06-24
10429,2022,8,トヨタ,乗用車(登録車),64175,JADA,2026-06-24
10430,2022,8,トヨタ,貨物車(登録車),12680,JADA,2026-06-24
10431,2022,8,トヨタ,乗用車(軽),1976,JADA,2026-06-24
10432,2022,8,トヨタ,貨物車(軽),525,JADA,2026-06-24
10433,2022,8,UDトラックス,貨物車(登録車),670,JADA,2026-06-24
10434,2022,8,ABARTH,乗用車(登録車),89,JADA,2026-06-24
10435,2022,8,Alfa Romeo,乗用車(登録車),65,JADA,2026-06-24
10436,2022,8,Aston Martin,乗用車(登録車),19,JADA,2026-06-24
10437,2022,8,Audi,乗用車(登録車),1813,JADA,2026-06-24
10438,2022,8,Bentley,乗用車(登録車),56,JADA,2026-06-24
10439,2022,8,BMW,乗用車(登録車),2187,JADA,2026-06-24
10440,2022,8,BMW Alpina,乗用車(登録車),24,JADA,2026-06-24
10441,2022,8,BMW MINI,乗用車(登録車),1522,JADA,2026-06-24
10442,2022,8,Cadillac,乗用車(登録車),57,JADA,2026-06-24
10443,2022,8,Chevrolet,乗用車(登録車),38,JADA,2026-06-24
10444,2022,8,Chevrolet,貨物車(登録車),8,JADA,2026-06-24
10445,2022,8,Chrysler,乗用車(登録車),2,JADA,2026-06-24
10446,2022,8,Citroen,乗用車(登録車),227,JADA,2026-06-24
10447,2022,8,Dodge,乗用車(登録車),35,JADA,2026-06-24
10448,2022,8,Dodge,貨物車(登録車),2,JADA,2026-06-24
10449,2022,8,DS,乗用車(登録車),72,JADA,2026-06-24
10450,2022,8,Ferrari,乗用車(登録車),147,JADA,2026-06-24
10451,2022,8,Fiat,乗用車(登録車),190,JADA,2026-06-24
10452,2022,8,Ford,乗用車(登録車),25,JADA,2026-06-24
10453,2022,8,Ford,貨物車(登録車),13,JADA,2026-06-24
10454,2022,8,Hyundai,乗用車(登録車),76,JADA,2026-06-24
10455,2022,8,Jaguar,乗用車(登録車),37,JADA,2026-06-24
10456,2022,8,Jeep,乗用車(登録車),663,JADA,2026-06-24
10457,2022,8,Jeep,貨物車(登録車),13,JADA,2026-06-24
10458,2022,8,Lamborghini,乗用車(登録車),65,JADA,2026-06-24
10459,2022,8,Land Rover,乗用車(登録車),432,JADA,2026-06-24
10460,2022,8,Land Rover,貨物車(登録車),1,JADA,2026-06-24
10461,2022,8,Lotus,乗用車(登録車),5,JADA,2026-06-24
10462,2022,8,Maserati,乗用車(登録車),72,JADA,2026-06-24
10463,2022,8,ＭcＬaren,乗用車(登録車),15,JADA,2026-06-24
10464,2022,8,Mercedes-Benz,乗用車(登録車),3221,JADA,2026-06-24
10465,2022,8,Mercedes-Benz,貨物車(登録車),3,JADA,2026-06-24
10466,2022,8,Opel,乗用車(登録車),32,JADA,2026-06-24
10467,2022,8,Peugeot,乗用車(登録車),585,JADA,2026-06-24
10468,2022,8,Porsche,乗用車(登録車),399,JADA,2026-06-24
10469,2022,8,Renault,乗用車(登録車),721,JADA,2026-06-24
10470,2022,8,Roｌｌs Royce,乗用車(登録車),27,JADA,2026-06-24
10471,2022,8,Scania,貨物車(登録車),29,JADA,2026-06-24
10472,2022,8,Volvo,乗用車(登録車),1164,JADA,2026-06-24
10473,2022,8,Volvo,貨物車(登録車),45,JADA,2026-06-24
10474,2022,8,VW,乗用車(登録車),2498,JADA,2026-06-24
10475,2022,7,ダイハツ,乗用車(登録車),3741,JADA,2026-06-24
10476,2022,7,ダイハツ,貨物車(登録車),33,JADA,2026-06-24
10477,2022,7,ダイハツ,乗用車(軽),26743,JADA,2026-06-24
10478,2022,7,ダイハツ,貨物車(軽),16578,JADA,2026-06-24
10479,2022,7,日野,貨物車(登録車),3199,JADA,2026-06-24
10480,2022,7,ホンダ,乗用車(登録車),25339,JADA,2026-06-24
10481,2022,7,ホンダ,乗用車(軽),22658,JADA,2026-06-24
10482,2022,7,ホンダ,貨物車(軽),2500,JADA,2026-06-24
10483,2022,7,いすゞ,貨物車(登録車),3322,JADA,2026-06-24
10484,2022,7,レクサス,乗用車(登録車),3578,JADA,2026-06-24
10485,2022,7,マツダ,乗用車(登録車),12123,JADA,2026-06-24
10486,2022,7,マツダ,貨物車(登録車),400,JADA,2026-06-24
10487,2022,7,マツダ,乗用車(軽),1720,JADA,2026-06-24
10488,2022,7,マツダ,貨物車(軽),499,JADA,2026-06-24
10489,2022,7,三菱,乗用車(登録車),5255,JADA,2026-06-24
10490,2022,7,三菱,乗用車(軽),2658,JADA,2026-06-24
10491,2022,7,三菱,貨物車(軽),650,JADA,2026-06-24
10492,2022,7,三菱ふそう,貨物車(登録車),1936,JADA,2026-06-24
10493,2022,7,日産,乗用車(登録車),21665,JADA,2026-06-24
10494,2022,7,日産,貨物車(登録車),2787,JADA,2026-06-24
10495,2022,7,日産,乗用車(軽),13613,JADA,2026-06-24
10496,2022,7,日産,貨物車(軽),2553,JADA,2026-06-24
10497,2022,7,スバル,乗用車(登録車),9332,JADA,2026-06-24
10498,2022,7,スバル,乗用車(軽),802,JADA,2026-06-24
10499,2022,7,スバル,貨物車(軽),660,JADA,2026-06-24
10500,2022,7,スズキ,乗用車(登録車),7442,JADA,2026-06-24
10501,2022,7,スズキ,乗用車(軽),30432,JADA,2026-06-24
10502,2022,7,スズキ,貨物車(軽),9676,JADA,2026-06-24
10503,2022,7,トヨタ,乗用車(登録車),82524,JADA,2026-06-24
10504,2022,7,トヨタ,貨物車(登録車),14702,JADA,2026-06-24
10505,2022,7,トヨタ,乗用車(軽),2807,JADA,2026-06-24
10506,2022,7,トヨタ,貨物車(軽),644,JADA,2026-06-24
10507,2022,7,UDトラックス,貨物車(登録車),646,JADA,2026-06-24
10508,2022,7,ABARTH,乗用車(登録車),145,JADA,2026-06-24
10509,2022,7,Alfa Romeo,乗用車(登録車),72,JADA,2026-06-24
10510,2022,7,Aston Martin,乗用車(登録車),41,JADA,2026-06-24
10511,2022,7,Audi,乗用車(登録車),1402,JADA,2026-06-24
10512,2022,7,Bentley,乗用車(登録車),76,JADA,2026-06-24
10513,2022,7,BMW,乗用車(登録車),2285,JADA,2026-06-24
10514,2022,7,BMW Alpina,乗用車(登録車),32,JADA,2026-06-24
10515,2022,7,BMW MINI,乗用車(登録車),1046,JADA,2026-06-24
10516,2022,7,BYD,乗用車(登録車),5,JADA,2026-06-24
10517,2022,7,Cadillac,乗用車(登録車),65,JADA,2026-06-24
10518,2022,7,Chevrolet,乗用車(登録車),64,JADA,2026-06-24
10519,2022,7,Chevrolet,貨物車(登録車),5,JADA,2026-06-24
10520,2022,7,Citroen,乗用車(登録車),184,JADA,2026-06-24
10521,2022,7,Dodge,乗用車(登録車),38,JADA,2026-06-24
10522,2022,7,DS,乗用車(登録車),36,JADA,2026-06-24
10523,2022,7,Ferrari,乗用車(登録車),149,JADA,2026-06-24
10524,2022,7,Fiat,乗用車(登録車),305,JADA,2026-06-24
10525,2022,7,Ford,乗用車(登録車),23,JADA,2026-06-24
10526,2022,7,Ford,貨物車(登録車),8,JADA,2026-06-24
10527,2022,7,Hyundai,乗用車(登録車),60,JADA,2026-06-24
10528,2022,7,Jaguar,乗用車(登録車),31,JADA,2026-06-24
10529,2022,7,Jeep,乗用車(登録車),1020,JADA,2026-06-24
10530,2022,7,Jeep,貨物車(登録車),13,JADA,2026-06-24
10531,2022,7,Lamborghini,乗用車(登録車),70,JADA,2026-06-24
10532,2022,7,Land Rover,乗用車(登録車),182,JADA,2026-06-24
10533,2022,7,Land Rover,貨物車(登録車),1,JADA,2026-06-24
10534,2022,7,Lotus,乗用車(登録車),12,JADA,2026-06-24
10535,2022,7,Maserati,乗用車(登録車),50,JADA,2026-06-24
10536,2022,7,ＭcＬaren,乗用車(登録車),14,JADA,2026-06-24
10537,2022,7,Mercedes-Benz,乗用車(登録車),3325,JADA,2026-06-24
10538,2022,7,Mercedes-Benz,貨物車(登録車),1,JADA,2026-06-24
10539,2022,7,Peugeot,乗用車(登録車),705,JADA,2026-06-24
10540,2022,7,Porsche,乗用車(登録車),312,JADA,2026-06-24
10541,2022,7,Renault,乗用車(登録車),870,JADA,2026-06-24
10542,2022,7,Roｌｌs Royce,乗用車(登録車),17,JADA,2026-06-24
10543,2022,7,Scania,貨物車(登録車),43,JADA,2026-06-24
10544,2022,7,Volvo,乗用車(登録車),821,JADA,2026-06-24
10545,2022,7,Volvo,貨物車(登録車),28,JADA,2026-06-24
10546,2022,7,VW,乗用車(登録車),2231,JADA,2026-06-24
10547,2022,6,ダイハツ,乗用車(登録車),2471,JADA,2026-06-24
10548,2022,6,ダイハツ,貨物車(登録車),33,JADA,2026-06-24
10549,2022,6,ダイハツ,乗用車(軽),25678,JADA,2026-06-24
10550,2022,6,ダイハツ,貨物車(軽),13345,JADA,2026-06-24
10551,2022,6,日野,貨物車(登録車),3230,JADA,2026-06-24
10552,2022,6,ホンダ,乗用車(登録車),23497,JADA,2026-06-24
10553,2022,6,ホンダ,乗用車(軽),22041,JADA,2026-06-24
10554,2022,6,ホンダ,貨物車(軽),2875,JADA,2026-06-24
10555,2022,6,いすゞ,貨物車(登録車),2909,JADA,2026-06-24
10556,2022,6,レクサス,乗用車(登録車),3521,JADA,2026-06-24
10557,2022,6,マツダ,乗用車(登録車),8889,JADA,2026-06-24
10558,2022,6,マツダ,貨物車(登録車),417,JADA,2026-06-24
10559,2022,6,マツダ,乗用車(軽),1842,JADA,2026-06-24
10560,2022,6,マツダ,貨物車(軽),473,JADA,2026-06-24
10561,2022,6,三菱,乗用車(登録車),4309,JADA,2026-06-24
10562,2022,6,三菱,乗用車(軽),2865,JADA,2026-06-24
10563,2022,6,三菱,貨物車(軽),663,JADA,2026-06-24
10564,2022,6,三菱ふそう,貨物車(登録車),2034,JADA,2026-06-24
10565,2022,6,日産,乗用車(登録車),16635,JADA,2026-06-24
10566,2022,6,日産,貨物車(登録車),3267,JADA,2026-06-24
10567,2022,6,日産,乗用車(軽),11712,JADA,2026-06-24
10568,2022,6,日産,貨物車(軽),2819,JADA,2026-06-24
10569,2022,6,スバル,乗用車(登録車),6153,JADA,2026-06-24
10570,2022,6,スバル,乗用車(軽),809,JADA,2026-06-24
10571,2022,6,スバル,貨物車(軽),724,JADA,2026-06-24
10572,2022,6,スズキ,乗用車(登録車),8073,JADA,2026-06-24
10573,2022,6,スズキ,乗用車(軽),31183,JADA,2026-06-24
10574,2022,6,スズキ,貨物車(軽),10223,JADA,2026-06-24
10575,2022,6,トヨタ,乗用車(登録車),72458,JADA,2026-06-24
10576,2022,6,トヨタ,貨物車(登録車),14707,JADA,2026-06-24
10577,2022,6,トヨタ,乗用車(軽),2265,JADA,2026-06-24
10578,2022,6,トヨタ,貨物車(軽),847,JADA,2026-06-24
10579,2022,6,UDトラックス,貨物車(登録車),876,JADA,2026-06-24
10580,2022,6,ABARTH,乗用車(登録車),390,JADA,2026-06-24
10581,2022,6,Alfa Romeo,乗用車(登録車),200,JADA,2026-06-24
10582,2022,6,Aston Martin,乗用車(登録車),32,JADA,2026-06-24
10583,2022,6,Audi,乗用車(登録車),2238,JADA,2026-06-24
10584,2022,6,Bentley,乗用車(登録車),68,JADA,2026-06-24
10585,2022,6,BMW,乗用車(登録車),2982,JADA,2026-06-24
10586,2022,6,BMW Alpina,乗用車(登録車),26,JADA,2026-06-24
10587,2022,6,BMW MINI,乗用車(登録車),1540,JADA,2026-06-24
10588,2022,6,Bugatti,乗用車(登録車),1,JADA,2026-06-24
10589,2022,6,Cadillac,乗用車(登録車),74,JADA,2026-06-24
10590,2022,6,Chevrolet,乗用車(登録車),61,JADA,2026-06-24
10591,2022,6,Chevrolet,貨物車(登録車),9,JADA,2026-06-24
10592,2022,6,Chrysler,乗用車(登録車),1,JADA,2026-06-24
10593,2022,6,Citroen,乗用車(登録車),609,JADA,2026-06-24
10594,2022,6,Dodge,乗用車(登録車),36,JADA,2026-06-24
10595,2022,6,Dodge,貨物車(登録車),2,JADA,2026-06-24
10596,2022,6,DS,乗用車(登録車),71,JADA,2026-06-24
10597,2022,6,Ferrari,乗用車(登録車),143,JADA,2026-06-24
10598,2022,6,Fiat,乗用車(登録車),827,JADA,2026-06-24
10599,2022,6,Ford,乗用車(登録車),27,JADA,2026-06-24
10600,2022,6,Ford,貨物車(登録車),9,JADA,2026-06-24
10601,2022,6,Hyundai,乗用車(登録車),37,JADA,2026-06-24
10602,2022,6,Jaguar,乗用車(登録車),57,JADA,2026-06-24
10603,2022,6,Jeep,乗用車(登録車),1337,JADA,2026-06-24
10604,2022,6,Jeep,貨物車(登録車),47,JADA,2026-06-24
10605,2022,6,Lamborghini,乗用車(登録車),40,JADA,2026-06-24
10606,2022,6,Land Rover,乗用車(登録車),375,JADA,2026-06-24
10607,2022,6,Land Rover,貨物車(登録車),1,JADA,2026-06-24
10608,2022,6,Lotus,乗用車(登録車),9,JADA,2026-06-24
10609,2022,6,Maserati,乗用車(登録車),190,JADA,2026-06-24
10610,2022,6,ＭcＬaren,乗用車(登録車),17,JADA,2026-06-24
10611,2022,6,Mercedes-Benz,乗用車(登録車),4303,JADA,2026-06-24
10612,2022,6,Mercedes-Benz,貨物車(登録車),4,JADA,2026-06-24
10613,2022,6,Peugeot,乗用車(登録車),969,JADA,2026-06-24
10614,2022,6,Porsche,乗用車(登録車),776,JADA,2026-06-24
10615,2022,6,Renault,乗用車(登録車),867,JADA,2026-06-24
10616,2022,6,Roｌｌs Royce,乗用車(登録車),24,JADA,2026-06-24
10617,2022,6,Scania,貨物車(登録車),23,JADA,2026-06-24
10618,2022,6,Volvo,乗用車(登録車),1631,JADA,2026-06-24
10619,2022,6,Volvo,貨物車(登録車),35,JADA,2026-06-24
10620,2022,6,VW,乗用車(登録車),2818,JADA,2026-06-24
10621,2022,5,ダイハツ,乗用車(登録車),1795,JADA,2026-06-24
10622,2022,5,ダイハツ,貨物車(登録車),17,JADA,2026-06-24
10623,2022,5,ダイハツ,乗用車(軽),20283,JADA,2026-06-24
10624,2022,5,ダイハツ,貨物車(軽),11356,JADA,2026-06-24
10625,2022,5,日野,貨物車(登録車),2995,JADA,2026-06-24
10626,2022,5,ホンダ,乗用車(登録車),16873,JADA,2026-06-24
10627,2022,5,ホンダ,乗用車(軽),11948,JADA,2026-06-24
10628,2022,5,ホンダ,貨物車(軽),1720,JADA,2026-06-24
10629,2022,5,いすゞ,貨物車(登録車),2622,JADA,2026-06-24
10630,2022,5,レクサス,乗用車(登録車),3103,JADA,2026-06-24
10631,2022,5,マツダ,乗用車(登録車),2996,JADA,2026-06-24
10632,2022,5,マツダ,貨物車(登録車),336,JADA,2026-06-24
10633,2022,5,マツダ,乗用車(軽),1930,JADA,2026-06-24
10634,2022,5,マツダ,貨物車(軽),363,JADA,2026-06-24
10635,2022,5,三菱,乗用車(登録車),3369,JADA,2026-06-24
10636,2022,5,三菱,乗用車(軽),2226,JADA,2026-06-24
10637,2022,5,三菱,貨物車(軽),532,JADA,2026-06-24
10638,2022,5,三菱ふそう,貨物車(登録車),1812,JADA,2026-06-24
10639,2022,5,日産,乗用車(登録車),12870,JADA,2026-06-24
10640,2022,5,日産,貨物車(登録車),3073,JADA,2026-06-24
10641,2022,5,日産,乗用車(軽),8754,JADA,2026-06-24
10642,2022,5,日産,貨物車(軽),2271,JADA,2026-06-24
10643,2022,5,スバル,乗用車(登録車),3480,JADA,2026-06-24
10644,2022,5,スバル,乗用車(軽),752,JADA,2026-06-24
10645,2022,5,スバル,貨物車(軽),574,JADA,2026-06-24
10646,2022,5,スズキ,乗用車(登録車),6741,JADA,2026-06-24
10647,2022,5,スズキ,乗用車(軽),27982,JADA,2026-06-24
10648,2022,5,スズキ,貨物車(軽),7170,JADA,2026-06-24
10649,2022,5,トヨタ,乗用車(登録車),68068,JADA,2026-06-24
10650,2022,5,トヨタ,貨物車(登録車),12992,JADA,2026-06-24
10651,2022,5,トヨタ,乗用車(軽),1574,JADA,2026-06-24
10652,2022,5,トヨタ,貨物車(軽),642,JADA,2026-06-24
10653,2022,5,UDトラックス,貨物車(登録車),695,JADA,2026-06-24
10654,2022,5,ABARTH,乗用車(登録車),214,JADA,2026-06-24
10655,2022,5,Alfa Romeo,乗用車(登録車),122,JADA,2026-06-24
10656,2022,5,Aston Martin,乗用車(登録車),27,JADA,2026-06-24
10657,2022,5,Audi,乗用車(登録車),1846,JADA,2026-06-24
10658,2022,5,Bentley,乗用車(登録車),52,JADA,2026-06-24
10659,2022,5,BMW,乗用車(登録車),1958,JADA,2026-06-24
10660,2022,5,BMW Alpina,乗用車(登録車),18,JADA,2026-06-24
10661,2022,5,BMW MINI,乗用車(登録車),1375,JADA,2026-06-24
10662,2022,5,Cadillac,乗用車(登録車),82,JADA,2026-06-24
10663,2022,5,Chevrolet,乗用車(登録車),34,JADA,2026-06-24
10664,2022,5,Chevrolet,貨物車(登録車),5,JADA,2026-06-24
10665,2022,5,Chrysler,乗用車(登録車),4,JADA,2026-06-24
10666,2022,5,Citroen,乗用車(登録車),293,JADA,2026-06-24
10667,2022,5,Dodge,乗用車(登録車),32,JADA,2026-06-24
10668,2022,5,DS,乗用車(登録車),50,JADA,2026-06-24
10669,2022,5,Ferrari,乗用車(登録車),109,JADA,2026-06-24
10670,2022,5,Fiat,乗用車(登録車),438,JADA,2026-06-24
10671,2022,5,Ford,乗用車(登録車),29,JADA,2026-06-24
10672,2022,5,Ford,貨物車(登録車),4,JADA,2026-06-24
10673,2022,5,Hyundai,乗用車(登録車),7,JADA,2026-06-24
10674,2022,5,Jaguar,乗用車(登録車),63,JADA,2026-06-24
10675,2022,5,Jeep,乗用車(登録車),756,JADA,2026-06-24
10676,2022,5,Jeep,貨物車(登録車),90,JADA,2026-06-24
10677,2022,5,Lamborghini,乗用車(登録車),44,JADA,2026-06-24
10678,2022,5,Land Rover,乗用車(登録車),352,JADA,2026-06-24
10679,2022,5,Land Rover,貨物車(登録車),1,JADA,2026-06-24
10680,2022,5,Lotus,乗用車(登録車),16,JADA,2026-06-24
10681,2022,5,Maserati,乗用車(登録車),81,JADA,2026-06-24
10682,2022,5,ＭcＬaren,乗用車(登録車),4,JADA,2026-06-24
10683,2022,5,Mercedes-Benz,乗用車(登録車),3820,JADA,2026-06-24
10684,2022,5,Mercedes-Benz,貨物車(登録車),2,JADA,2026-06-24
10685,2022,5,Peugeot,乗用車(登録車),260,JADA,2026-06-24
10686,2022,5,Porsche,乗用車(登録車),693,JADA,2026-06-24
10687,2022,5,Renault,乗用車(登録車),618,JADA,2026-06-24
10688,2022,5,Renault,貨物車(登録車),1,JADA,2026-06-24
10689,2022,5,Roｌｌs Royce,乗用車(登録車),33,JADA,2026-06-24
10690,2022,5,Scania,貨物車(登録車),22,JADA,2026-06-24
10691,2022,5,Volvo,乗用車(登録車),1168,JADA,2026-06-24
10692,2022,5,Volvo,貨物車(登録車),43,JADA,2026-06-24
10693,2022,5,VW,乗用車(登録車),2481,JADA,2026-06-24
10694,2022,4,ダイハツ,乗用車(登録車),2598,JADA,2026-06-24
10695,2022,4,ダイハツ,貨物車(登録車),20,JADA,2026-06-24
10696,2022,4,ダイハツ,乗用車(軽),27817,JADA,2026-06-24
10697,2022,4,ダイハツ,貨物車(軽),14657,JADA,2026-06-24
10698,2022,4,日野,貨物車(登録車),3267,JADA,2026-06-24
10699,2022,4,ホンダ,乗用車(登録車),14871,JADA,2026-06-24
10700,2022,4,ホンダ,乗用車(軽),19778,JADA,2026-06-24
10701,2022,4,ホンダ,貨物車(軽),2776,JADA,2026-06-24
10702,2022,4,いすゞ,貨物車(登録車),2477,JADA,2026-06-24
10703,2022,4,レクサス,乗用車(登録車),3071,JADA,2026-06-24
10704,2022,4,マツダ,乗用車(登録車),5222,JADA,2026-06-24
10705,2022,4,マツダ,貨物車(登録車),309,JADA,2026-06-24
10706,2022,4,マツダ,乗用車(軽),1810,JADA,2026-06-24
10707,2022,4,マツダ,貨物車(軽),422,JADA,2026-06-24
10708,2022,4,三菱,乗用車(登録車),2089,JADA,2026-06-24
10709,2022,4,三菱,乗用車(軽),1976,JADA,2026-06-24
10710,2022,4,三菱,貨物車(軽),448,JADA,2026-06-24
10711,2022,4,三菱ふそう,貨物車(登録車),1842,JADA,2026-06-24
10712,2022,4,日産,乗用車(登録車),14999,JADA,2026-06-24
10713,2022,4,日産,貨物車(登録車),2508,JADA,2026-06-24
10714,2022,4,日産,乗用車(軽),8431,JADA,2026-06-24
10715,2022,4,日産,貨物車(軽),2050,JADA,2026-06-24
10716,2022,4,スバル,乗用車(登録車),5736,JADA,2026-06-24
10717,2022,4,スバル,乗用車(軽),860,JADA,2026-06-24
10718,2022,4,スバル,貨物車(軽),730,JADA,2026-06-24
10719,2022,4,スズキ,乗用車(登録車),5942,JADA,2026-06-24
10720,2022,4,スズキ,乗用車(軽),28214,JADA,2026-06-24
10721,2022,4,スズキ,貨物車(軽),7927,JADA,2026-06-24
10722,2022,4,トヨタ,乗用車(登録車),83191,JADA,2026-06-24
10723,2022,4,トヨタ,貨物車(登録車),13710,JADA,2026-06-24
10724,2022,4,トヨタ,乗用車(軽),1892,JADA,2026-06-24
10725,2022,4,トヨタ,貨物車(軽),1066,JADA,2026-06-24
10726,2022,4,UDトラックス,貨物車(登録車),710,JADA,2026-06-24
10727,2022,4,ABARTH,乗用車(登録車),195,JADA,2026-06-24
10728,2022,4,Alfa Romeo,乗用車(登録車),133,JADA,2026-06-24
10729,2022,4,Aston Martin,乗用車(登録車),44,JADA,2026-06-24
10730,2022,4,Audi,乗用車(登録車),1405,JADA,2026-06-24
10731,2022,4,Bentley,乗用車(登録車),43,JADA,2026-06-24
10732,2022,4,BMW,乗用車(登録車),1530,JADA,2026-06-24
10733,2022,4,BMW Alpina,乗用車(登録車),20,JADA,2026-06-24
10734,2022,4,BMW MINI,乗用車(登録車),1366,JADA,2026-06-24
10735,2022,4,Bugatti,乗用車(登録車),1,JADA,2026-06-24
10736,2022,4,Cadillac,乗用車(登録車),56,JADA,2026-06-24
10737,2022,4,Chevrolet,乗用車(登録車),53,JADA,2026-06-24
10738,2022,4,Chevrolet,貨物車(登録車),5,JADA,2026-06-24
10739,2022,4,Chrysler,乗用車(登録車),3,JADA,2026-06-24
10740,2022,4,Citroen,乗用車(登録車),401,JADA,2026-06-24
10741,2022,4,Dodge,乗用車(登録車),60,JADA,2026-06-24
10742,2022,4,Dodge,貨物車(登録車),2,JADA,2026-06-24
10743,2022,4,DS,乗用車(登録車),80,JADA,2026-06-24
10744,2022,4,Ferrari,乗用車(登録車),150,JADA,2026-06-24
10745,2022,4,Fiat,乗用車(登録車),334,JADA,2026-06-24
10746,2022,4,Ford,乗用車(登録車),38,JADA,2026-06-24
10747,2022,4,Ford,貨物車(登録車),9,JADA,2026-06-24
10748,2022,4,Hyundai,乗用車(登録車),4,JADA,2026-06-24
10749,2022,4,Jaguar,乗用車(登録車),57,JADA,2026-06-24
10750,2022,4,Jeep,乗用車(登録車),858,JADA,2026-06-24
10751,2022,4,Jeep,貨物車(登録車),2,JADA,2026-06-24
10752,2022,4,Lamborghini,乗用車(登録車),36,JADA,2026-06-24
10753,2022,4,Land Rover,乗用車(登録車),255,JADA,2026-06-24
10754,2022,4,Land Rover,貨物車(登録車),1,JADA,2026-06-24
10755,2022,4,Lotus,乗用車(登録車),30,JADA,2026-06-24
10756,2022,4,Maserati,乗用車(登録車),65,JADA,2026-06-24
10757,2022,4,ＭcＬaren,乗用車(登録車),10,JADA,2026-06-24
10758,2022,4,Mercedes-Benz,乗用車(登録車),3441,JADA,2026-06-24
10759,2022,4,Mercedes-Benz,貨物車(登録車),3,JADA,2026-06-24
10760,2022,4,Peugeot,乗用車(登録車),750,JADA,2026-06-24
10761,2022,4,Porsche,乗用車(登録車),498,JADA,2026-06-24
10762,2022,4,Renault,乗用車(登録車),360,JADA,2026-06-24
10763,2022,4,Roｌｌs Royce,乗用車(登録車),16,JADA,2026-06-24
10764,2022,4,Scania,貨物車(登録車),20,JADA,2026-06-24
10765,2022,4,Volvo,乗用車(登録車),1473,JADA,2026-06-24
10766,2022,4,Volvo,貨物車(登録車),23,JADA,2026-06-24
10767,2022,4,VW,乗用車(登録車),1978,JADA,2026-06-24
10768,2022,3,ダイハツ,乗用車(登録車),4219,JADA,2026-06-24
10769,2022,3,ダイハツ,貨物車(登録車),35,JADA,2026-06-24
10770,2022,3,ダイハツ,乗用車(軽),35971,JADA,2026-06-24
10771,2022,3,ダイハツ,貨物車(軽),16568,JADA,2026-06-24
10772,2022,3,日野,貨物車(登録車),6729,JADA,2026-06-24
10773,2022,3,ホンダ,乗用車(登録車),34279,JADA,2026-06-24
10774,2022,3,ホンダ,乗用車(軽),34972,JADA,2026-06-24
10775,2022,3,ホンダ,貨物車(軽),4250,JADA,2026-06-24
10776,2022,3,いすゞ,貨物車(登録車),4470,JADA,2026-06-24
10777,2022,3,レクサス,乗用車(登録車),4044,JADA,2026-06-24
10778,2022,3,マツダ,乗用車(登録車),18514,JADA,2026-06-24
10779,2022,3,マツダ,貨物車(登録車),593,JADA,2026-06-24
10780,2022,3,マツダ,乗用車(軽),2658,JADA,2026-06-24
10781,2022,3,マツダ,貨物車(軽),878,JADA,2026-06-24
10782,2022,3,三菱,乗用車(登録車),6463,JADA,2026-06-24
10783,2022,3,三菱,乗用車(軽),3981,JADA,2026-06-24
10784,2022,3,三菱,貨物車(軽),1266,JADA,2026-06-24
10785,2022,3,三菱ふそう,貨物車(登録車),2626,JADA,2026-06-24
10786,2022,3,日産,乗用車(登録車),33142,JADA,2026-06-24
10787,2022,3,日産,貨物車(登録車),5090,JADA,2026-06-24
10788,2022,3,日産,乗用車(軽),20999,JADA,2026-06-24
10789,2022,3,日産,貨物車(軽),5068,JADA,2026-06-24
10790,2022,3,スバル,乗用車(登録車),11387,JADA,2026-06-24
10791,2022,3,スバル,乗用車(軽),1156,JADA,2026-06-24
10792,2022,3,スバル,貨物車(軽),928,JADA,2026-06-24
10793,2022,3,スズキ,乗用車(登録車),10968,JADA,2026-06-24
10794,2022,3,スズキ,乗用車(軽),40187,JADA,2026-06-24
10795,2022,3,スズキ,貨物車(軽),13517,JADA,2026-06-24
10796,2022,3,トヨタ,乗用車(登録車),135231,JADA,2026-06-24
10797,2022,3,トヨタ,貨物車(登録車),20975,JADA,2026-06-24
10798,2022,3,トヨタ,乗用車(軽),1923,JADA,2026-06-24
10799,2022,3,トヨタ,貨物車(軽),1245,JADA,2026-06-24
10800,2022,3,UDトラックス,貨物車(登録車),1107,JADA,2026-06-24
10801,2022,3,ABARTH,乗用車(登録車),463,JADA,2026-06-24
10802,2022,3,Alfa Romeo,乗用車(登録車),228,JADA,2026-06-24
10803,2022,3,Aston Martin,乗用車(登録車),46,JADA,2026-06-24
10804,2022,3,Audi,乗用車(登録車),1588,JADA,2026-06-24
10805,2022,3,Bentley,乗用車(登録車),45,JADA,2026-06-24
10806,2022,3,BMW,乗用車(登録車),3419,JADA,2026-06-24
10807,2022,3,BMW Alpina,乗用車(登録車),34,JADA,2026-06-24
10808,2022,3,BMW MINI,乗用車(登録車),2589,JADA,2026-06-24
10809,2022,3,Bugatti,乗用車(登録車),1,JADA,2026-06-24
10810,2022,3,Cadillac,乗用車(登録車),137,JADA,2026-06-24
10811,2022,3,Chevrolet,乗用車(登録車),70,JADA,2026-06-24
10812,2022,3,Chevrolet,貨物車(登録車),11,JADA,2026-06-24
10813,2022,3,Chrysler,乗用車(登録車),3,JADA,2026-06-24
10814,2022,3,Citroen,乗用車(登録車),597,JADA,2026-06-24
10815,2022,3,Dodge,乗用車(登録車),55,JADA,2026-06-24
10816,2022,3,DS,乗用車(登録車),62,JADA,2026-06-24
10817,2022,3,Ferrari,乗用車(登録車),163,JADA,2026-06-24
10818,2022,3,Fiat,乗用車(登録車),799,JADA,2026-06-24
10819,2022,3,Ford,乗用車(登録車),36,JADA,2026-06-24
10820,2022,3,Ford,貨物車(登録車),11,JADA,2026-06-24
10821,2022,3,Jaguar,乗用車(登録車),149,JADA,2026-06-24
10822,2022,3,Jeep,乗用車(登録車),676,JADA,2026-06-24
10823,2022,3,Jeep,貨物車(登録車),3,JADA,2026-06-24
10824,2022,3,Lamborghini,乗用車(登録車),76,JADA,2026-06-24
10825,2022,3,Land Rover,乗用車(登録車),464,JADA,2026-06-24
10826,2022,3,Land Rover,貨物車(登録車),2,JADA,2026-06-24
10827,2022,3,Lotus,乗用車(登録車),32,JADA,2026-06-24
10828,2022,3,Maserati,乗用車(登録車),164,JADA,2026-06-24
10829,2022,3,ＭcＬaren,乗用車(登録車),13,JADA,2026-06-24
10830,2022,3,Mercedes-Benz,乗用車(登録車),5568,JADA,2026-06-24
10831,2022,3,Mercedes-Benz,貨物車(登録車),3,JADA,2026-06-24
10832,2022,3,Peugeot,乗用車(登録車),784,JADA,2026-06-24
10833,2022,3,Porsche,乗用車(登録車),824,JADA,2026-06-24
10834,2022,3,Renault,乗用車(登録車),962,JADA,2026-06-24
10835,2022,3,Roｌｌs Royce,乗用車(登録車),23,JADA,2026-06-24
10836,2022,3,Scania,貨物車(登録車),40,JADA,2026-06-24
10837,2022,3,Volvo,乗用車(登録車),1889,JADA,2026-06-24
10838,2022,3,Volvo,貨物車(登録車),52,JADA,2026-06-24
10839,2022,3,VW,乗用車(登録車),3099,JADA,2026-06-24
10840,2022,3,VW,貨物車(登録車),1,JADA,2026-06-24
10841,2022,2,ダイハツ,乗用車(登録車),3187,JADA,2026-06-24
10842,2022,2,ダイハツ,貨物車(登録車),18,JADA,2026-06-24
10843,2022,2,ダイハツ,乗用車(軽),28451,JADA,2026-06-24
10844,2022,2,ダイハツ,貨物車(軽),16405,JADA,2026-06-24
10845,2022,2,日野,貨物車(登録車),4602,JADA,2026-06-24
10846,2022,2,ホンダ,乗用車(登録車),23270,JADA,2026-06-24
10847,2022,2,ホンダ,乗用車(軽),26642,JADA,2026-06-24
10848,2022,2,ホンダ,貨物車(軽),3163,JADA,2026-06-24
10849,2022,2,いすゞ,貨物車(登録車),3088,JADA,2026-06-24
10850,2022,2,レクサス,乗用車(登録車),2844,JADA,2026-06-24
10851,2022,2,マツダ,乗用車(登録車),15968,JADA,2026-06-24
10852,2022,2,マツダ,貨物車(登録車),347,JADA,2026-06-24
10853,2022,2,マツダ,乗用車(軽),1672,JADA,2026-06-24
10854,2022,2,マツダ,貨物車(軽),546,JADA,2026-06-24
10855,2022,2,三菱,乗用車(登録車),4456,JADA,2026-06-24
10856,2022,2,三菱,貨物車(登録車),1,JADA,2026-06-24
10857,2022,2,三菱,乗用車(軽),2585,JADA,2026-06-24
10858,2022,2,三菱,貨物車(軽),799,JADA,2026-06-24
10859,2022,2,三菱ふそう,貨物車(登録車),2167,JADA,2026-06-24
10860,2022,2,日産,乗用車(登録車),23157,JADA,2026-06-24
10861,2022,2,日産,貨物車(登録車),3622,JADA,2026-06-24
10862,2022,2,日産,乗用車(軽),13464,JADA,2026-06-24
10863,2022,2,日産,貨物車(軽),3408,JADA,2026-06-24
10864,2022,2,スバル,乗用車(登録車),4591,JADA,2026-06-24
10865,2022,2,スバル,乗用車(軽),822,JADA,2026-06-24
10866,2022,2,スバル,貨物車(軽),817,JADA,2026-06-24
10867,2022,2,スズキ,乗用車(登録車),7562,JADA,2026-06-24
10868,2022,2,スズキ,乗用車(軽),30124,JADA,2026-06-24
10869,2022,2,スズキ,貨物車(軽),9495,JADA,2026-06-24
10870,2022,2,トヨタ,乗用車(登録車),82133,JADA,2026-06-24
10871,2022,2,トヨタ,貨物車(登録車),13943,JADA,2026-06-24
10872,2022,2,トヨタ,乗用車(軽),1356,JADA,2026-06-24
10873,2022,2,トヨタ,貨物車(軽),1217,JADA,2026-06-24
10874,2022,2,UDトラックス,貨物車(登録車),637,JADA,2026-06-24
10875,2022,2,ABARTH,乗用車(登録車),222,JADA,2026-06-24
10876,2022,2,Alfa Romeo,乗用車(登録車),126,JADA,2026-06-24
10877,2022,2,Aston Martin,乗用車(登録車),17,JADA,2026-06-24
10878,2022,2,Audi,乗用車(登録車),1568,JADA,2026-06-24
10879,2022,2,Bentley,乗用車(登録車),31,JADA,2026-06-24
10880,2022,2,BMW,乗用車(登録車),2359,JADA,2026-06-24
10881,2022,2,BMW Alpina,乗用車(登録車),39,JADA,2026-06-24
10882,2022,2,BMW MINI,乗用車(登録車),1438,JADA,2026-06-24
10883,2022,2,Cadillac,乗用車(登録車),42,JADA,2026-06-24
10884,2022,2,Chevrolet,乗用車(登録車),59,JADA,2026-06-24
10885,2022,2,Chevrolet,貨物車(登録車),6,JADA,2026-06-24
10886,2022,2,Chrysler,乗用車(登録車),2,JADA,2026-06-24
10887,2022,2,Citroen,乗用車(登録車),400,JADA,2026-06-24
10888,2022,2,Dodge,乗用車(登録車),44,JADA,2026-06-24
10889,2022,2,Dodge,貨物車(登録車),1,JADA,2026-06-24
10890,2022,2,DS,乗用車(登録車),52,JADA,2026-06-24
10891,2022,2,Ferrari,乗用車(登録車),79,JADA,2026-06-24
10892,2022,2,Fiat,乗用車(登録車),585,JADA,2026-06-24
10893,2022,2,Ford,乗用車(登録車),38,JADA,2026-06-24
10894,2022,2,Ford,貨物車(登録車),9,JADA,2026-06-24
10895,2022,2,Hyundai,乗用車(登録車),14,JADA,2026-06-24
10896,2022,2,Jaguar,乗用車(登録車),115,JADA,2026-06-24
10897,2022,2,Jeep,乗用車(登録車),679,JADA,2026-06-24
10898,2022,2,Jeep,貨物車(登録車),2,JADA,2026-06-24
10899,2022,2,Lamborghini,乗用車(登録車),50,JADA,2026-06-24
10900,2022,2,Land Rover,乗用車(登録車),468,JADA,2026-06-24
10901,2022,2,Lotus,乗用車(登録車),32,JADA,2026-06-24
10902,2022,2,Maserati,乗用車(登録車),65,JADA,2026-06-24
10903,2022,2,ＭcＬaren,乗用車(登録車),8,JADA,2026-06-24
10904,2022,2,Mercedes-Benz,乗用車(登録車),3459,JADA,2026-06-24
10905,2022,2,Mercedes-Benz,貨物車(登録車),2,JADA,2026-06-24
10906,2022,2,Peugeot,乗用車(登録車),639,JADA,2026-06-24
10907,2022,2,Porsche,乗用車(登録車),681,JADA,2026-06-24
10908,2022,2,Renault,乗用車(登録車),682,JADA,2026-06-24
10909,2022,2,Renault,貨物車(登録車),1,JADA,2026-06-24
10910,2022,2,Roｌｌs Royce,乗用車(登録車),20,JADA,2026-06-24
10911,2022,2,Scania,貨物車(登録車),13,JADA,2026-06-24
10912,2022,2,smart,乗用車(登録車),1,JADA,2026-06-24
10913,2022,2,Volvo,乗用車(登録車),1011,JADA,2026-06-24
10914,2022,2,Volvo,貨物車(登録車),35,JADA,2026-06-24
10915,2022,2,VW,乗用車(登録車),2304,JADA,2026-06-24
10916,2022,1,ダイハツ,乗用車(登録車),3183,JADA,2026-06-24
10917,2022,1,ダイハツ,貨物車(登録車),21,JADA,2026-06-24
10918,2022,1,ダイハツ,乗用車(軽),28084,JADA,2026-06-24
10919,2022,1,ダイハツ,貨物車(軽),13211,JADA,2026-06-24
10920,2022,1,日野,貨物車(登録車),3823,JADA,2026-06-24
10921,2022,1,ホンダ,乗用車(登録車),20621,JADA,2026-06-24
10922,2022,1,ホンダ,乗用車(軽),24265,JADA,2026-06-24
10923,2022,1,ホンダ,貨物車(軽),2912,JADA,2026-06-24
10924,2022,1,いすゞ,貨物車(登録車),2711,JADA,2026-06-24
10925,2022,1,レクサス,乗用車(登録車),4750,JADA,2026-06-24
10926,2022,1,マツダ,乗用車(登録車),10169,JADA,2026-06-24
10927,2022,1,マツダ,貨物車(登録車),305,JADA,2026-06-24
10928,2022,1,マツダ,乗用車(軽),1769,JADA,2026-06-24
10929,2022,1,マツダ,貨物車(軽),639,JADA,2026-06-24
10930,2022,1,三菱,乗用車(登録車),4663,JADA,2026-06-24
10931,2022,1,三菱,乗用車(軽),1856,JADA,2026-06-24
10932,2022,1,三菱,貨物車(軽),631,JADA,2026-06-24
10933,2022,1,三菱ふそう,貨物車(登録車),1865,JADA,2026-06-24
10934,2022,1,日産,乗用車(登録車),19551,JADA,2026-06-24
10935,2022,1,日産,貨物車(登録車),3157,JADA,2026-06-24
10936,2022,1,日産,乗用車(軽),5590,JADA,2026-06-24
10937,2022,1,日産,貨物車(軽),2864,JADA,2026-06-24
10938,2022,1,スバル,乗用車(登録車),5000,JADA,2026-06-24
10939,2022,1,スバル,乗用車(軽),723,JADA,2026-06-24
10940,2022,1,スバル,貨物車(軽),766,JADA,2026-06-24
10941,2022,1,スズキ,乗用車(登録車),8119,JADA,2026-06-24
10942,2022,1,スズキ,乗用車(軽),26509,JADA,2026-06-24
10943,2022,1,スズキ,貨物車(軽),10256,JADA,2026-06-24
10944,2022,1,トヨタ,乗用車(登録車),90549,JADA,2026-06-24
10945,2022,1,トヨタ,貨物車(登録車),12328,JADA,2026-06-24
10946,2022,1,トヨタ,乗用車(軽),1720,JADA,2026-06-24
10947,2022,1,トヨタ,貨物車(軽),778,JADA,2026-06-24
10948,2022,1,UDトラックス,貨物車(登録車),462,JADA,2026-06-24
10949,2022,1,ABARTH,乗用車(登録車),140,JADA,2026-06-24
10950,2022,1,Alfa Romeo,乗用車(登録車),116,JADA,2026-06-24
10951,2022,1,Aston Martin,乗用車(登録車),26,JADA,2026-06-24
10952,2022,1,Audi,乗用車(登録車),1260,JADA,2026-06-24
10953,2022,1,Bentley,乗用車(登録車),35,JADA,2026-06-24
10954,2022,1,BMW,乗用車(登録車),1801,JADA,2026-06-24
10955,2022,1,BMW Alpina,乗用車(登録車),5,JADA,2026-06-24
10956,2022,1,BMW MINI,乗用車(登録車),1026,JADA,2026-06-24
10957,2022,1,Cadillac,乗用車(登録車),34,JADA,2026-06-24
10958,2022,1,Cadillac,貨物車(登録車),1,JADA,2026-06-24
10959,2022,1,Chevrolet,乗用車(登録車),26,JADA,2026-06-24
10960,2022,1,Chevrolet,貨物車(登録車),8,JADA,2026-06-24
10961,2022,1,Chrysler,乗用車(登録車),1,JADA,2026-06-24
10962,2022,1,Citroen,乗用車(登録車),410,JADA,2026-06-24
10963,2022,1,Dodge,乗用車(登録車),23,JADA,2026-06-24
10964,2022,1,Dodge,貨物車(登録車),1,JADA,2026-06-24
10965,2022,1,DS,乗用車(登録車),33,JADA,2026-06-24
10966,2022,1,Ferrari,乗用車(登録車),88,JADA,2026-06-24
10967,2022,1,Fiat,乗用車(登録車),491,JADA,2026-06-24
10968,2022,1,Fiat,貨物車(登録車),2,JADA,2026-06-24
10969,2022,1,Ford,乗用車(登録車),22,JADA,2026-06-24
10970,2022,1,Ford,貨物車(登録車),6,JADA,2026-06-24
10971,2022,1,Hyundai,乗用車(登録車),18,JADA,2026-06-24
10972,2022,1,Jaguar,乗用車(登録車),127,JADA,2026-06-24
10973,2022,1,Jeep,乗用車(登録車),644,JADA,2026-06-24
10974,2022,1,Jeep,貨物車(登録車),1,JADA,2026-06-24
10975,2022,1,Lamborghini,乗用車(登録車),40,JADA,2026-06-24
10976,2022,1,Land Rover,乗用車(登録車),335,JADA,2026-06-24
10977,2022,1,Lotus,乗用車(登録車),30,JADA,2026-06-24
10978,2022,1,Maserati,乗用車(登録車),78,JADA,2026-06-24
10979,2022,1,ＭcＬaren,乗用車(登録車),10,JADA,2026-06-24
10980,2022,1,Mercedes-Benz,乗用車(登録車),3760,JADA,2026-06-24
10981,2022,1,Mercedes-Benz,貨物車(登録車),2,JADA,2026-06-24
10982,2022,1,Peugeot,乗用車(登録車),648,JADA,2026-06-24
10983,2022,1,Porsche,乗用車(登録車),596,JADA,2026-06-24
10984,2022,1,Renault,乗用車(登録車),536,JADA,2026-06-24
10985,2022,1,Roｌｌs Royce,乗用車(登録車),18,JADA,2026-06-24
10986,2022,1,Scania,貨物車(登録車),19,JADA,2026-06-24
10987,2022,1,Volvo,乗用車(登録車),864,JADA,2026-06-24
10988,2022,1,Volvo,貨物車(登録車),22,JADA,2026-06-24
10989,2022,1,VW,乗用車(登録車),2053,JADA,2026-06-24
10990,2022,1,VW,貨物車(登録車),1,JADA,2026-06-24
10991,2023,12,ダイハツ,乗用車(登録車),1785,JADA,2026-06-24
10992,2023,12,ダイハツ,貨物車(登録車),64,JADA,2026-06-24
10993,2023,12,ダイハツ,乗用車(軽),27764,JADA,2026-06-24
10994,2023,12,ダイハツ,貨物車(軽),13303,JADA,2026-06-24
10995,2023,12,日野,貨物車(登録車),2811,JADA,2026-06-24
10996,2023,12,ホンダ,乗用車(登録車),27778,JADA,2026-06-24
10997,2023,12,ホンダ,乗用車(軽),23678,JADA,2026-06-24
10998,2023,12,ホンダ,貨物車(軽),2509,JADA,2026-06-24
10999,2023,12,いすゞ,貨物車(登録車),5052,JADA,2026-06-24
11000,2023,12,レクサス,乗用車(登録車),5024,JADA,2026-06-24
11001,2023,12,マツダ,乗用車(登録車),8337,JADA,2026-06-24
11002,2023,12,マツダ,貨物車(登録車),387,JADA,2026-06-24
11003,2023,12,マツダ,乗用車(軽),1387,JADA,2026-06-24
11004,2023,12,マツダ,貨物車(軽),485,JADA,2026-06-24
11005,2023,12,三菱,乗用車(登録車),3063,JADA,2026-06-24
11006,2023,12,三菱,乗用車(軽),4981,JADA,2026-06-24
11007,2023,12,三菱,貨物車(軽),682,JADA,2026-06-24
11008,2023,12,三菱ふそう,貨物車(登録車),3798,JADA,2026-06-24
11009,2023,12,日産,乗用車(登録車),16643,JADA,2026-06-24
11010,2023,12,日産,貨物車(登録車),2950,JADA,2026-06-24
11011,2023,12,日産,乗用車(軽),11794,JADA,2026-06-24
11012,2023,12,日産,貨物車(軽),2361,JADA,2026-06-24
11013,2023,12,スバル,乗用車(登録車),9729,JADA,2026-06-24
11014,2023,12,スバル,乗用車(軽),658,JADA,2026-06-24
11015,2023,12,スバル,貨物車(軽),478,JADA,2026-06-24
11016,2023,12,スズキ,乗用車(登録車),8607,JADA,2026-06-24
11017,2023,12,スズキ,乗用車(軽),29796,JADA,2026-06-24
11018,2023,12,スズキ,貨物車(軽),8382,JADA,2026-06-24
11019,2023,12,トヨタ,乗用車(登録車),92807,JADA,2026-06-24
11020,2023,12,トヨタ,貨物車(登録車),14717,JADA,2026-06-24
11021,2023,12,トヨタ,乗用車(軽),879,JADA,2026-06-24
11022,2023,12,トヨタ,貨物車(軽),1347,JADA,2026-06-24
11023,2023,12,UDトラックス,貨物車(登録車),856,JADA,2026-06-24
11024,2023,12,ABARTH,乗用車(登録車),153,JADA,2026-06-24
11025,2023,12,Alfa Romeo,乗用車(登録車),134,JADA,2026-06-24
11026,2023,12,Aston Martin,乗用車(登録車),46,JADA,2026-06-24
11027,2023,12,Audi,乗用車(登録車),3078,JADA,2026-06-24
11028,2023,12,Bentley,乗用車(登録車),121,JADA,2026-06-24
11029,2023,12,BMW,乗用車(登録車),4531,JADA,2026-06-24
11030,2023,12,BMW Alpina,乗用車(登録車),39,JADA,2026-06-24
11031,2023,12,BMW MINI,乗用車(登録車),1836,JADA,2026-06-24
11032,2023,12,BYD,乗用車(登録車),263,JADA,2026-06-24
11033,2023,12,Cadillac,乗用車(登録車),57,JADA,2026-06-24
11034,2023,12,Chevrolet,乗用車(登録車),51,JADA,2026-06-24
11035,2023,12,Chevrolet,貨物車(登録車),3,JADA,2026-06-24
11036,2023,12,Chrysler,乗用車(登録車),1,JADA,2026-06-24
11037,2023,12,Citroen,乗用車(登録車),308,JADA,2026-06-24
11038,2023,12,Dodge,乗用車(登録車),7,JADA,2026-06-24
11039,2023,12,DS,乗用車(登録車),68,JADA,2026-06-24
11040,2023,12,Ferrari,乗用車(登録車),102,JADA,2026-06-24
11041,2023,12,Fiat,乗用車(登録車),555,JADA,2026-06-24
11042,2023,12,Fiat,貨物車(登録車),12,JADA,2026-06-24
11043,2023,12,Ford,乗用車(登録車),13,JADA,2026-06-24
11044,2023,12,Ford,貨物車(登録車),5,JADA,2026-06-24
11045,2023,12,Hyundai,乗用車(登録車),70,JADA,2026-06-24
11046,2023,12,Jaguar,乗用車(登録車),70,JADA,2026-06-24
11047,2023,12,Jeep,乗用車(登録車),941,JADA,2026-06-24
11048,2023,12,Jeep,貨物車(登録車),12,JADA,2026-06-24
11049,2023,12,Lamborghini,乗用車(登録車),107,JADA,2026-06-24
11050,2023,12,Land Rover,乗用車(登録車),1006,JADA,2026-06-24
11051,2023,12,Land Rover,貨物車(登録車),2,JADA,2026-06-24
11052,2023,12,Lotus,乗用車(登録車),19,JADA,2026-06-24
11053,2023,12,Maserati,乗用車(登録車),209,JADA,2026-06-24
11054,2023,12,Maybach,乗用車(登録車),1,JADA,2026-06-24
11055,2023,12,ＭcＬaren,乗用車(登録車),12,JADA,2026-06-24
11056,2023,12,Mercedes-Benz,乗用車(登録車),5653,JADA,2026-06-24
11057,2023,12,Mercedes-Benz,貨物車(登録車),1,JADA,2026-06-24
11058,2023,12,Peugeot,乗用車(登録車),638,JADA,2026-06-24
11059,2023,12,Porsche,乗用車(登録車),636,JADA,2026-06-24
11060,2023,12,Renault,乗用車(登録車),403,JADA,2026-06-24
11061,2023,12,Renault,貨物車(登録車),1,JADA,2026-06-24
11062,2023,12,Roｌｌs Royce,乗用車(登録車),34,JADA,2026-06-24
11063,2023,12,Scania,貨物車(登録車),40,JADA,2026-06-24
11064,2023,12,Volvo,乗用車(登録車),989,JADA,2026-06-24
11065,2023,12,Volvo,貨物車(登録車),42,JADA,2026-06-24
11066,2023,12,VW,乗用車(登録車),3716,JADA,2026-06-24
11067,2023,12,VW,貨物車(登録車),1,JADA,2026-06-24
11068,2023,11,ダイハツ,乗用車(登録車),1947,JADA,2026-06-24
11069,2023,11,ダイハツ,貨物車(登録車),40,JADA,2026-06-24
11070,2023,11,ダイハツ,乗用車(軽),36282,JADA,2026-06-24
11071,2023,11,ダイハツ,貨物車(軽),16771,JADA,2026-06-24
11072,2023,11,日野,貨物車(登録車),2569,JADA,2026-06-24
11073,2023,11,ホンダ,乗用車(登録車),29721,JADA,2026-06-24
11074,2023,11,ホンダ,乗用車(軽),26076,JADA,2026-06-24
11075,2023,11,ホンダ,貨物車(軽),2468,JADA,2026-06-24
11076,2023,11,いすゞ,貨物車(登録車),4213,JADA,2026-06-24
11077,2023,11,レクサス,乗用車(登録車),6883,JADA,2026-06-24
11078,2023,11,マツダ,乗用車(登録車),10157,JADA,2026-06-24
11079,2023,11,マツダ,貨物車(登録車),403,JADA,2026-06-24
11080,2023,11,マツダ,乗用車(軽),2176,JADA,2026-06-24
11081,2023,11,マツダ,貨物車(軽),510,JADA,2026-06-24
11082,2023,11,三菱,乗用車(登録車),3231,JADA,2026-06-24
11083,2023,11,三菱,乗用車(軽),5296,JADA,2026-06-24
11084,2023,11,三菱,貨物車(軽),753,JADA,2026-06-24
11085,2023,11,三菱ふそう,貨物車(登録車),2852,JADA,2026-06-24
11086,2023,11,日産,乗用車(登録車),19588,JADA,2026-06-24
11087,2023,11,日産,貨物車(登録車),3478,JADA,2026-06-24
11088,2023,11,日産,乗用車(軽),12353,JADA,2026-06-24
11089,2023,11,日産,貨物車(軽),3284,JADA,2026-06-24
11090,2023,11,スバル,乗用車(登録車),9253,JADA,2026-06-24
11091,2023,11,スバル,乗用車(軽),644,JADA,2026-06-24
11092,2023,11,スバル,貨物車(軽),555,JADA,2026-06-24
11093,2023,11,スズキ,乗用車(登録車),9095,JADA,2026-06-24
11094,2023,11,スズキ,乗用車(軽),35662,JADA,2026-06-24
11095,2023,11,スズキ,貨物車(軽),10604,JADA,2026-06-24
11096,2023,11,トヨタ,乗用車(登録車),114653,JADA,2026-06-24
11097,2023,11,トヨタ,貨物車(登録車),15253,JADA,2026-06-24
11098,2023,11,トヨタ,乗用車(軽),967,JADA,2026-06-24
11099,2023,11,トヨタ,貨物車(軽),1602,JADA,2026-06-24
11100,2023,11,UDトラックス,貨物車(登録車),766,JADA,2026-06-24
11101,2023,11,ABARTH,乗用車(登録車),119,JADA,2026-06-24
11102,2023,11,Alfa Romeo,乗用車(登録車),129,JADA,2026-06-24
11103,2023,11,Aston Martin,乗用車(登録車),48,JADA,2026-06-24
11104,2023,11,Audi,乗用車(登録車),2051,JADA,2026-06-24
11105,2023,11,Bentley,乗用車(登録車),78,JADA,2026-06-24
11106,2023,11,BMW,乗用車(登録車),2286,JADA,2026-06-24
11107,2023,11,BMW Alpina,乗用車(登録車),19,JADA,2026-06-24
11108,2023,11,BMW MINI,乗用車(登録車),1562,JADA,2026-06-24
11109,2023,11,BYD,乗用車(登録車),163,JADA,2026-06-24
11110,2023,11,Cadillac,乗用車(登録車),41,JADA,2026-06-24
11111,2023,11,Chevrolet,乗用車(登録車),40,JADA,2026-06-24
11112,2023,11,Chevrolet,貨物車(登録車),1,JADA,2026-06-24
11113,2023,11,Chrysler,乗用車(登録車),1,JADA,2026-06-24
11114,2023,11,Citroen,乗用車(登録車),387,JADA,2026-06-24
11115,2023,11,Dodge,乗用車(登録車),12,JADA,2026-06-24
11116,2023,11,Dodge,貨物車(登録車),1,JADA,2026-06-24
11117,2023,11,DS,乗用車(登録車),75,JADA,2026-06-24
11118,2023,11,Ferrari,乗用車(登録車),110,JADA,2026-06-24
11119,2023,11,Fiat,乗用車(登録車),461,JADA,2026-06-24
11120,2023,11,Fiat,貨物車(登録車),12,JADA,2026-06-24
11121,2023,11,Ford,乗用車(登録車),13,JADA,2026-06-24
11122,2023,11,Ford,貨物車(登録車),7,JADA,2026-06-24
11123,2023,11,Hyundai,乗用車(登録車),36,JADA,2026-06-24
11124,2023,11,Hyundai,貨物車(登録車),1,JADA,2026-06-24
11125,2023,11,Jaguar,乗用車(登録車),46,JADA,2026-06-24
11126,2023,11,Jeep,乗用車(登録車),918,JADA,2026-06-24
11127,2023,11,Jeep,貨物車(登録車),21,JADA,2026-06-24
11128,2023,11,Lamborghini,乗用車(登録車),61,JADA,2026-06-24
11129,2023,11,Land Rover,乗用車(登録車),754,JADA,2026-06-24
11130,2023,11,Lotus,乗用車(登録車),32,JADA,2026-06-24
11131,2023,11,Maserati,乗用車(登録車),178,JADA,2026-06-24
11132,2023,11,ＭcＬaren,乗用車(登録車),16,JADA,2026-06-24
11133,2023,11,Mercedes-Benz,乗用車(登録車),4391,JADA,2026-06-24
11134,2023,11,Peugeot,乗用車(登録車),709,JADA,2026-06-24
11135,2023,11,Porsche,乗用車(登録車),713,JADA,2026-06-24
11136,2023,11,Renault,乗用車(登録車),468,JADA,2026-06-24
11137,2023,11,Roｌｌs Royce,乗用車(登録車),27,JADA,2026-06-24
11138,2023,11,Scania,貨物車(登録車),45,JADA,2026-06-24
11139,2023,11,smart,乗用車(登録車),1,JADA,2026-06-24
11140,2023,11,Volvo,乗用車(登録車),810,JADA,2026-06-24
11141,2023,11,Volvo,貨物車(登録車),35,JADA,2026-06-24
11142,2023,11,VW,乗用車(登録車),2952,JADA,2026-06-24
11143,2023,11,VW,貨物車(登録車),1,JADA,2026-06-24
11144,2023,10,ダイハツ,乗用車(登録車),2421,JADA,2026-06-24
11145,2023,10,ダイハツ,貨物車(登録車),48,JADA,2026-06-24
11146,2023,10,ダイハツ,乗用車(軽),36440,JADA,2026-06-24
11147,2023,10,ダイハツ,貨物車(軽),16039,JADA,2026-06-24
11148,2023,10,日野,貨物車(登録車),1813,JADA,2026-06-24
11149,2023,10,ホンダ,乗用車(登録車),27343,JADA,2026-06-24
11150,2023,10,ホンダ,乗用車(軽),28391,JADA,2026-06-24
11151,2023,10,ホンダ,貨物車(軽),1936,JADA,2026-06-24
11152,2023,10,いすゞ,貨物車(登録車),4061,JADA,2026-06-24
11153,2023,10,レクサス,乗用車(登録車),7179,JADA,2026-06-24
11154,2023,10,マツダ,乗用車(登録車),11283,JADA,2026-06-24
11155,2023,10,マツダ,貨物車(登録車),414,JADA,2026-06-24
11156,2023,10,マツダ,乗用車(軽),2622,JADA,2026-06-24
11157,2023,10,マツダ,貨物車(軽),542,JADA,2026-06-24
11158,2023,10,三菱,乗用車(登録車),3543,JADA,2026-06-24
11159,2023,10,三菱,乗用車(軽),4826,JADA,2026-06-24
11160,2023,10,三菱,貨物車(軽),933,JADA,2026-06-24
11161,2023,10,三菱ふそう,貨物車(登録車),2912,JADA,2026-06-24
11162,2023,10,日産,乗用車(登録車),18519,JADA,2026-06-24
11163,2023,10,日産,貨物車(登録車),3254,JADA,2026-06-24
11164,2023,10,日産,乗用車(軽),11086,JADA,2026-06-24
11165,2023,10,日産,貨物車(軽),3050,JADA,2026-06-24
11166,2023,10,スバル,乗用車(登録車),8810,JADA,2026-06-24
11167,2023,10,スバル,乗用車(軽),730,JADA,2026-06-24
11168,2023,10,スバル,貨物車(軽),495,JADA,2026-06-24
11169,2023,10,スズキ,乗用車(登録車),9493,JADA,2026-06-24
11170,2023,10,スズキ,乗用車(軽),34712,JADA,2026-06-24
11171,2023,10,スズキ,貨物車(軽),10280,JADA,2026-06-24
11172,2023,10,トヨタ,乗用車(登録車),109693,JADA,2026-06-24
11173,2023,10,トヨタ,貨物車(登録車),14357,JADA,2026-06-24
11174,2023,10,トヨタ,乗用車(軽),984,JADA,2026-06-24
11175,2023,10,トヨタ,貨物車(軽),1448,JADA,2026-06-24
11176,2023,10,UDトラックス,貨物車(登録車),798,JADA,2026-06-24
11177,2023,10,ABARTH,乗用車(登録車),133,JADA,2026-06-24
11178,2023,10,Alfa Romeo,乗用車(登録車),61,JADA,2026-06-24
11179,2023,10,Aston Martin,乗用車(登録車),40,JADA,2026-06-24
11180,2023,10,Audi,乗用車(登録車),1422,JADA,2026-06-24
11181,2023,10,Bentley,乗用車(登録車),57,JADA,2026-06-24
11182,2023,10,BMW,乗用車(登録車),2436,JADA,2026-06-24
11183,2023,10,BMW Alpina,乗用車(登録車),43,JADA,2026-06-24
11184,2023,10,BMW MINI,乗用車(登録車),1284,JADA,2026-06-24
11185,2023,10,BYD,乗用車(登録車),134,JADA,2026-06-24
11186,2023,10,Cadillac,乗用車(登録車),29,JADA,2026-06-24
11187,2023,10,Chevrolet,乗用車(登録車),58,JADA,2026-06-24
11188,2023,10,Chevrolet,貨物車(登録車),1,JADA,2026-06-24
11189,2023,10,Chrysler,乗用車(登録車),3,JADA,2026-06-24
11190,2023,10,Citroen,乗用車(登録車),266,JADA,2026-06-24
11191,2023,10,Dodge,乗用車(登録車),19,JADA,2026-06-24
11192,2023,10,Dodge,貨物車(登録車),1,JADA,2026-06-24
11193,2023,10,DS,乗用車(登録車),43,JADA,2026-06-24
11194,2023,10,Ferrari,乗用車(登録車),112,JADA,2026-06-24
11195,2023,10,Fiat,乗用車(登録車),296,JADA,2026-06-24
11196,2023,10,Fiat,貨物車(登録車),12,JADA,2026-06-24
11197,2023,10,Ford,乗用車(登録車),13,JADA,2026-06-24
11198,2023,10,Ford,貨物車(登録車),4,JADA,2026-06-24
11199,2023,10,Hyundai,乗用車(登録車),84,JADA,2026-06-24
11200,2023,10,Jaguar,乗用車(登録車),48,JADA,2026-06-24
11201,2023,10,Jeep,乗用車(登録車),596,JADA,2026-06-24
11202,2023,10,Jeep,貨物車(登録車),4,JADA,2026-06-24
11203,2023,10,Lamborghini,乗用車(登録車),34,JADA,2026-06-24
11204,2023,10,Land Rover,乗用車(登録車),699,JADA,2026-06-24
11205,2023,10,Lotus,乗用車(登録車),39,JADA,2026-06-24
11206,2023,10,Maserati,乗用車(登録車),188,JADA,2026-06-24
11207,2023,10,ＭcＬaren,乗用車(登録車),23,JADA,2026-06-24
11208,2023,10,Mercedes-Benz,乗用車(登録車),3570,JADA,2026-06-24
11209,2023,10,Peugeot,乗用車(登録車),475,JADA,2026-06-24
11210,2023,10,Porsche,乗用車(登録車),402,JADA,2026-06-24
11211,2023,10,Renault,乗用車(登録車),556,JADA,2026-06-24
11212,2023,10,Roｌｌs Royce,乗用車(登録車),15,JADA,2026-06-24
11213,2023,10,Scania,貨物車(登録車),26,JADA,2026-06-24
11214,2023,10,Volvo,乗用車(登録車),683,JADA,2026-06-24
11215,2023,10,Volvo,貨物車(登録車),25,JADA,2026-06-24
11216,2023,10,VW,乗用車(登録車),2194,JADA,2026-06-24
11217,2023,9,ダイハツ,乗用車(登録車),3020,JADA,2026-06-24
11218,2023,9,ダイハツ,貨物車(登録車),44,JADA,2026-06-24
11219,2023,9,ダイハツ,乗用車(軽),35562,JADA,2026-06-24
11220,2023,9,ダイハツ,貨物車(軽),17146,JADA,2026-06-24
11221,2023,9,日野,貨物車(登録車),3040,JADA,2026-06-24
11222,2023,9,ホンダ,乗用車(登録車),25535,JADA,2026-06-24
11223,2023,9,ホンダ,乗用車(軽),26355,JADA,2026-06-24
11224,2023,9,ホンダ,貨物車(軽),2273,JADA,2026-06-24
11225,2023,9,いすゞ,貨物車(登録車),6490,JADA,2026-06-24
11226,2023,9,レクサス,乗用車(登録車),8178,JADA,2026-06-24
11227,2023,9,マツダ,乗用車(登録車),8320,JADA,2026-06-24
11228,2023,9,マツダ,貨物車(登録車),401,JADA,2026-06-24
11229,2023,9,マツダ,乗用車(軽),2759,JADA,2026-06-24
11230,2023,9,マツダ,貨物車(軽),591,JADA,2026-06-24
11231,2023,9,三菱,乗用車(登録車),4657,JADA,2026-06-24
11232,2023,9,三菱,乗用車(軽),5708,JADA,2026-06-24
11233,2023,9,三菱,貨物車(軽),1319,JADA,2026-06-24
11234,2023,9,三菱ふそう,貨物車(登録車),3354,JADA,2026-06-24
11235,2023,9,日産,乗用車(登録車),24457,JADA,2026-06-24
11236,2023,9,日産,貨物車(登録車),3862,JADA,2026-06-24
11237,2023,9,日産,乗用車(軽),15071,JADA,2026-06-24
11238,2023,9,日産,貨物車(軽),3572,JADA,2026-06-24
11239,2023,9,スバル,乗用車(登録車),8175,JADA,2026-06-24
11240,2023,9,スバル,乗用車(軽),796,JADA,2026-06-24
11241,2023,9,スバル,貨物車(軽),711,JADA,2026-06-24
11242,2023,9,スズキ,乗用車(登録車),10583,JADA,2026-06-24
11243,2023,9,スズキ,乗用車(軽),38323,JADA,2026-06-24
11244,2023,9,スズキ,貨物車(軽),12738,JADA,2026-06-24
11245,2023,9,トヨタ,乗用車(登録車),118077,JADA,2026-06-24
11246,2023,9,トヨタ,貨物車(登録車),15343,JADA,2026-06-24
11247,2023,9,トヨタ,乗用車(軽),1001,JADA,2026-06-24
11248,2023,9,トヨタ,貨物車(軽),1345,JADA,2026-06-24
11249,2023,9,UDトラックス,貨物車(登録車),943,JADA,2026-06-24
11250,2023,9,ABARTH,乗用車(登録車),123,JADA,2026-06-24
11251,2023,9,Alfa Romeo,乗用車(登録車),164,JADA,2026-06-24
11252,2023,9,Aston Martin,乗用車(登録車),30,JADA,2026-06-24
11253,2023,9,Audi,乗用車(登録車),2426,JADA,2026-06-24
11254,2023,9,Bentley,乗用車(登録車),63,JADA,2026-06-24
11255,2023,9,BMW,乗用車(登録車),3844,JADA,2026-06-24
11256,2023,9,BMW Alpina,乗用車(登録車),22,JADA,2026-06-24
11257,2023,9,BMW MINI,乗用車(登録車),2358,JADA,2026-06-24
11258,2023,9,BYD,乗用車(登録車),186,JADA,2026-06-24
11259,2023,9,BYD,貨物車(登録車),1,JADA,2026-06-24
11260,2023,9,Cadillac,乗用車(登録車),44,JADA,2026-06-24
11261,2023,9,Chevrolet,乗用車(登録車),86,JADA,2026-06-24
11262,2023,9,Chevrolet,貨物車(登録車),4,JADA,2026-06-24
11263,2023,9,Citroen,乗用車(登録車),509,JADA,2026-06-24
11264,2023,9,Dodge,乗用車(登録車),23,JADA,2026-06-24
11265,2023,9,DS,乗用車(登録車),76,JADA,2026-06-24
11266,2023,9,Ferrari,乗用車(登録車),132,JADA,2026-06-24
11267,2023,9,Fiat,乗用車(登録車),452,JADA,2026-06-24
11268,2023,9,Fiat,貨物車(登録車),13,JADA,2026-06-24
11269,2023,9,Ford,乗用車(登録車),24,JADA,2026-06-24
11270,2023,9,Ford,貨物車(登録車),8,JADA,2026-06-24
11271,2023,9,Hyundai,乗用車(登録車),36,JADA,2026-06-24
11272,2023,9,Jaguar,乗用車(登録車),62,JADA,2026-06-24
11273,2023,9,Jeep,乗用車(登録車),1186,JADA,2026-06-24
11274,2023,9,Jeep,貨物車(登録車),16,JADA,2026-06-24
11275,2023,9,Lamborghini,乗用車(登録車),87,JADA,2026-06-24
11276,2023,9,Land Rover,乗用車(登録車),924,JADA,2026-06-24
11277,2023,9,Land Rover,貨物車(登録車),1,JADA,2026-06-24
11278,2023,9,Lotus,乗用車(登録車),50,JADA,2026-06-24
11279,2023,9,Maserati,乗用車(登録車),239,JADA,2026-06-24
11280,2023,9,ＭcＬaren,乗用車(登録車),11,JADA,2026-06-24
11281,2023,9,Mercedes-Benz,乗用車(登録車),5062,JADA,2026-06-24
11282,2023,9,Mercedes-Benz,貨物車(登録車),2,JADA,2026-06-24
11283,2023,9,Peugeot,乗用車(登録車),807,JADA,2026-06-24
11284,2023,9,Porsche,乗用車(登録車),968,JADA,2026-06-24
11285,2023,9,Renault,乗用車(登録車),797,JADA,2026-06-24
11286,2023,9,Roｌｌs Royce,乗用車(登録車),13,JADA,2026-06-24
11287,2023,9,Scania,貨物車(登録車),50,JADA,2026-06-24
11288,2023,9,Volvo,乗用車(登録車),1218,JADA,2026-06-24
11289,2023,9,Volvo,貨物車(登録車),44,JADA,2026-06-24
11290,2023,9,VW,乗用車(登録車),4178,JADA,2026-06-24
11291,2023,8,ダイハツ,乗用車(登録車),1617,JADA,2026-06-24
11292,2023,8,ダイハツ,貨物車(登録車),38,JADA,2026-06-24
11293,2023,8,ダイハツ,乗用車(軽),27302,JADA,2026-06-24
11294,2023,8,ダイハツ,貨物車(軽),12686,JADA,2026-06-24
11295,2023,8,日野,貨物車(登録車),3420,JADA,2026-06-24
11296,2023,8,ホンダ,乗用車(登録車),17879,JADA,2026-06-24
11297,2023,8,ホンダ,乗用車(軽),20815,JADA,2026-06-24
11298,2023,8,ホンダ,貨物車(軽),1867,JADA,2026-06-24
11299,2023,8,いすゞ,貨物車(登録車),6149,JADA,2026-06-24
11300,2023,8,レクサス,乗用車(登録車),6988,JADA,2026-06-24
11301,2023,8,マツダ,乗用車(登録車),8967,JADA,2026-06-24
11302,2023,8,マツダ,貨物車(登録車),321,JADA,2026-06-24
11303,2023,8,マツダ,乗用車(軽),2456,JADA,2026-06-24
11304,2023,8,マツダ,貨物車(軽),491,JADA,2026-06-24
11305,2023,8,三菱,乗用車(登録車),2912,JADA,2026-06-24
11306,2023,8,三菱,乗用車(軽),3886,JADA,2026-06-24
11307,2023,8,三菱,貨物車(軽),612,JADA,2026-06-24
11308,2023,8,三菱ふそう,貨物車(登録車),2881,JADA,2026-06-24
11309,2023,8,日産,乗用車(登録車),16082,JADA,2026-06-24
11310,2023,8,日産,貨物車(登録車),2989,JADA,2026-06-24
11311,2023,8,日産,乗用車(軽),10978,JADA,2026-06-24
11312,2023,8,日産,貨物車(軽),2870,JADA,2026-06-24
11313,2023,8,スバル,乗用車(登録車),5470,JADA,2026-06-24
11314,2023,8,スバル,乗用車(軽),584,JADA,2026-06-24
11315,2023,8,スバル,貨物車(軽),469,JADA,2026-06-24
11316,2023,8,スズキ,乗用車(登録車),8198,JADA,2026-06-24
11317,2023,8,スズキ,乗用車(軽),30359,JADA,2026-06-24
11318,2023,8,スズキ,貨物車(軽),9506,JADA,2026-06-24
11319,2023,8,トヨタ,乗用車(登録車),98400,JADA,2026-06-24
11320,2023,8,トヨタ,貨物車(登録車),13143,JADA,2026-06-24
11321,2023,8,トヨタ,乗用車(軽),854,JADA,2026-06-24
11322,2023,8,トヨタ,貨物車(軽),716,JADA,2026-06-24
11323,2023,8,UDトラックス,貨物車(登録車),835,JADA,2026-06-24
11324,2023,8,ABARTH,乗用車(登録車),123,JADA,2026-06-24
11325,2023,8,Alfa Romeo,乗用車(登録車),129,JADA,2026-06-24
11326,2023,8,Aston Martin,乗用車(登録車),22,JADA,2026-06-24
11327,2023,8,Audi,乗用車(登録車),1836,JADA,2026-06-24
11328,2023,8,Bentley,乗用車(登録車),67,JADA,2026-06-24
11329,2023,8,BMW,乗用車(登録車),2469,JADA,2026-06-24
11330,2023,8,BMW Alpina,乗用車(登録車),23,JADA,2026-06-24
11331,2023,8,BMW MINI,乗用車(登録車),620,JADA,2026-06-24
11332,2023,8,BYD,乗用車(登録車),89,JADA,2026-06-24
11333,2023,8,Cadillac,乗用車(登録車),53,JADA,2026-06-24
11334,2023,8,Chevrolet,乗用車(登録車),68,JADA,2026-06-24
11335,2023,8,Chevrolet,貨物車(登録車),3,JADA,2026-06-24
11336,2023,8,Chrysler,乗用車(登録車),1,JADA,2026-06-24
11337,2023,8,Citroen,乗用車(登録車),270,JADA,2026-06-24
11338,2023,8,Dodge,乗用車(登録車),15,JADA,2026-06-24
11339,2023,8,DS,乗用車(登録車),59,JADA,2026-06-24
11340,2023,8,Ferrari,乗用車(登録車),125,JADA,2026-06-24
11341,2023,8,Fiat,乗用車(登録車),280,JADA,2026-06-24
11342,2023,8,Fiat,貨物車(登録車),14,JADA,2026-06-24
11343,2023,8,Ford,乗用車(登録車),23,JADA,2026-06-24
11344,2023,8,Ford,貨物車(登録車),3,JADA,2026-06-24
11345,2023,8,Hyundai,乗用車(登録車),20,JADA,2026-06-24
11346,2023,8,Jaguar,乗用車(登録車),46,JADA,2026-06-24
11347,2023,8,Jeep,乗用車(登録車),825,JADA,2026-06-24
11348,2023,8,Jeep,貨物車(登録車),9,JADA,2026-06-24
11349,2023,8,Lamborghini,乗用車(登録車),35,JADA,2026-06-24
11350,2023,8,Land Rover,乗用車(登録車),738,JADA,2026-06-24
11351,2023,8,Lotus,乗用車(登録車),38,JADA,2026-06-24
11352,2023,8,Maserati,乗用車(登録車),132,JADA,2026-06-24
11353,2023,8,ＭcＬaren,乗用車(登録車),11,JADA,2026-06-24
11354,2023,8,Mercedes-Benz,乗用車(登録車),3256,JADA,2026-06-24
11355,2023,8,Mercedes-Benz,貨物車(登録車),1,JADA,2026-06-24
11356,2023,8,Peugeot,乗用車(登録車),502,JADA,2026-06-24
11357,2023,8,Porsche,乗用車(登録車),415,JADA,2026-06-24
11358,2023,8,Renault,乗用車(登録車),381,JADA,2026-06-24
11359,2023,8,Renault,貨物車(登録車),1,JADA,2026-06-24
11360,2023,8,Roｌｌs Royce,乗用車(登録車),19,JADA,2026-06-24
11361,2023,8,Scania,貨物車(登録車),32,JADA,2026-06-24
11362,2023,8,Volvo,乗用車(登録車),1028,JADA,2026-06-24
11363,2023,8,Volvo,貨物車(登録車),34,JADA,2026-06-24
11364,2023,8,VW,乗用車(登録車),2556,JADA,2026-06-24
11365,2023,7,ダイハツ,乗用車(登録車),1000,JADA,2026-06-24
11366,2023,7,ダイハツ,貨物車(登録車),17,JADA,2026-06-24
11367,2023,7,ダイハツ,乗用車(軽),23606,JADA,2026-06-24
11368,2023,7,ダイハツ,貨物車(軽),7387,JADA,2026-06-24
11369,2023,7,日野,貨物車(登録車),3272,JADA,2026-06-24
11370,2023,7,ホンダ,乗用車(登録車),23559,JADA,2026-06-24
11371,2023,7,ホンダ,乗用車(軽),21814,JADA,2026-06-24
11372,2023,7,ホンダ,貨物車(軽),2272,JADA,2026-06-24
11373,2023,7,いすゞ,貨物車(登録車),5235,JADA,2026-06-24
11374,2023,7,レクサス,乗用車(登録車),9146,JADA,2026-06-24
11375,2023,7,マツダ,乗用車(登録車),11413,JADA,2026-06-24
11376,2023,7,マツダ,貨物車(登録車),365,JADA,2026-06-24
11377,2023,7,マツダ,乗用車(軽),2689,JADA,2026-06-24
11378,2023,7,マツダ,貨物車(軽),618,JADA,2026-06-24
11379,2023,7,三菱,乗用車(登録車),3517,JADA,2026-06-24
11380,2023,7,三菱,乗用車(軽),3775,JADA,2026-06-24
11381,2023,7,三菱,貨物車(軽),697,JADA,2026-06-24
11382,2023,7,三菱ふそう,貨物車(登録車),3000,JADA,2026-06-24
11383,2023,7,日産,乗用車(登録車),22629,JADA,2026-06-24
11384,2023,7,日産,貨物車(登録車),3513,JADA,2026-06-24
11385,2023,7,日産,乗用車(軽),12052,JADA,2026-06-24
11386,2023,7,日産,貨物車(軽),3268,JADA,2026-06-24
11387,2023,7,スバル,乗用車(登録車),7248,JADA,2026-06-24
11388,2023,7,スバル,乗用車(軽),427,JADA,2026-06-24
11389,2023,7,スバル,貨物車(軽),466,JADA,2026-06-24
11390,2023,7,スズキ,乗用車(登録車),9372,JADA,2026-06-24
11391,2023,7,スズキ,乗用車(軽),34260,JADA,2026-06-24
11392,2023,7,スズキ,貨物車(軽),11132,JADA,2026-06-24
11393,2023,7,トヨタ,乗用車(登録車),115718,JADA,2026-06-24
11394,2023,7,トヨタ,貨物車(登録車),14672,JADA,2026-06-24
11395,2023,7,トヨタ,乗用車(軽),714,JADA,2026-06-24
11396,2023,7,トヨタ,貨物車(軽),604,JADA,2026-06-24
11397,2023,7,UDトラックス,貨物車(登録車),781,JADA,2026-06-24
11398,2023,7,ABARTH,乗用車(登録車),107,JADA,2026-06-24
11399,2023,7,Alfa Romeo,乗用車(登録車),101,JADA,2026-06-24
11400,2023,7,Aston Martin,乗用車(登録車),33,JADA,2026-06-24
11401,2023,7,Audi,乗用車(登録車),1631,JADA,2026-06-24
11402,2023,7,Bentley,乗用車(登録車),54,JADA,2026-06-24
11403,2023,7,BMW,乗用車(登録車),2243,JADA,2026-06-24
11404,2023,7,BMW Alpina,乗用車(登録車),18,JADA,2026-06-24
11405,2023,7,BMW MINI,乗用車(登録車),1252,JADA,2026-06-24
11406,2023,7,BYD,乗用車(登録車),78,JADA,2026-06-24
11407,2023,7,Cadillac,乗用車(登録車),27,JADA,2026-06-24
11408,2023,7,Chevrolet,乗用車(登録車),56,JADA,2026-06-24
11409,2023,7,Chevrolet,貨物車(登録車),2,JADA,2026-06-24
11410,2023,7,Citroen,乗用車(登録車),310,JADA,2026-06-24
11411,2023,7,Dodge,乗用車(登録車),15,JADA,2026-06-24
11412,2023,7,Dodge,貨物車(登録車),2,JADA,2026-06-24
11413,2023,7,DS,乗用車(登録車),52,JADA,2026-06-24
11414,2023,7,Ferrari,乗用車(登録車),130,JADA,2026-06-24
11415,2023,7,Fiat,乗用車(登録車),325,JADA,2026-06-24
11416,2023,7,Fiat,貨物車(登録車),16,JADA,2026-06-24
11417,2023,7,Ford,乗用車(登録車),23,JADA,2026-06-24
11418,2023,7,Ford,貨物車(登録車),3,JADA,2026-06-24
11419,2023,7,Hyundai,乗用車(登録車),15,JADA,2026-06-24
11420,2023,7,Jaguar,乗用車(登録車),40,JADA,2026-06-24
11421,2023,7,Jeep,乗用車(登録車),827,JADA,2026-06-24
11422,2023,7,Jeep,貨物車(登録車),13,JADA,2026-06-24
11423,2023,7,Lamborghini,乗用車(登録車),32,JADA,2026-06-24
11424,2023,7,Land Rover,乗用車(登録車),535,JADA,2026-06-24
11425,2023,7,Lotus,乗用車(登録車),8,JADA,2026-06-24
11426,2023,7,Maserati,乗用車(登録車),121,JADA,2026-06-24
11427,2023,7,Maybach,乗用車(登録車),1,JADA,2026-06-24
11428,2023,7,ＭcＬaren,乗用車(登録車),12,JADA,2026-06-24
11429,2023,7,Mercedes-Benz,乗用車(登録車),3704,JADA,2026-06-24
11430,2023,7,Mercedes-Benz,貨物車(登録車),1,JADA,2026-06-24
11431,2023,7,Peugeot,乗用車(登録車),538,JADA,2026-06-24
11432,2023,7,Porsche,乗用車(登録車),591,JADA,2026-06-24
11433,2023,7,Renault,乗用車(登録車),487,JADA,2026-06-24
11434,2023,7,Roｌｌs Royce,乗用車(登録車),17,JADA,2026-06-24
11435,2023,7,Scania,貨物車(登録車),29,JADA,2026-06-24
11436,2023,7,Volvo,乗用車(登録車),952,JADA,2026-06-24
11437,2023,7,Volvo,貨物車(登録車),40,JADA,2026-06-24
11438,2023,7,VW,乗用車(登録車),3578,JADA,2026-06-24
11439,2023,6,ダイハツ,乗用車(登録車),972,JADA,2026-06-24
11440,2023,6,ダイハツ,貨物車(登録車),46,JADA,2026-06-24
11441,2023,6,ダイハツ,乗用車(軽),33308,JADA,2026-06-24
11442,2023,6,ダイハツ,貨物車(軽),7769,JADA,2026-06-24
11443,2023,6,日野,貨物車(登録車),3704,JADA,2026-06-24
11444,2023,6,ホンダ,乗用車(登録車),21080,JADA,2026-06-24
11445,2023,6,ホンダ,乗用車(軽),19851,JADA,2026-06-24
11446,2023,6,ホンダ,貨物車(軽),2315,JADA,2026-06-24
11447,2023,6,いすゞ,貨物車(登録車),5636,JADA,2026-06-24
11448,2023,6,レクサス,乗用車(登録車),8584,JADA,2026-06-24
11449,2023,6,マツダ,乗用車(登録車),12819,JADA,2026-06-24
11450,2023,6,マツダ,貨物車(登録車),461,JADA,2026-06-24
11451,2023,6,マツダ,乗用車(軽),2112,JADA,2026-06-24
11452,2023,6,マツダ,貨物車(軽),692,JADA,2026-06-24
11453,2023,6,三菱,乗用車(登録車),4044,JADA,2026-06-24
11454,2023,6,三菱,乗用車(軽),3875,JADA,2026-06-24
11455,2023,6,三菱,貨物車(軽),698,JADA,2026-06-24
11456,2023,6,三菱ふそう,貨物車(登録車),3362,JADA,2026-06-24
11457,2023,6,日産,乗用車(登録車),22798,JADA,2026-06-24
11458,2023,6,日産,貨物車(登録車),3850,JADA,2026-06-24
11459,2023,6,日産,乗用車(軽),10920,JADA,2026-06-24
11460,2023,6,日産,貨物車(軽),3153,JADA,2026-06-24
11461,2023,6,スバル,乗用車(登録車),6434,JADA,2026-06-24
11462,2023,6,スバル,乗用車(軽),781,JADA,2026-06-24
11463,2023,6,スバル,貨物車(軽),488,JADA,2026-06-24
11464,2023,6,スズキ,乗用車(登録車),9402,JADA,2026-06-24
11465,2023,6,スズキ,乗用車(軽),32873,JADA,2026-06-24
11466,2023,6,スズキ,貨物車(軽),11456,JADA,2026-06-24
11467,2023,6,トヨタ,乗用車(登録車),116233,JADA,2026-06-24
11468,2023,6,トヨタ,貨物車(登録車),14271,JADA,2026-06-24
11469,2023,6,トヨタ,乗用車(軽),1540,JADA,2026-06-24
11470,2023,6,トヨタ,貨物車(軽),1077,JADA,2026-06-24
11471,2023,6,UDトラックス,貨物車(登録車),1015,JADA,2026-06-24
11472,2023,6,ABARTH,乗用車(登録車),226,JADA,2026-06-24
11473,2023,6,Alfa Romeo,乗用車(登録車),237,JADA,2026-06-24
11474,2023,6,Aston Martin,乗用車(登録車),48,JADA,2026-06-24
11475,2023,6,Audi,乗用車(登録車),2232,JADA,2026-06-24
11476,2023,6,Bentley,乗用車(登録車),79,JADA,2026-06-24
11477,2023,6,BMW,乗用車(登録車),3429,JADA,2026-06-24
11478,2023,6,BMW Alpina,乗用車(登録車),47,JADA,2026-06-24
11479,2023,6,BMW MINI,乗用車(登録車),1890,JADA,2026-06-24
11480,2023,6,Bugatti,乗用車(登録車),1,JADA,2026-06-24
11481,2023,6,BYD,乗用車(登録車),93,JADA,2026-06-24
11482,2023,6,Cadillac,乗用車(登録車),62,JADA,2026-06-24
11483,2023,6,Chevrolet,乗用車(登録車),67,JADA,2026-06-24
11484,2023,6,Chevrolet,貨物車(登録車),7,JADA,2026-06-24
11485,2023,6,Citroen,乗用車(登録車),565,JADA,2026-06-24
11486,2023,6,Dodge,乗用車(登録車),12,JADA,2026-06-24
11487,2023,6,Dodge,貨物車(登録車),2,JADA,2026-06-24
11488,2023,6,DS,乗用車(登録車),226,JADA,2026-06-24
11489,2023,6,Ferrari,乗用車(登録車),134,JADA,2026-06-24
11490,2023,6,Fiat,乗用車(登録車),574,JADA,2026-06-24
11491,2023,6,Fiat,貨物車(登録車),7,JADA,2026-06-24
11492,2023,6,Ford,乗用車(登録車),24,JADA,2026-06-24
11493,2023,6,Ford,貨物車(登録車),2,JADA,2026-06-24
11494,2023,6,Hummer,乗用車(登録車),1,JADA,2026-06-24
11495,2023,6,Hyundai,乗用車(登録車),29,JADA,2026-06-24
11496,2023,6,Jaguar,乗用車(登録車),89,JADA,2026-06-24
11497,2023,6,Jeep,乗用車(登録車),1125,JADA,2026-06-24
11498,2023,6,Jeep,貨物車(登録車),21,JADA,2026-06-24
11499,2023,6,Lamborghini,乗用車(登録車),87,JADA,2026-06-24
11500,2023,6,Land Rover,乗用車(登録車),948,JADA,2026-06-24
11501,2023,6,Lotus,乗用車(登録車),2,JADA,2026-06-24
11502,2023,6,Maserati,乗用車(登録車),270,JADA,2026-06-24
11503,2023,6,ＭcＬaren,乗用車(登録車),21,JADA,2026-06-24
11504,2023,6,Mercedes-Benz,乗用車(登録車),5002,JADA,2026-06-24
11505,2023,6,Mercedes-Benz,貨物車(登録車),2,JADA,2026-06-24
11506,2023,6,Peugeot,乗用車(登録車),776,JADA,2026-06-24
11507,2023,6,Porsche,乗用車(登録車),1123,JADA,2026-06-24
11508,2023,6,Renault,乗用車(登録車),606,JADA,2026-06-24
11509,2023,6,Roｌｌs Royce,乗用車(登録車),26,JADA,2026-06-24
11510,2023,6,Scania,貨物車(登録車),30,JADA,2026-06-24
11511,2023,6,Volvo,乗用車(登録車),1658,JADA,2026-06-24
11512,2023,6,Volvo,貨物車(登録車),60,JADA,2026-06-24
11513,2023,6,VW,乗用車(登録車),1959,JADA,2026-06-24
11514,2023,6,VW,貨物車(登録車),1,JADA,2026-06-24
11515,2023,5,ダイハツ,乗用車(登録車),1704,JADA,2026-06-24
11516,2023,5,ダイハツ,貨物車(登録車),39,JADA,2026-06-24
11517,2023,5,ダイハツ,乗用車(軽),29576,JADA,2026-06-24
11518,2023,5,ダイハツ,貨物車(軽),10609,JADA,2026-06-24
11519,2023,5,日野,貨物車(登録車),2819,JADA,2026-06-24
11520,2023,5,ホンダ,乗用車(登録車),15778,JADA,2026-06-24
11521,2023,5,ホンダ,乗用車(軽),17504,JADA,2026-06-24
11522,2023,5,ホンダ,貨物車(軽),1910,JADA,2026-06-24
11523,2023,5,いすゞ,貨物車(登録車),4023,JADA,2026-06-24
11524,2023,5,レクサス,乗用車(登録車),6991,JADA,2026-06-24
11525,2023,5,マツダ,乗用車(登録車),8570,JADA,2026-06-24
11526,2023,5,マツダ,貨物車(登録車),409,JADA,2026-06-24
11527,2023,5,マツダ,乗用車(軽),2262,JADA,2026-06-24
11528,2023,5,マツダ,貨物車(軽),537,JADA,2026-06-24
11529,2023,5,三菱,乗用車(登録車),2952,JADA,2026-06-24
11530,2023,5,三菱,乗用車(軽),3022,JADA,2026-06-24
11531,2023,5,三菱,貨物車(軽),529,JADA,2026-06-24
11532,2023,5,三菱ふそう,貨物車(登録車),2701,JADA,2026-06-24
11533,2023,5,日産,乗用車(登録車),17676,JADA,2026-06-24
11534,2023,5,日産,貨物車(登録車),3033,JADA,2026-06-24
11535,2023,5,日産,乗用車(軽),9285,JADA,2026-06-24
11536,2023,5,日産,貨物車(軽),2705,JADA,2026-06-24
11537,2023,5,スバル,乗用車(登録車),5008,JADA,2026-06-24
11538,2023,5,スバル,乗用車(軽),734,JADA,2026-06-24
11539,2023,5,スバル,貨物車(軽),657,JADA,2026-06-24
11540,2023,5,スズキ,乗用車(登録車),8389,JADA,2026-06-24
11541,2023,5,スズキ,乗用車(軽),28400,JADA,2026-06-24
11542,2023,5,スズキ,貨物車(軽),9314,JADA,2026-06-24
11543,2023,5,トヨタ,乗用車(登録車),94160,JADA,2026-06-24
11544,2023,5,トヨタ,貨物車(登録車),12497,JADA,2026-06-24
11545,2023,5,トヨタ,乗用車(軽),1447,JADA,2026-06-24
11546,2023,5,トヨタ,貨物車(軽),1566,JADA,2026-06-24
11547,2023,5,UDトラックス,貨物車(登録車),764,JADA,2026-06-24
11548,2023,5,ABARTH,乗用車(登録車),82,JADA,2026-06-24
11549,2023,5,Alfa Romeo,乗用車(登録車),187,JADA,2026-06-24
11550,2023,5,Aston Martin,乗用車(登録車),41,JADA,2026-06-24
11551,2023,5,Audi,乗用車(登録車),2022,JADA,2026-06-24
11552,2023,5,Bentley,乗用車(登録車),56,JADA,2026-06-24
11553,2023,5,BMW,乗用車(登録車),2285,JADA,2026-06-24
11554,2023,5,BMW Alpina,乗用車(登録車),50,JADA,2026-06-24
11555,2023,5,BMW MINI,乗用車(登録車),1161,JADA,2026-06-24
11556,2023,5,BYD,乗用車(登録車),141,JADA,2026-06-24
11557,2023,5,Cadillac,乗用車(登録車),27,JADA,2026-06-24
11558,2023,5,Chevrolet,乗用車(登録車),48,JADA,2026-06-24
11559,2023,5,Chevrolet,貨物車(登録車),6,JADA,2026-06-24
11560,2023,5,Chrysler,乗用車(登録車),1,JADA,2026-06-24
11561,2023,5,Citroen,乗用車(登録車),411,JADA,2026-06-24
11562,2023,5,Dodge,乗用車(登録車),14,JADA,2026-06-24
11563,2023,5,Dodge,貨物車(登録車),3,JADA,2026-06-24
11564,2023,5,DS,乗用車(登録車),126,JADA,2026-06-24
11565,2023,5,Ferrari,乗用車(登録車),108,JADA,2026-06-24
11566,2023,5,Fiat,乗用車(登録車),373,JADA,2026-06-24
11567,2023,5,Ford,乗用車(登録車),23,JADA,2026-06-24
11568,2023,5,Ford,貨物車(登録車),6,JADA,2026-06-24
11569,2023,5,Hyundai,乗用車(登録車),17,JADA,2026-06-24
11570,2023,5,Jaguar,乗用車(登録車),43,JADA,2026-06-24
11571,2023,5,Jeep,乗用車(登録車),915,JADA,2026-06-24
11572,2023,5,Jeep,貨物車(登録車),20,JADA,2026-06-24
11573,2023,5,Lamborghini,乗用車(登録車),22,JADA,2026-06-24
11574,2023,5,Land Rover,乗用車(登録車),741,JADA,2026-06-24
11575,2023,5,Land Rover,貨物車(登録車),1,JADA,2026-06-24
11576,2023,5,Lotus,乗用車(登録車),1,JADA,2026-06-24
11577,2023,5,Maserati,乗用車(登録車),85,JADA,2026-06-24
11578,2023,5,ＭcＬaren,乗用車(登録車),14,JADA,2026-06-24
11579,2023,5,Mercedes-Benz,乗用車(登録車),3900,JADA,2026-06-24
11580,2023,5,Mercedes-Benz,貨物車(登録車),1,JADA,2026-06-24
11581,2023,5,Peugeot,乗用車(登録車),561,JADA,2026-06-24
11582,2023,5,Porsche,乗用車(登録車),737,JADA,2026-06-24
11583,2023,5,Renault,乗用車(登録車),514,JADA,2026-06-24
11584,2023,5,Roｌｌs Royce,乗用車(登録車),9,JADA,2026-06-24
11585,2023,5,Scania,貨物車(登録車),35,JADA,2026-06-24
11586,2023,5,Volvo,乗用車(登録車),1074,JADA,2026-06-24
11587,2023,5,Volvo,貨物車(登録車),40,JADA,2026-06-24
11588,2023,5,VW,乗用車(登録車),2551,JADA,2026-06-24
11589,2023,4,ダイハツ,乗用車(登録車),2889,JADA,2026-06-24
11590,2023,4,ダイハツ,貨物車(登録車),33,JADA,2026-06-24
11591,2023,4,ダイハツ,乗用車(軽),34136,JADA,2026-06-24
11592,2023,4,ダイハツ,貨物車(軽),14812,JADA,2026-06-24
11593,2023,4,日野,貨物車(登録車),2742,JADA,2026-06-24
11594,2023,4,ホンダ,乗用車(登録車),15562,JADA,2026-06-24
11595,2023,4,ホンダ,乗用車(軽),18611,JADA,2026-06-24
11596,2023,4,ホンダ,貨物車(軽),2397,JADA,2026-06-24
11597,2023,4,いすゞ,貨物車(登録車),3924,JADA,2026-06-24
11598,2023,4,レクサス,乗用車(登録車),7535,JADA,2026-06-24
11599,2023,4,マツダ,乗用車(登録車),11331,JADA,2026-06-24
11600,2023,4,マツダ,貨物車(登録車),422,JADA,2026-06-24
11601,2023,4,マツダ,乗用車(軽),2265,JADA,2026-06-24
11602,2023,4,マツダ,貨物車(軽),596,JADA,2026-06-24
11603,2023,4,三菱,乗用車(登録車),3823,JADA,2026-06-24
11604,2023,4,三菱,乗用車(軽),1666,JADA,2026-06-24
11605,2023,4,三菱,貨物車(軽),467,JADA,2026-06-24
11606,2023,4,三菱ふそう,貨物車(登録車),2632,JADA,2026-06-24
11607,2023,4,日産,乗用車(登録車),19225,JADA,2026-06-24
11608,2023,4,日産,貨物車(登録車),2943,JADA,2026-06-24
11609,2023,4,日産,乗用車(軽),8509,JADA,2026-06-24
11610,2023,4,日産,貨物車(軽),2344,JADA,2026-06-24
11611,2023,4,スバル,乗用車(登録車),6143,JADA,2026-06-24
11612,2023,4,スバル,乗用車(軽),757,JADA,2026-06-24
11613,2023,4,スバル,貨物車(軽),759,JADA,2026-06-24
11614,2023,4,スズキ,乗用車(登録車),9106,JADA,2026-06-24
11615,2023,4,スズキ,乗用車(軽),29362,JADA,2026-06-24
11616,2023,4,スズキ,貨物車(軽),9903,JADA,2026-06-24
11617,2023,4,トヨタ,乗用車(登録車),101521,JADA,2026-06-24
11618,2023,4,トヨタ,貨物車(登録車),12971,JADA,2026-06-24
11619,2023,4,トヨタ,乗用車(軽),1176,JADA,2026-06-24
11620,2023,4,トヨタ,貨物車(軽),1836,JADA,2026-06-24
11621,2023,4,UDトラックス,貨物車(登録車),695,JADA,2026-06-24
11622,2023,4,ABARTH,乗用車(登録車),109,JADA,2026-06-24
11623,2023,4,Alfa Romeo,乗用車(登録車),43,JADA,2026-06-24
11624,2023,4,Aston Martin,乗用車(登録車),32,JADA,2026-06-24
11625,2023,4,Audi,乗用車(登録車),1363,JADA,2026-06-24
11626,2023,4,Bentley,乗用車(登録車),51,JADA,2026-06-24
11627,2023,4,BMW,乗用車(登録車),2542,JADA,2026-06-24
11628,2023,4,BMW Alpina,乗用車(登録車),14,JADA,2026-06-24
11629,2023,4,BMW MINI,乗用車(登録車),1217,JADA,2026-06-24
11630,2023,4,BYD,乗用車(登録車),91,JADA,2026-06-24
11631,2023,4,Cadillac,乗用車(登録車),35,JADA,2026-06-24
11632,2023,4,Chevrolet,乗用車(登録車),55,JADA,2026-06-24
11633,2023,4,Chevrolet,貨物車(登録車),3,JADA,2026-06-24
11634,2023,4,Citroen,乗用車(登録車),340,JADA,2026-06-24
11635,2023,4,Dodge,乗用車(登録車),13,JADA,2026-06-24
11636,2023,4,DS,乗用車(登録車),45,JADA,2026-06-24
11637,2023,4,Ferrari,乗用車(登録車),102,JADA,2026-06-24
11638,2023,4,Fiat,乗用車(登録車),313,JADA,2026-06-24
11639,2023,4,Fiat,貨物車(登録車),2,JADA,2026-06-24
11640,2023,4,Ford,乗用車(登録車),23,JADA,2026-06-24
11641,2023,4,Ford,貨物車(登録車),4,JADA,2026-06-24
11642,2023,4,Hyundai,乗用車(登録車),20,JADA,2026-06-24
11643,2023,4,Jaguar,乗用車(登録車),50,JADA,2026-06-24
11644,2023,4,Jeep,乗用車(登録車),1105,JADA,2026-06-24
11645,2023,4,Jeep,貨物車(登録車),31,JADA,2026-06-24
11646,2023,4,Lamborghini,乗用車(登録車),5,JADA,2026-06-24
11647,2023,4,Land Rover,乗用車(登録車),714,JADA,2026-06-24
11648,2023,4,Land Rover,貨物車(登録車),1,JADA,2026-06-24
11649,2023,4,Lotus,乗用車(登録車),3,JADA,2026-06-24
11650,2023,4,Maserati,乗用車(登録車),49,JADA,2026-06-24
11651,2023,4,ＭcＬaren,乗用車(登録車),18,JADA,2026-06-24
11652,2023,4,Mercedes-Benz,乗用車(登録車),3559,JADA,2026-06-24
11653,2023,4,Peugeot,乗用車(登録車),600,JADA,2026-06-24
11654,2023,4,Porsche,乗用車(登録車),351,JADA,2026-06-24
11655,2023,4,Renault,乗用車(登録車),355,JADA,2026-06-24
11656,2023,4,Roｌｌs Royce,乗用車(登録車),14,JADA,2026-06-24
11657,2023,4,Scania,貨物車(登録車),24,JADA,2026-06-24
11658,2023,4,Volvo,乗用車(登録車),864,JADA,2026-06-24
11659,2023,4,Volvo,貨物車(登録車),46,JADA,2026-06-24
11660,2023,4,VW,乗用車(登録車),1483,JADA,2026-06-24
11661,2023,4,VW,貨物車(登録車),1,JADA,2026-06-24
11662,2023,3,ダイハツ,乗用車(登録車),4378,JADA,2026-06-24
11663,2023,3,ダイハツ,貨物車(登録車),54,JADA,2026-06-24
11664,2023,3,ダイハツ,乗用車(軽),44086,JADA,2026-06-24
11665,2023,3,ダイハツ,貨物車(軽),18994,JADA,2026-06-24
11666,2023,3,日野,貨物車(登録車),4892,JADA,2026-06-24
11667,2023,3,ホンダ,乗用車(登録車),32706,JADA,2026-06-24
11668,2023,3,ホンダ,乗用車(軽),35623,JADA,2026-06-24
11669,2023,3,ホンダ,貨物車(軽),3768,JADA,2026-06-24
11670,2023,3,いすゞ,貨物車(登録車),9124,JADA,2026-06-24
11671,2023,3,レクサス,乗用車(登録車),12329,JADA,2026-06-24
11672,2023,3,マツダ,乗用車(登録車),20329,JADA,2026-06-24
11673,2023,3,マツダ,貨物車(登録車),621,JADA,2026-06-24
11674,2023,3,マツダ,乗用車(軽),2590,JADA,2026-06-24
11675,2023,3,マツダ,貨物車(軽),681,JADA,2026-06-24
11676,2023,3,三菱,乗用車(登録車),6262,JADA,2026-06-24
11677,2023,3,三菱,乗用車(軽),4582,JADA,2026-06-24
11678,2023,3,三菱,貨物車(軽),1052,JADA,2026-06-24
11679,2023,3,三菱ふそう,貨物車(登録車),3724,JADA,2026-06-24
11680,2023,3,日産,乗用車(登録車),30861,JADA,2026-06-24
11681,2023,3,日産,貨物車(登録車),5565,JADA,2026-06-24
11682,2023,3,日産,乗用車(軽),19163,JADA,2026-06-24
11683,2023,3,日産,貨物車(軽),4649,JADA,2026-06-24
11684,2023,3,スバル,乗用車(登録車),10373,JADA,2026-06-24
11685,2023,3,スバル,乗用車(軽),971,JADA,2026-06-24
11686,2023,3,スバル,貨物車(軽),1006,JADA,2026-06-24
11687,2023,3,スズキ,乗用車(登録車),14632,JADA,2026-06-24
11688,2023,3,スズキ,乗用車(軽),39507,JADA,2026-06-24
11689,2023,3,スズキ,貨物車(軽),13811,JADA,2026-06-24
11690,2023,3,トヨタ,乗用車(登録車),169916,JADA,2026-06-24
11691,2023,3,トヨタ,貨物車(登録車),21769,JADA,2026-06-24
11692,2023,3,トヨタ,乗用車(軽),1253,JADA,2026-06-24
11693,2023,3,トヨタ,貨物車(軽),2177,JADA,2026-06-24
11694,2023,3,UDトラックス,貨物車(登録車),1240,JADA,2026-06-24
11695,2023,3,ABARTH,乗用車(登録車),155,JADA,2026-06-24
11696,2023,3,Alfa Romeo,乗用車(登録車),264,JADA,2026-06-24
11697,2023,3,Aston Martin,乗用車(登録車),59,JADA,2026-06-24
11698,2023,3,Audi,乗用車(登録車),2678,JADA,2026-06-24
11699,2023,3,Bentley,乗用車(登録車),34,JADA,2026-06-24
11700,2023,3,BMW,乗用車(登録車),3813,JADA,2026-06-24
11701,2023,3,BMW Alpina,乗用車(登録車),22,JADA,2026-06-24
11702,2023,3,BMW MINI,乗用車(登録車),2492,JADA,2026-06-24
11703,2023,3,BYD,乗用車(登録車),151,JADA,2026-06-24
11704,2023,3,Cadillac,乗用車(登録車),76,JADA,2026-06-24
11705,2023,3,Chevrolet,乗用車(登録車),103,JADA,2026-06-24
11706,2023,3,Chevrolet,貨物車(登録車),6,JADA,2026-06-24
11707,2023,3,Chrysler,乗用車(登録車),4,JADA,2026-06-24
11708,2023,3,Citroen,乗用車(登録車),853,JADA,2026-06-24
11709,2023,3,Dodge,乗用車(登録車),31,JADA,2026-06-24
11710,2023,3,DS,乗用車(登録車),42,JADA,2026-06-24
11711,2023,3,Ferrari,乗用車(登録車),146,JADA,2026-06-24
11712,2023,3,Fiat,乗用車(登録車),480,JADA,2026-06-24
11713,2023,3,Fiat,貨物車(登録車),4,JADA,2026-06-24
11714,2023,3,Ford,乗用車(登録車),21,JADA,2026-06-24
11715,2023,3,Ford,貨物車(登録車),6,JADA,2026-06-24
11716,2023,3,Hyundai,乗用車(登録車),60,JADA,2026-06-24
11717,2023,3,Jaguar,乗用車(登録車),56,JADA,2026-06-24
11718,2023,3,Jeep,乗用車(登録車),1265,JADA,2026-06-24
11719,2023,3,Jeep,貨物車(登録車),83,JADA,2026-06-24
11720,2023,3,Lamborghini,乗用車(登録車),58,JADA,2026-06-24
11721,2023,3,Land Rover,乗用車(登録車),1092,JADA,2026-06-24
11722,2023,3,Lotus,乗用車(登録車),1,JADA,2026-06-24
11723,2023,3,Maserati,乗用車(登録車),133,JADA,2026-06-24
11724,2023,3,ＭcＬaren,乗用車(登録車),11,JADA,2026-06-24
11725,2023,3,Mercedes-Benz,乗用車(登録車),5763,JADA,2026-06-24
11726,2023,3,Peugeot,乗用車(登録車),1103,JADA,2026-06-24
11727,2023,3,Porsche,乗用車(登録車),802,JADA,2026-06-24
11728,2023,3,Renault,乗用車(登録車),1196,JADA,2026-06-24
11729,2023,3,Roｌｌs Royce,乗用車(登録車),20,JADA,2026-06-24
11730,2023,3,Scania,貨物車(登録車),48,JADA,2026-06-24
11731,2023,3,Volvo,乗用車(登録車),1811,JADA,2026-06-24
11732,2023,3,Volvo,貨物車(登録車),81,JADA,2026-06-24
11733,2023,3,VW,乗用車(登録車),2989,JADA,2026-06-24
11734,2023,3,VW,貨物車(登録車),1,JADA,2026-06-24
11735,2023,2,ダイハツ,乗用車(登録車),3449,JADA,2026-06-24
11736,2023,2,ダイハツ,貨物車(登録車),37,JADA,2026-06-24
11737,2023,2,ダイハツ,乗用車(軽),35923,JADA,2026-06-24
11738,2023,2,ダイハツ,貨物車(軽),15208,JADA,2026-06-24
11739,2023,2,日野,貨物車(登録車),3240,JADA,2026-06-24
11740,2023,2,ホンダ,乗用車(登録車),21503,JADA,2026-06-24
11741,2023,2,ホンダ,乗用車(軽),25401,JADA,2026-06-24
11742,2023,2,ホンダ,貨物車(軽),2987,JADA,2026-06-24
11743,2023,2,いすゞ,貨物車(登録車),5476,JADA,2026-06-24
11744,2023,2,レクサス,乗用車(登録車),9525,JADA,2026-06-24
11745,2023,2,マツダ,乗用車(登録車),13613,JADA,2026-06-24
11746,2023,2,マツダ,貨物車(登録車),461,JADA,2026-06-24
11747,2023,2,マツダ,乗用車(軽),2561,JADA,2026-06-24
11748,2023,2,マツダ,貨物車(軽),619,JADA,2026-06-24
11749,2023,2,三菱,乗用車(登録車),3786,JADA,2026-06-24
11750,2023,2,三菱,乗用車(軽),3442,JADA,2026-06-24
11751,2023,2,三菱,貨物車(軽),1029,JADA,2026-06-24
11752,2023,2,三菱ふそう,貨物車(登録車),2447,JADA,2026-06-24
11753,2023,2,日産,乗用車(登録車),21291,JADA,2026-06-24
11754,2023,2,日産,貨物車(登録車),3904,JADA,2026-06-24
11755,2023,2,日産,乗用車(軽),15964,JADA,2026-06-24
11756,2023,2,日産,貨物車(軽),3406,JADA,2026-06-24
11757,2023,2,スバル,乗用車(登録車),5611,JADA,2026-06-24
11758,2023,2,スバル,乗用車(軽),892,JADA,2026-06-24
11759,2023,2,スバル,貨物車(軽),677,JADA,2026-06-24
11760,2023,2,スズキ,乗用車(登録車),11270,JADA,2026-06-24
11761,2023,2,スズキ,乗用車(軽),34435,JADA,2026-06-24
11762,2023,2,スズキ,貨物車(軽),11838,JADA,2026-06-24
11763,2023,2,トヨタ,乗用車(登録車),127618,JADA,2026-06-24
11764,2023,2,トヨタ,貨物車(登録車),15962,JADA,2026-06-24
11765,2023,2,トヨタ,乗用車(軽),957,JADA,2026-06-24
11766,2023,2,トヨタ,貨物車(軽),1548,JADA,2026-06-24
11767,2023,2,UDトラックス,貨物車(登録車),757,JADA,2026-06-24
11768,2023,2,ABARTH,乗用車(登録車),66,JADA,2026-06-24
11769,2023,2,Alfa Romeo,乗用車(登録車),104,JADA,2026-06-24
11770,2023,2,Aston Martin,乗用車(登録車),28,JADA,2026-06-24
11771,2023,2,Audi,乗用車(登録車),1924,JADA,2026-06-24
11772,2023,2,Bentley,乗用車(登録車),34,JADA,2026-06-24
11773,2023,2,BMW,乗用車(登録車),3075,JADA,2026-06-24
11774,2023,2,BMW Alpina,乗用車(登録車),18,JADA,2026-06-24
11775,2023,2,BMW MINI,乗用車(登録車),1125,JADA,2026-06-24
11776,2023,2,BYD,乗用車(登録車),37,JADA,2026-06-24
11777,2023,2,Cadillac,乗用車(登録車),74,JADA,2026-06-24
11778,2023,2,Chevrolet,乗用車(登録車),56,JADA,2026-06-24
11779,2023,2,Chevrolet,貨物車(登録車),3,JADA,2026-06-24
11780,2023,2,Citroen,乗用車(登録車),535,JADA,2026-06-24
11781,2023,2,Dodge,乗用車(登録車),29,JADA,2026-06-24
11782,2023,2,DS,乗用車(登録車),113,JADA,2026-06-24
11783,2023,2,Ferrari,乗用車(登録車),104,JADA,2026-06-24
11784,2023,2,Fiat,乗用車(登録車),294,JADA,2026-06-24
11785,2023,2,Fiat,貨物車(登録車),1,JADA,2026-06-24
11786,2023,2,Ford,乗用車(登録車),27,JADA,2026-06-24
11787,2023,2,Ford,貨物車(登録車),6,JADA,2026-06-24
11788,2023,2,Hyundai,乗用車(登録車),70,JADA,2026-06-24
11789,2023,2,Jaguar,乗用車(登録車),53,JADA,2026-06-24
11790,2023,2,Jeep,乗用車(登録車),771,JADA,2026-06-24
11791,2023,2,Jeep,貨物車(登録車),69,JADA,2026-06-24
11792,2023,2,Lamborghini,乗用車(登録車),69,JADA,2026-06-24
11793,2023,2,Land Rover,乗用車(登録車),439,JADA,2026-06-24
11794,2023,2,Land Rover,貨物車(登録車),1,JADA,2026-06-24
11795,2023,2,Maserati,乗用車(登録車),79,JADA,2026-06-24
11796,2023,2,ＭcＬaren,乗用車(登録車),10,JADA,2026-06-24
11797,2023,2,Mercedes-Benz,乗用車(登録車),3672,JADA,2026-06-24
11798,2023,2,Mercedes-Benz,貨物車(登録車),1,JADA,2026-06-24
11799,2023,2,Peugeot,乗用車(登録車),631,JADA,2026-06-24
11800,2023,2,Porsche,乗用車(登録車),760,JADA,2026-06-24
11801,2023,2,Renault,乗用車(登録車),725,JADA,2026-06-24
11802,2023,2,Roｌｌs Royce,乗用車(登録車),24,JADA,2026-06-24
11803,2023,2,Scania,貨物車(登録車),19,JADA,2026-06-24
11804,2023,2,Volvo,乗用車(登録車),1413,JADA,2026-06-24
11805,2023,2,Volvo,貨物車(登録車),49,JADA,2026-06-24
11806,2023,2,VW,乗用車(登録車),1869,JADA,2026-06-24
11807,2023,1,ダイハツ,乗用車(登録車),2909,JADA,2026-06-24
11808,2023,1,ダイハツ,貨物車(登録車),28,JADA,2026-06-24
11809,2023,1,ダイハツ,乗用車(軽),36213,JADA,2026-06-24
11810,2023,1,ダイハツ,貨物車(軽),15006,JADA,2026-06-24
11811,2023,1,日野,貨物車(登録車),2578,JADA,2026-06-24
11812,2023,1,ホンダ,乗用車(登録車),17278,JADA,2026-06-24
11813,2023,1,ホンダ,乗用車(軽),24753,JADA,2026-06-24
11814,2023,1,ホンダ,貨物車(軽),2989,JADA,2026-06-24
11815,2023,1,いすゞ,貨物車(登録車),4000,JADA,2026-06-24
11816,2023,1,レクサス,乗用車(登録車),6283,JADA,2026-06-24
11817,2023,1,マツダ,乗用車(登録車),12374,JADA,2026-06-24
11818,2023,1,マツダ,貨物車(登録車),381,JADA,2026-06-24
11819,2023,1,マツダ,乗用車(軽),2455,JADA,2026-06-24
11820,2023,1,マツダ,貨物車(軽),609,JADA,2026-06-24
11821,2023,1,三菱,乗用車(登録車),4086,JADA,2026-06-24
11822,2023,1,三菱,乗用車(軽),3080,JADA,2026-06-24
11823,2023,1,三菱,貨物車(軽),939,JADA,2026-06-24
11824,2023,1,三菱ふそう,貨物車(登録車),1853,JADA,2026-06-24
11825,2023,1,日産,乗用車(登録車),18625,JADA,2026-06-24
11826,2023,1,日産,貨物車(登録車),2785,JADA,2026-06-24
11827,2023,1,日産,乗用車(軽),14730,JADA,2026-06-24
11828,2023,1,日産,貨物車(軽),3060,JADA,2026-06-24
11829,2023,1,スバル,乗用車(登録車),7544,JADA,2026-06-24
11830,2023,1,スバル,乗用車(軽),851,JADA,2026-06-24
11831,2023,1,スバル,貨物車(軽),618,JADA,2026-06-24
11832,2023,1,スズキ,乗用車(登録車),10713,JADA,2026-06-24
11833,2023,1,スズキ,乗用車(軽),34690,JADA,2026-06-24
11834,2023,1,スズキ,貨物車(軽),10364,JADA,2026-06-24
11835,2023,1,トヨタ,乗用車(登録車),106967,JADA,2026-06-24
11836,2023,1,トヨタ,貨物車(登録車),14296,JADA,2026-06-24
11837,2023,1,トヨタ,乗用車(軽),839,JADA,2026-06-24
11838,2023,1,トヨタ,貨物車(軽),1634,JADA,2026-06-24
11839,2023,1,UDトラックス,貨物車(登録車),678,JADA,2026-06-24
11840,2023,1,ABARTH,乗用車(登録車),70,JADA,2026-06-24
11841,2023,1,Alfa Romeo,乗用車(登録車),118,JADA,2026-06-24
11842,2023,1,Aston Martin,乗用車(登録車),30,JADA,2026-06-24
11843,2023,1,Audi,乗用車(登録車),1969,JADA,2026-06-24
11844,2023,1,Bentley,乗用車(登録車),33,JADA,2026-06-24
11845,2023,1,BMW,乗用車(登録車),1548,JADA,2026-06-24
11846,2023,1,BMW Alpina,乗用車(登録車),5,JADA,2026-06-24
11847,2023,1,BMW MINI,乗用車(登録車),999,JADA,2026-06-24
11848,2023,1,BYD,乗用車(登録車),20,JADA,2026-06-24
11849,2023,1,Cadillac,乗用車(登録車),50,JADA,2026-06-24
11850,2023,1,Cadillac,貨物車(登録車),1,JADA,2026-06-24
11851,2023,1,Chevrolet,乗用車(登録車),49,JADA,2026-06-24
11852,2023,1,Chevrolet,貨物車(登録車),5,JADA,2026-06-24
11853,2023,1,Citroen,乗用車(登録車),355,JADA,2026-06-24
11854,2023,1,Dodge,乗用車(登録車),17,JADA,2026-06-24
11855,2023,1,Dodge,貨物車(登録車),1,JADA,2026-06-24
11856,2023,1,DS,乗用車(登録車),26,JADA,2026-06-24
11857,2023,1,Ferrari,乗用車(登録車),90,JADA,2026-06-24
11858,2023,1,Fiat,乗用車(登録車),327,JADA,2026-06-24
11859,2023,1,Fiat,貨物車(登録車),2,JADA,2026-06-24
11860,2023,1,Ford,乗用車(登録車),16,JADA,2026-06-24
11861,2023,1,Ford,貨物車(登録車),2,JADA,2026-06-24
11862,2023,1,Hyundai,乗用車(登録車),32,JADA,2026-06-24
11863,2023,1,Jaguar,乗用車(登録車),94,JADA,2026-06-24
11864,2023,1,Jeep,乗用車(登録車),700,JADA,2026-06-24
11865,2023,1,Jeep,貨物車(登録車),62,JADA,2026-06-24
11866,2023,1,Lamborghini,乗用車(登録車),31,JADA,2026-06-24
11867,2023,1,Land Rover,乗用車(登録車),506,JADA,2026-06-24
11868,2023,1,Lotus,乗用車(登録車),5,JADA,2026-06-24
11869,2023,1,Maserati,乗用車(登録車),51,JADA,2026-06-24
11870,2023,1,ＭcＬaren,乗用車(登録車),18,JADA,2026-06-24
11871,2023,1,Mercedes-Benz,乗用車(登録車),3696,JADA,2026-06-24
11872,2023,1,Mercedes-Benz,貨物車(登録車),1,JADA,2026-06-24
11873,2023,1,Peugeot,乗用車(登録車),786,JADA,2026-06-24
11874,2023,1,Porsche,乗用車(登録車),504,JADA,2026-06-24
11875,2023,1,Renault,乗用車(登録車),608,JADA,2026-06-24
11876,2023,1,Roｌｌs Royce,乗用車(登録車),18,JADA,2026-06-24
11877,2023,1,Scania,貨物車(登録車),18,JADA,2026-06-24
11878,2023,1,Volvo,乗用車(登録車),876,JADA,2026-06-24
11879,2023,1,Volvo,貨物車(登録車),10,JADA,2026-06-24
11880,2023,1,VW,乗用車(登録車),1784,JADA,2026-06-24
11881,2023,1,VW,貨物車(登録車),1,JADA,2026-06-24
11882,2024,12,ダイハツ,乗用車(登録車),1451,JADA,2026-06-24
11883,2024,12,ダイハツ,貨物車(登録車),15,JADA,2026-06-24
11884,2024,12,ダイハツ,乗用車(軽),24097,JADA,2026-06-24
11885,2024,12,ダイハツ,貨物車(軽),7478,JADA,2026-06-24
11886,2024,12,日野,貨物車(登録車),3152,JADA,2026-06-24
11887,2024,12,ホンダ,乗用車(登録車),25034,JADA,2026-06-24
11888,2024,12,ホンダ,乗用車(軽),18282,JADA,2026-06-24
11889,2024,12,ホンダ,貨物車(軽),2509,JADA,2026-06-24
11890,2024,12,いすゞ,貨物車(登録車),6478,JADA,2026-06-24
11891,2024,12,レクサス,乗用車(登録車),4266,JADA,2026-06-24
11892,2024,12,マツダ,乗用車(登録車),7490,JADA,2026-06-24
11893,2024,12,マツダ,貨物車(登録車),214,JADA,2026-06-24
11894,2024,12,マツダ,乗用車(軽),2565,JADA,2026-06-24
11895,2024,12,マツダ,貨物車(軽),472,JADA,2026-06-24
11896,2024,12,三菱,乗用車(登録車),4013,JADA,2026-06-24
11897,2024,12,三菱,貨物車(登録車),344,JADA,2026-06-24
11898,2024,12,三菱,乗用車(軽),4607,JADA,2026-06-24
11899,2024,12,三菱,貨物車(軽),1003,JADA,2026-06-24
11900,2024,12,三菱ふそう,貨物車(登録車),3411,JADA,2026-06-24
11901,2024,12,日産,乗用車(登録車),15685,JADA,2026-06-24
11902,2024,12,日産,貨物車(登録車),3241,JADA,2026-06-24
11903,2024,12,日産,乗用車(軽),10259,JADA,2026-06-24
11904,2024,12,日産,貨物車(軽),2282,JADA,2026-06-24
11905,2024,12,スバル,乗用車(登録車),6326,JADA,2026-06-24
11906,2024,12,スバル,乗用車(軽),761,JADA,2026-06-24
11907,2024,12,スバル,貨物車(軽),395,JADA,2026-06-24
11908,2024,12,スズキ,乗用車(登録車),9403,JADA,2026-06-24
11909,2024,12,スズキ,乗用車(軽),34739,JADA,2026-06-24
11910,2024,12,スズキ,貨物車(軽),8428,JADA,2026-06-24
11911,2024,12,トヨタ,乗用車(登録車),87649,JADA,2026-06-24
11912,2024,12,トヨタ,貨物車(登録車),7266,JADA,2026-06-24
11913,2024,12,トヨタ,乗用車(軽),496,JADA,2026-06-24
11914,2024,12,トヨタ,貨物車(軽),656,JADA,2026-06-24
11915,2024,12,UDトラックス,貨物車(登録車),1116,JADA,2026-06-24
11916,2024,12,ABARTH,乗用車(登録車),125,JADA,2026-06-24
11917,2024,12,Alfa Romeo,乗用車(登録車),108,JADA,2026-06-24
11918,2024,12,Aston Martin,乗用車(登録車),41,JADA,2026-06-24
11919,2024,12,Audi,乗用車(登録車),2191,JADA,2026-06-24
11920,2024,12,Bentley,乗用車(登録車),74,JADA,2026-06-24
11921,2024,12,BMW,乗用車(登録車),3971,JADA,2026-06-24
11922,2024,12,BMW Alpina,乗用車(登録車),45,JADA,2026-06-24
11923,2024,12,BMW MINI,乗用車(登録車),2658,JADA,2026-06-24
11924,2024,12,BYD,乗用車(登録車),229,JADA,2026-06-24
11925,2024,12,Cadillac,乗用車(登録車),48,JADA,2026-06-24
11926,2024,12,Chevrolet,乗用車(登録車),47,JADA,2026-06-24
11927,2024,12,Chevrolet,貨物車(登録車),2,JADA,2026-06-24
11928,2024,12,Chrysler,乗用車(登録車),1,JADA,2026-06-24
11929,2024,12,Citroen,乗用車(登録車),231,JADA,2026-06-24
11930,2024,12,Dodge,乗用車(登録車),8,JADA,2026-06-24
11931,2024,12,Dodge,貨物車(登録車),1,JADA,2026-06-24
11932,2024,12,DS,乗用車(登録車),31,JADA,2026-06-24
11933,2024,12,Ferrari,乗用車(登録車),111,JADA,2026-06-24
11934,2024,12,Fiat,乗用車(登録車),374,JADA,2026-06-24
11935,2024,12,Fiat,貨物車(登録車),36,JADA,2026-06-24
11936,2024,12,Ford,乗用車(登録車),20,JADA,2026-06-24
11937,2024,12,Ford,貨物車(登録車),2,JADA,2026-06-24
11938,2024,12,Hyundai,乗用車(登録車),54,JADA,2026-06-24
11939,2024,12,Jaguar,乗用車(登録車),58,JADA,2026-06-24
11940,2024,12,Jeep,乗用車(登録車),947,JADA,2026-06-24
11941,2024,12,Jeep,貨物車(登録車),13,JADA,2026-06-24
11942,2024,12,Lamborghini,乗用車(登録車),75,JADA,2026-06-24
11943,2024,12,Land Rover,乗用車(登録車),861,JADA,2026-06-24
11944,2024,12,Lotus,乗用車(登録車),18,JADA,2026-06-24
11945,2024,12,Maserati,乗用車(登録車),78,JADA,2026-06-24
11946,2024,12,ＭcＬaren,乗用車(登録車),36,JADA,2026-06-24
11947,2024,12,Mercedes-Benz,乗用車(登録車),5230,JADA,2026-06-24
11948,2024,12,Peugeot,乗用車(登録車),513,JADA,2026-06-24
11949,2024,12,Porsche,乗用車(登録車),579,JADA,2026-06-24
11950,2024,12,Renault,乗用車(登録車),197,JADA,2026-06-24
11951,2024,12,Roｌｌs Royce,乗用車(登録車),44,JADA,2026-06-24
11952,2024,12,Scania,貨物車(登録車),43,JADA,2026-06-24
11953,2024,12,Volvo,乗用車(登録車),1323,JADA,2026-06-24
11954,2024,12,Volvo,貨物車(登録車),40,JADA,2026-06-24
11955,2024,12,VW,乗用車(登録車),2221,JADA,2026-06-24
11956,2024,11,ダイハツ,乗用車(登録車),1466,JADA,2026-06-24
11957,2024,11,ダイハツ,貨物車(登録車),22,JADA,2026-06-24
11958,2024,11,ダイハツ,乗用車(軽),27611,JADA,2026-06-24
11959,2024,11,ダイハツ,貨物車(軽),11524,JADA,2026-06-24
11960,2024,11,日野,貨物車(登録車),3443,JADA,2026-06-24
11961,2024,11,ホンダ,乗用車(登録車),28606,JADA,2026-06-24
11962,2024,11,ホンダ,乗用車(軽),22569,JADA,2026-06-24
11963,2024,11,ホンダ,貨物車(軽),2746,JADA,2026-06-24
11964,2024,11,いすゞ,貨物車(登録車),6005,JADA,2026-06-24
11965,2024,11,レクサス,乗用車(登録車),6342,JADA,2026-06-24
11966,2024,11,マツダ,乗用車(登録車),9494,JADA,2026-06-24
11967,2024,11,マツダ,貨物車(登録車),320,JADA,2026-06-24
11968,2024,11,マツダ,乗用車(軽),2446,JADA,2026-06-24
11969,2024,11,マツダ,貨物車(軽),562,JADA,2026-06-24
11970,2024,11,三菱,乗用車(登録車),4954,JADA,2026-06-24
11971,2024,11,三菱,貨物車(登録車),288,JADA,2026-06-24
11972,2024,11,三菱,乗用車(軽),5084,JADA,2026-06-24
11973,2024,11,三菱,貨物車(軽),1150,JADA,2026-06-24
11974,2024,11,三菱ふそう,貨物車(登録車),2762,JADA,2026-06-24
11975,2024,11,日産,乗用車(登録車),19961,JADA,2026-06-24
11976,2024,11,日産,貨物車(登録車),3869,JADA,2026-06-24
11977,2024,11,日産,乗用車(軽),11260,JADA,2026-06-24
11978,2024,11,日産,貨物車(軽),3008,JADA,2026-06-24
11979,2024,11,スバル,乗用車(登録車),7925,JADA,2026-06-24
11980,2024,11,スバル,乗用車(軽),1015,JADA,2026-06-24
11981,2024,11,スバル,貨物車(軽),496,JADA,2026-06-24
11982,2024,11,スズキ,乗用車(登録車),11908,JADA,2026-06-24
11983,2024,11,スズキ,乗用車(軽),37632,JADA,2026-06-24
11984,2024,11,スズキ,貨物車(軽),11094,JADA,2026-06-24
11985,2024,11,トヨタ,乗用車(登録車),113616,JADA,2026-06-24
11986,2024,11,トヨタ,貨物車(登録車),8846,JADA,2026-06-24
11987,2024,11,トヨタ,乗用車(軽),560,JADA,2026-06-24
11988,2024,11,トヨタ,貨物車(軽),910,JADA,2026-06-24
11989,2024,11,UDトラックス,貨物車(登録車),1062,JADA,2026-06-24
11990,2024,11,ABARTH,乗用車(登録車),120,JADA,2026-06-24
11991,2024,11,Alfa Romeo,乗用車(登録車),49,JADA,2026-06-24
11992,2024,11,Aston Martin,乗用車(登録車),36,JADA,2026-06-24
11993,2024,11,Audi,乗用車(登録車),1141,JADA,2026-06-24
11994,2024,11,Bentley,乗用車(登録車),44,JADA,2026-06-24
11995,2024,11,BMW,乗用車(登録車),3233,JADA,2026-06-24
11996,2024,11,BMW Alpina,乗用車(登録車),34,JADA,2026-06-24
11997,2024,11,BMW MINI,乗用車(登録車),1661,JADA,2026-06-24
11998,2024,11,BYD,乗用車(登録車),106,JADA,2026-06-24
11999,2024,11,Cadillac,乗用車(登録車),40,JADA,2026-06-24
12000,2024,11,Chevrolet,乗用車(登録車),35,JADA,2026-06-24
12001,2024,11,Chevrolet,貨物車(登録車),1,JADA,2026-06-24
12002,2024,11,Chrysler,乗用車(登録車),2,JADA,2026-06-24
12003,2024,11,Citroen,乗用車(登録車),340,JADA,2026-06-24
12004,2024,11,Dodge,乗用車(登録車),16,JADA,2026-06-24
12005,2024,11,DS,乗用車(登録車),26,JADA,2026-06-24
12006,2024,11,Ferrari,乗用車(登録車),133,JADA,2026-06-24
12007,2024,11,Fiat,乗用車(登録車),298,JADA,2026-06-24
12008,2024,11,Fiat,貨物車(登録車),27,JADA,2026-06-24
12009,2024,11,Ford,乗用車(登録車),19,JADA,2026-06-24
12010,2024,11,Hyundai,乗用車(登録車),35,JADA,2026-06-24
12011,2024,11,Jaguar,乗用車(登録車),20,JADA,2026-06-24
12012,2024,11,Jeep,乗用車(登録車),798,JADA,2026-06-24
12013,2024,11,Jeep,貨物車(登録車),4,JADA,2026-06-24
12014,2024,11,Lamborghini,乗用車(登録車),93,JADA,2026-06-24
12015,2024,11,Land Rover,乗用車(登録車),408,JADA,2026-06-24
12016,2024,11,Land Rover,貨物車(登録車),1,JADA,2026-06-24
12017,2024,11,Lotus,乗用車(登録車),35,JADA,2026-06-24
12018,2024,11,Maserati,乗用車(登録車),60,JADA,2026-06-24
12019,2024,11,ＭcＬaren,乗用車(登録車),30,JADA,2026-06-24
12020,2024,11,Mercedes-Benz,乗用車(登録車),4621,JADA,2026-06-24
12021,2024,11,Peugeot,乗用車(登録車),482,JADA,2026-06-24
12022,2024,11,Porsche,乗用車(登録車),679,JADA,2026-06-24
12023,2024,11,Renault,乗用車(登録車),212,JADA,2026-06-24
12024,2024,11,Roｌｌs Royce,乗用車(登録車),28,JADA,2026-06-24
12025,2024,11,Scania,貨物車(登録車),38,JADA,2026-06-24
12026,2024,11,Volvo,乗用車(登録車),819,JADA,2026-06-24
12027,2024,11,Volvo,貨物車(登録車),38,JADA,2026-06-24
12028,2024,11,VW,乗用車(登録車),1967,JADA,2026-06-24
12029,2024,10,ダイハツ,乗用車(登録車),2854,JADA,2026-06-24
12030,2024,10,ダイハツ,貨物車(登録車),33,JADA,2026-06-24
12031,2024,10,ダイハツ,乗用車(軽),27430,JADA,2026-06-24
12032,2024,10,ダイハツ,貨物車(軽),16968,JADA,2026-06-24
12033,2024,10,日野,貨物車(登録車),3307,JADA,2026-06-24
12034,2024,10,ホンダ,乗用車(登録車),29311,JADA,2026-06-24
12035,2024,10,ホンダ,乗用車(軽),20986,JADA,2026-06-24
12036,2024,10,ホンダ,貨物車(軽),2946,JADA,2026-06-24
12037,2024,10,いすゞ,貨物車(登録車),5247,JADA,2026-06-24
12038,2024,10,レクサス,乗用車(登録車),6606,JADA,2026-06-24
12039,2024,10,マツダ,乗用車(登録車),11344,JADA,2026-06-24
12040,2024,10,マツダ,貨物車(登録車),380,JADA,2026-06-24
12041,2024,10,マツダ,乗用車(軽),2547,JADA,2026-06-24
12042,2024,10,マツダ,貨物車(軽),486,JADA,2026-06-24
12043,2024,10,三菱,乗用車(登録車),3242,JADA,2026-06-24
12044,2024,10,三菱,貨物車(登録車),346,JADA,2026-06-24
12045,2024,10,三菱,乗用車(軽),4800,JADA,2026-06-24
12046,2024,10,三菱,貨物車(軽),1329,JADA,2026-06-24
12047,2024,10,三菱ふそう,貨物車(登録車),2789,JADA,2026-06-24
12048,2024,10,日産,乗用車(登録車),18813,JADA,2026-06-24
12049,2024,10,日産,貨物車(登録車),3500,JADA,2026-06-24
12050,2024,10,日産,乗用車(軽),10356,JADA,2026-06-24
12051,2024,10,日産,貨物車(軽),2868,JADA,2026-06-24
12052,2024,10,スバル,乗用車(登録車),7616,JADA,2026-06-24
12053,2024,10,スバル,乗用車(軽),700,JADA,2026-06-24
12054,2024,10,スバル,貨物車(軽),687,JADA,2026-06-24
12055,2024,10,スズキ,乗用車(登録車),11371,JADA,2026-06-24
12056,2024,10,スズキ,乗用車(軽),38700,JADA,2026-06-24
12057,2024,10,スズキ,貨物車(軽),10388,JADA,2026-06-24
12058,2024,10,トヨタ,乗用車(登録車),124506,JADA,2026-06-24
12059,2024,10,トヨタ,貨物車(登録車),10185,JADA,2026-06-24
12060,2024,10,トヨタ,乗用車(軽),681,JADA,2026-06-24
12061,2024,10,トヨタ,貨物車(軽),1279,JADA,2026-06-24
12062,2024,10,UDトラックス,貨物車(登録車),945,JADA,2026-06-24
12063,2024,10,ABARTH,乗用車(登録車),128,JADA,2026-06-24
12064,2024,10,Alfa Romeo,乗用車(登録車),43,JADA,2026-06-24
12065,2024,10,Aston Martin,乗用車(登録車),53,JADA,2026-06-24
12066,2024,10,Audi,乗用車(登録車),1005,JADA,2026-06-24
12067,2024,10,Bentley,乗用車(登録車),43,JADA,2026-06-24
12068,2024,10,BMW,乗用車(登録車),2899,JADA,2026-06-24
12069,2024,10,BMW Alpina,乗用車(登録車),18,JADA,2026-06-24
12070,2024,10,BMW MINI,乗用車(登録車),1970,JADA,2026-06-24
12071,2024,10,BYD,乗用車(登録車),146,JADA,2026-06-24
12072,2024,10,Cadillac,乗用車(登録車),21,JADA,2026-06-24
12073,2024,10,Chevrolet,乗用車(登録車),40,JADA,2026-06-24
12074,2024,10,Citroen,乗用車(登録車),196,JADA,2026-06-24
12075,2024,10,Dodge,乗用車(登録車),11,JADA,2026-06-24
12076,2024,10,DS,乗用車(登録車),31,JADA,2026-06-24
12077,2024,10,Ferrari,乗用車(登録車),124,JADA,2026-06-24
12078,2024,10,Fiat,乗用車(登録車),301,JADA,2026-06-24
12079,2024,10,Fiat,貨物車(登録車),21,JADA,2026-06-24
12080,2024,10,Ford,乗用車(登録車),15,JADA,2026-06-24
12081,2024,10,Ford,貨物車(登録車),6,JADA,2026-06-24
12082,2024,10,Hyundai,乗用車(登録車),32,JADA,2026-06-24
12083,2024,10,Jaguar,乗用車(登録車),30,JADA,2026-06-24
12084,2024,10,Jeep,乗用車(登録車),784,JADA,2026-06-24
12085,2024,10,Jeep,貨物車(登録車),11,JADA,2026-06-24
12086,2024,10,Lamborghini,乗用車(登録車),81,JADA,2026-06-24
12087,2024,10,Land Rover,乗用車(登録車),438,JADA,2026-06-24
12088,2024,10,Lotus,乗用車(登録車),45,JADA,2026-06-24
12089,2024,10,Maserati,乗用車(登録車),43,JADA,2026-06-24
12090,2024,10,ＭcＬaren,乗用車(登録車),28,JADA,2026-06-24
12091,2024,10,Mercedes-Benz,乗用車(登録車),3568,JADA,2026-06-24
12092,2024,10,Peugeot,乗用車(登録車),407,JADA,2026-06-24
12093,2024,10,Porsche,乗用車(登録車),670,JADA,2026-06-24
12094,2024,10,Renault,乗用車(登録車),281,JADA,2026-06-24
12095,2024,10,Roｌｌs Royce,乗用車(登録車),32,JADA,2026-06-24
12096,2024,10,Scania,貨物車(登録車),46,JADA,2026-06-24
12097,2024,10,Volvo,乗用車(登録車),792,JADA,2026-06-24
12098,2024,10,Volvo,貨物車(登録車),39,JADA,2026-06-24
12099,2024,10,VW,乗用車(登録車),1180,JADA,2026-06-24
12100,2024,10,VW,貨物車(登録車),1,JADA,2026-06-24
12101,2024,9,ダイハツ,乗用車(登録車),2919,JADA,2026-06-24
12102,2024,9,ダイハツ,貨物車(登録車),78,JADA,2026-06-24
12103,2024,9,ダイハツ,乗用車(軽),26917,JADA,2026-06-24
12104,2024,9,ダイハツ,貨物車(軽),16149,JADA,2026-06-24
12105,2024,9,日野,貨物車(登録車),3939,JADA,2026-06-24
12106,2024,9,ホンダ,乗用車(登録車),35337,JADA,2026-06-24
12107,2024,9,ホンダ,乗用車(軽),29683,JADA,2026-06-24
12108,2024,9,ホンダ,貨物車(軽),2965,JADA,2026-06-24
12109,2024,9,いすゞ,貨物車(登録車),7735,JADA,2026-06-24
12110,2024,9,レクサス,乗用車(登録車),8535,JADA,2026-06-24
12111,2024,9,マツダ,乗用車(登録車),9649,JADA,2026-06-24
12112,2024,9,マツダ,貨物車(登録車),357,JADA,2026-06-24
12113,2024,9,マツダ,乗用車(軽),3001,JADA,2026-06-24
12114,2024,9,マツダ,貨物車(軽),570,JADA,2026-06-24
12115,2024,9,三菱,乗用車(登録車),3748,JADA,2026-06-24
12116,2024,9,三菱,貨物車(登録車),574,JADA,2026-06-24
12117,2024,9,三菱,乗用車(軽),6260,JADA,2026-06-24
12118,2024,9,三菱,貨物車(軽),1235,JADA,2026-06-24
12119,2024,9,三菱ふそう,貨物車(登録車),2707,JADA,2026-06-24
12120,2024,9,日産,乗用車(登録車),24978,JADA,2026-06-24
12121,2024,9,日産,貨物車(登録車),4044,JADA,2026-06-24
12122,2024,9,日産,乗用車(軽),15833,JADA,2026-06-24
12123,2024,9,日産,貨物車(軽),4225,JADA,2026-06-24
12124,2024,9,スバル,乗用車(登録車),9390,JADA,2026-06-24
12125,2024,9,スバル,乗用車(軽),679,JADA,2026-06-24
12126,2024,9,スバル,貨物車(軽),724,JADA,2026-06-24
12127,2024,9,スズキ,乗用車(登録車),10819,JADA,2026-06-24
12128,2024,9,スズキ,乗用車(軽),42512,JADA,2026-06-24
12129,2024,9,スズキ,貨物車(軽),11488,JADA,2026-06-24
12130,2024,9,トヨタ,乗用車(登録車),111857,JADA,2026-06-24
12131,2024,9,トヨタ,貨物車(登録車),12391,JADA,2026-06-24
12132,2024,9,トヨタ,乗用車(軽),926,JADA,2026-06-24
12133,2024,9,トヨタ,貨物車(軽),1172,JADA,2026-06-24
12134,2024,9,UDトラックス,貨物車(登録車),1119,JADA,2026-06-24
12135,2024,9,ABARTH,乗用車(登録車),209,JADA,2026-06-24
12136,2024,9,Alfa Romeo,乗用車(登録車),97,JADA,2026-06-24
12137,2024,9,Aston Martin,乗用車(登録車),45,JADA,2026-06-24
12138,2024,9,Audi,乗用車(登録車),2196,JADA,2026-06-24
12139,2024,9,Bentley,乗用車(登録車),38,JADA,2026-06-24
12140,2024,9,BMW,乗用車(登録車),3704,JADA,2026-06-24
12141,2024,9,BMW Alpina,乗用車(登録車),33,JADA,2026-06-24
12142,2024,9,BMW MINI,乗用車(登録車),1872,JADA,2026-06-24
12143,2024,9,Bugatti,乗用車(登録車),1,JADA,2026-06-24
12144,2024,9,BYD,乗用車(登録車),257,JADA,2026-06-24
12145,2024,9,Cadillac,乗用車(登録車),62,JADA,2026-06-24
12146,2024,9,Chevrolet,乗用車(登録車),66,JADA,2026-06-24
12147,2024,9,Chevrolet,貨物車(登録車),2,JADA,2026-06-24
12148,2024,9,Citroen,乗用車(登録車),248,JADA,2026-06-24
12149,2024,9,Dodge,乗用車(登録車),3,JADA,2026-06-24
12150,2024,9,Dodge,貨物車(登録車),2,JADA,2026-06-24
12151,2024,9,DS,乗用車(登録車),42,JADA,2026-06-24
12152,2024,9,Ferrari,乗用車(登録車),115,JADA,2026-06-24
12153,2024,9,Fiat,乗用車(登録車),576,JADA,2026-06-24
12154,2024,9,Fiat,貨物車(登録車),33,JADA,2026-06-24
12155,2024,9,Ford,乗用車(登録車),14,JADA,2026-06-24
12156,2024,9,Ford,貨物車(登録車),3,JADA,2026-06-24
12157,2024,9,Hyundai,乗用車(登録車),58,JADA,2026-06-24
12158,2024,9,Jaguar,乗用車(登録車),49,JADA,2026-06-24
12159,2024,9,Jeep,乗用車(登録車),1026,JADA,2026-06-24
12160,2024,9,Jeep,貨物車(登録車),27,JADA,2026-06-24
12161,2024,9,Lamborghini,乗用車(登録車),93,JADA,2026-06-24
12162,2024,9,Land Rover,乗用車(登録車),773,JADA,2026-06-24
12163,2024,9,Lotus,乗用車(登録車),35,JADA,2026-06-24
12164,2024,9,Maserati,乗用車(登録車),115,JADA,2026-06-24
12165,2024,9,ＭcＬaren,乗用車(登録車),28,JADA,2026-06-24
12166,2024,9,Mercedes-Benz,乗用車(登録車),5637,JADA,2026-06-24
12167,2024,9,Peugeot,乗用車(登録車),447,JADA,2026-06-24
12168,2024,9,Porsche,乗用車(登録車),1426,JADA,2026-06-24
12169,2024,9,Renault,乗用車(登録車),352,JADA,2026-06-24
12170,2024,9,Roｌｌs Royce,乗用車(登録車),29,JADA,2026-06-24
12171,2024,9,Scania,貨物車(登録車),49,JADA,2026-06-24
12172,2024,9,Volvo,乗用車(登録車),1367,JADA,2026-06-24
12173,2024,9,Volvo,貨物車(登録車),36,JADA,2026-06-24
12174,2024,9,VW,乗用車(登録車),1616,JADA,2026-06-24
12175,2024,8,ダイハツ,乗用車(登録車),1833,JADA,2026-06-24
12176,2024,8,ダイハツ,貨物車(登録車),143,JADA,2026-06-24
12177,2024,8,ダイハツ,乗用車(軽),22111,JADA,2026-06-24
12178,2024,8,ダイハツ,貨物車(軽),12756,JADA,2026-06-24
12179,2024,8,日野,貨物車(登録車),3120,JADA,2026-06-24
12180,2024,8,ホンダ,乗用車(登録車),25664,JADA,2026-06-24
12181,2024,8,ホンダ,乗用車(軽),18213,JADA,2026-06-24
12182,2024,8,ホンダ,貨物車(軽),1998,JADA,2026-06-24
12183,2024,8,いすゞ,貨物車(登録車),5401,JADA,2026-06-24
12184,2024,8,レクサス,乗用車(登録車),6500,JADA,2026-06-24
12185,2024,8,マツダ,乗用車(登録車),7041,JADA,2026-06-24
12186,2024,8,マツダ,貨物車(登録車),247,JADA,2026-06-24
12187,2024,8,マツダ,乗用車(軽),2141,JADA,2026-06-24
12188,2024,8,マツダ,貨物車(軽),540,JADA,2026-06-24
12189,2024,8,三菱,乗用車(登録車),2897,JADA,2026-06-24
12190,2024,8,三菱,貨物車(登録車),707,JADA,2026-06-24
12191,2024,8,三菱,乗用車(軽),4575,JADA,2026-06-24
12192,2024,8,三菱,貨物車(軽),866,JADA,2026-06-24
12193,2024,8,三菱ふそう,貨物車(登録車),2355,JADA,2026-06-24
12194,2024,8,日産,乗用車(登録車),16954,JADA,2026-06-24
12195,2024,8,日産,貨物車(登録車),2511,JADA,2026-06-24
12196,2024,8,日産,乗用車(軽),10401,JADA,2026-06-24
12197,2024,8,日産,貨物車(軽),2702,JADA,2026-06-24
12198,2024,8,スバル,乗用車(登録車),6690,JADA,2026-06-24
12199,2024,8,スバル,乗用車(軽),552,JADA,2026-06-24
12200,2024,8,スバル,貨物車(軽),505,JADA,2026-06-24
12201,2024,8,スズキ,乗用車(登録車),8097,JADA,2026-06-24
12202,2024,8,スズキ,乗用車(軽),32373,JADA,2026-06-24
12203,2024,8,スズキ,貨物車(軽),8344,JADA,2026-06-24
12204,2024,8,トヨタ,乗用車(登録車),88949,JADA,2026-06-24
12205,2024,8,トヨタ,貨物車(登録車),11978,JADA,2026-06-24
12206,2024,8,トヨタ,乗用車(軽),712,JADA,2026-06-24
12207,2024,8,トヨタ,貨物車(軽),974,JADA,2026-06-24
12208,2024,8,UDトラックス,貨物車(登録車),863,JADA,2026-06-24
12209,2024,8,ABARTH,乗用車(登録車),163,JADA,2026-06-24
12210,2024,8,Alfa Romeo,乗用車(登録車),52,JADA,2026-06-24
12211,2024,8,Aston Martin,乗用車(登録車),33,JADA,2026-06-24
12212,2024,8,Audi,乗用車(登録車),1408,JADA,2026-06-24
12213,2024,8,Bentley,乗用車(登録車),40,JADA,2026-06-24
12214,2024,8,BMW,乗用車(登録車),2659,JADA,2026-06-24
12215,2024,8,BMW Alpina,乗用車(登録車),22,JADA,2026-06-24
12216,2024,8,BMW MINI,乗用車(登録車),1097,JADA,2026-06-24
12217,2024,8,BYD,乗用車(登録車),298,JADA,2026-06-24
12218,2024,8,Cadillac,乗用車(登録車),19,JADA,2026-06-24
12219,2024,8,Chevrolet,乗用車(登録車),20,JADA,2026-06-24
12220,2024,8,Citroen,乗用車(登録車),169,JADA,2026-06-24
12221,2024,8,Dodge,乗用車(登録車),14,JADA,2026-06-24
12222,2024,8,Dodge,貨物車(登録車),1,JADA,2026-06-24
12223,2024,8,DS,乗用車(登録車),31,JADA,2026-06-24
12224,2024,8,Ferrari,乗用車(登録車),70,JADA,2026-06-24
12225,2024,8,Fiat,乗用車(登録車),265,JADA,2026-06-24
12226,2024,8,Fiat,貨物車(登録車),23,JADA,2026-06-24
12227,2024,8,Ford,乗用車(登録車),15,JADA,2026-06-24
12228,2024,8,Ford,貨物車(登録車),3,JADA,2026-06-24
12229,2024,8,Hyundai,乗用車(登録車),46,JADA,2026-06-24
12230,2024,8,Jaguar,乗用車(登録車),34,JADA,2026-06-24
12231,2024,8,Jeep,乗用車(登録車),590,JADA,2026-06-24
12232,2024,8,Jeep,貨物車(登録車),20,JADA,2026-06-24
12233,2024,8,Lamborghini,乗用車(登録車),30,JADA,2026-06-24
12234,2024,8,Land Rover,乗用車(登録車),728,JADA,2026-06-24
12235,2024,8,Land Rover,貨物車(登録車),1,JADA,2026-06-24
12236,2024,8,Lotus,乗用車(登録車),32,JADA,2026-06-24
12237,2024,8,Maserati,乗用車(登録車),65,JADA,2026-06-24
12238,2024,8,ＭcＬaren,乗用車(登録車),20,JADA,2026-06-24
12239,2024,8,Mercedes-Benz,乗用車(登録車),4363,JADA,2026-06-24
12240,2024,8,Peugeot,乗用車(登録車),350,JADA,2026-06-24
12241,2024,8,Porsche,乗用車(登録車),510,JADA,2026-06-24
12242,2024,8,Renault,乗用車(登録車),230,JADA,2026-06-24
12243,2024,8,Roｌｌs Royce,乗用車(登録車),30,JADA,2026-06-24
12244,2024,8,Scania,貨物車(登録車),36,JADA,2026-06-24
12245,2024,8,Volvo,乗用車(登録車),798,JADA,2026-06-24
12246,2024,8,Volvo,貨物車(登録車),32,JADA,2026-06-24
12247,2024,8,VW,乗用車(登録車),1084,JADA,2026-06-24
12248,2024,7,ダイハツ,乗用車(登録車),1395,JADA,2026-06-24
12249,2024,7,ダイハツ,貨物車(登録車),216,JADA,2026-06-24
12250,2024,7,ダイハツ,乗用車(軽),26465,JADA,2026-06-24
12251,2024,7,ダイハツ,貨物車(軽),13970,JADA,2026-06-24
12252,2024,7,日野,貨物車(登録車),3546,JADA,2026-06-24
12253,2024,7,ホンダ,乗用車(登録車),35786,JADA,2026-06-24
12254,2024,7,ホンダ,乗用車(軽),21248,JADA,2026-06-24
12255,2024,7,ホンダ,貨物車(軽),2750,JADA,2026-06-24
12256,2024,7,いすゞ,貨物車(登録車),6007,JADA,2026-06-24
12257,2024,7,レクサス,乗用車(登録車),8176,JADA,2026-06-24
12258,2024,7,マツダ,乗用車(登録車),8095,JADA,2026-06-24
12259,2024,7,マツダ,貨物車(登録車),301,JADA,2026-06-24
12260,2024,7,マツダ,乗用車(軽),2534,JADA,2026-06-24
12261,2024,7,マツダ,貨物車(軽),508,JADA,2026-06-24
12262,2024,7,三菱,乗用車(登録車),3695,JADA,2026-06-24
12263,2024,7,三菱,貨物車(登録車),247,JADA,2026-06-24
12264,2024,7,三菱,乗用車(軽),4821,JADA,2026-06-24
12265,2024,7,三菱,貨物車(軽),880,JADA,2026-06-24
12266,2024,7,三菱ふそう,貨物車(登録車),2647,JADA,2026-06-24
12267,2024,7,日産,乗用車(登録車),22780,JADA,2026-06-24
12268,2024,7,日産,貨物車(登録車),2930,JADA,2026-06-24
12269,2024,7,日産,乗用車(軽),13561,JADA,2026-06-24
12270,2024,7,日産,貨物車(軽),3428,JADA,2026-06-24
12271,2024,7,スバル,乗用車(登録車),8820,JADA,2026-06-24
12272,2024,7,スバル,乗用車(軽),696,JADA,2026-06-24
12273,2024,7,スバル,貨物車(軽),536,JADA,2026-06-24
12274,2024,7,スズキ,乗用車(登録車),10571,JADA,2026-06-24
12275,2024,7,スズキ,乗用車(軽),38882,JADA,2026-06-24
12276,2024,7,スズキ,貨物車(軽),9745,JADA,2026-06-24
12277,2024,7,トヨタ,乗用車(登録車),114135,JADA,2026-06-24
12278,2024,7,トヨタ,貨物車(登録車),15611,JADA,2026-06-24
12279,2024,7,トヨタ,乗用車(軽),809,JADA,2026-06-24
12280,2024,7,トヨタ,貨物車(軽),1124,JADA,2026-06-24
12281,2024,7,UDトラックス,貨物車(登録車),918,JADA,2026-06-24
12282,2024,7,ABARTH,乗用車(登録車),221,JADA,2026-06-24
12283,2024,7,Alfa Romeo,乗用車(登録車),55,JADA,2026-06-24
12284,2024,7,Aston Martin,乗用車(登録車),55,JADA,2026-06-24
12285,2024,7,Audi,乗用車(登録車),1343,JADA,2026-06-24
12286,2024,7,Bentley,乗用車(登録車),38,JADA,2026-06-24
12287,2024,7,BMW,乗用車(登録車),2672,JADA,2026-06-24
12288,2024,7,BMW Alpina,乗用車(登録車),21,JADA,2026-06-24
12289,2024,7,BMW MINI,乗用車(登録車),1386,JADA,2026-06-24
12290,2024,7,BYD,乗用車(登録車),207,JADA,2026-06-24
12291,2024,7,Cadillac,乗用車(登録車),21,JADA,2026-06-24
12292,2024,7,Chevrolet,乗用車(登録車),38,JADA,2026-06-24
12293,2024,7,Chevrolet,貨物車(登録車),2,JADA,2026-06-24
12294,2024,7,Citroen,乗用車(登録車),216,JADA,2026-06-24
12295,2024,7,Dodge,乗用車(登録車),11,JADA,2026-06-24
12296,2024,7,Dodge,貨物車(登録車),2,JADA,2026-06-24
12297,2024,7,DS,乗用車(登録車),26,JADA,2026-06-24
12298,2024,7,Ferrari,乗用車(登録車),175,JADA,2026-06-24
12299,2024,7,Fiat,乗用車(登録車),373,JADA,2026-06-24
12300,2024,7,Fiat,貨物車(登録車),38,JADA,2026-06-24
12301,2024,7,Ford,乗用車(登録車),19,JADA,2026-06-24
12302,2024,7,Ford,貨物車(登録車),1,JADA,2026-06-24
12303,2024,7,Hyundai,乗用車(登録車),43,JADA,2026-06-24
12304,2024,7,Jaguar,乗用車(登録車),26,JADA,2026-06-24
12305,2024,7,Jeep,乗用車(登録車),681,JADA,2026-06-24
12306,2024,7,Jeep,貨物車(登録車),27,JADA,2026-06-24
12307,2024,7,Lamborghini,乗用車(登録車),85,JADA,2026-06-24
12308,2024,7,Land Rover,乗用車(登録車),398,JADA,2026-06-24
12309,2024,7,Lotus,乗用車(登録車),27,JADA,2026-06-24
12310,2024,7,Maserati,乗用車(登録車),83,JADA,2026-06-24
12311,2024,7,ＭcＬaren,乗用車(登録車),31,JADA,2026-06-24
12312,2024,7,Mercedes-Benz,乗用車(登録車),4084,JADA,2026-06-24
12313,2024,7,Peugeot,乗用車(登録車),346,JADA,2026-06-24
12314,2024,7,Porsche,乗用車(登録車),752,JADA,2026-06-24
12315,2024,7,Renault,乗用車(登録車),308,JADA,2026-06-24
12316,2024,7,Roｌｌs Royce,乗用車(登録車),43,JADA,2026-06-24
12317,2024,7,Scania,貨物車(登録車),37,JADA,2026-06-24
12318,2024,7,Volvo,乗用車(登録車),877,JADA,2026-06-24
12319,2024,7,Volvo,貨物車(登録車),50,JADA,2026-06-24
12320,2024,7,VW,乗用車(登録車),1240,JADA,2026-06-24
12321,2024,6,ダイハツ,乗用車(登録車),1294,JADA,2026-06-24
12322,2024,6,ダイハツ,貨物車(登録車),39,JADA,2026-06-24
12323,2024,6,ダイハツ,乗用車(軽),23103,JADA,2026-06-24
12324,2024,6,ダイハツ,貨物車(軽),11587,JADA,2026-06-24
12325,2024,6,日野,貨物車(登録車),3717,JADA,2026-06-24
12326,2024,6,ホンダ,乗用車(登録車),34958,JADA,2026-06-24
12327,2024,6,ホンダ,乗用車(軽),21628,JADA,2026-06-24
12328,2024,6,ホンダ,貨物車(軽),2661,JADA,2026-06-24
12329,2024,6,いすゞ,貨物車(登録車),5501,JADA,2026-06-24
12330,2024,6,レクサス,乗用車(登録車),7575,JADA,2026-06-24
12331,2024,6,マツダ,乗用車(登録車),6180,JADA,2026-06-24
12332,2024,6,マツダ,貨物車(登録車),291,JADA,2026-06-24
12333,2024,6,マツダ,乗用車(軽),2466,JADA,2026-06-24
12334,2024,6,マツダ,貨物車(軽),633,JADA,2026-06-24
12335,2024,6,三菱,乗用車(登録車),3058,JADA,2026-06-24
12336,2024,6,三菱,貨物車(登録車),27,JADA,2026-06-24
12337,2024,6,三菱,乗用車(軽),3902,JADA,2026-06-24
12338,2024,6,三菱,貨物車(軽),654,JADA,2026-06-24
12339,2024,6,三菱ふそう,貨物車(登録車),2977,JADA,2026-06-24
12340,2024,6,日産,乗用車(登録車),19686,JADA,2026-06-24
12341,2024,6,日産,貨物車(登録車),2765,JADA,2026-06-24
12342,2024,6,日産,乗用車(軽),10412,JADA,2026-06-24
12343,2024,6,日産,貨物車(軽),3516,JADA,2026-06-24
12344,2024,6,スバル,乗用車(登録車),7375,JADA,2026-06-24
12345,2024,6,スバル,乗用車(軽),603,JADA,2026-06-24
12346,2024,6,スバル,貨物車(軽),599,JADA,2026-06-24
12347,2024,6,スズキ,乗用車(登録車),10204,JADA,2026-06-24
12348,2024,6,スズキ,乗用車(軽),38069,JADA,2026-06-24
12349,2024,6,スズキ,貨物車(軽),10510,JADA,2026-06-24
12350,2024,6,トヨタ,乗用車(登録車),98396,JADA,2026-06-24
12351,2024,6,トヨタ,貨物車(登録車),13329,JADA,2026-06-24
12352,2024,6,トヨタ,乗用車(軽),585,JADA,2026-06-24
12353,2024,6,トヨタ,貨物車(軽),1082,JADA,2026-06-24
12354,2024,6,UDトラックス,貨物車(登録車),767,JADA,2026-06-24
12355,2024,6,ABARTH,乗用車(登録車),224,JADA,2026-06-24
12356,2024,6,Alfa Romeo,乗用車(登録車),114,JADA,2026-06-24
12357,2024,6,Aston Martin,乗用車(登録車),73,JADA,2026-06-24
12358,2024,6,Audi,乗用車(登録車),2357,JADA,2026-06-24
12359,2024,6,Bentley,乗用車(登録車),92,JADA,2026-06-24
12360,2024,6,BMW,乗用車(登録車),3853,JADA,2026-06-24
12361,2024,6,BMW Alpina,乗用車(登録車),36,JADA,2026-06-24
12362,2024,6,BMW MINI,乗用車(登録車),579,JADA,2026-06-24
12363,2024,6,BYD,乗用車(登録車),148,JADA,2026-06-24
12364,2024,6,Cadillac,乗用車(登録車),52,JADA,2026-06-24
12365,2024,6,Chevrolet,乗用車(登録車),66,JADA,2026-06-24
12366,2024,6,Chevrolet,貨物車(登録車),3,JADA,2026-06-24
12367,2024,6,Citroen,乗用車(登録車),259,JADA,2026-06-24
12368,2024,6,Dodge,乗用車(登録車),13,JADA,2026-06-24
12369,2024,6,DS,乗用車(登録車),61,JADA,2026-06-24
12370,2024,6,Ferrari,乗用車(登録車),134,JADA,2026-06-24
12371,2024,6,Fiat,乗用車(登録車),490,JADA,2026-06-24
12372,2024,6,Fiat,貨物車(登録車),32,JADA,2026-06-24
12373,2024,6,Ford,乗用車(登録車),12,JADA,2026-06-24
12374,2024,6,Ford,貨物車(登録車),4,JADA,2026-06-24
12375,2024,6,Hyundai,乗用車(登録車),26,JADA,2026-06-24
12376,2024,6,Jaguar,乗用車(登録車),84,JADA,2026-06-24
12377,2024,6,Jeep,乗用車(登録車),931,JADA,2026-06-24
12378,2024,6,Jeep,貨物車(登録車),5,JADA,2026-06-24
12379,2024,6,Lamborghini,乗用車(登録車),80,JADA,2026-06-24
12380,2024,6,Land Rover,乗用車(登録車),748,JADA,2026-06-24
12381,2024,6,Lotus,乗用車(登録車),20,JADA,2026-06-24
12382,2024,6,Maserati,乗用車(登録車),145,JADA,2026-06-24
12383,2024,6,ＭcＬaren,乗用車(登録車),29,JADA,2026-06-24
12384,2024,6,Mercedes-Benz,乗用車(登録車),5166,JADA,2026-06-24
12385,2024,6,Peugeot,乗用車(登録車),485,JADA,2026-06-24
12386,2024,6,Porsche,乗用車(登録車),924,JADA,2026-06-24
12387,2024,6,Renault,乗用車(登録車),409,JADA,2026-06-24
12388,2024,6,Renault,貨物車(登録車),1,JADA,2026-06-24
12389,2024,6,Roｌｌs Royce,乗用車(登録車),15,JADA,2026-06-24
12390,2024,6,Scania,貨物車(登録車),38,JADA,2026-06-24
12391,2024,6,Volvo,乗用車(登録車),1332,JADA,2026-06-24
12392,2024,6,Volvo,貨物車(登録車),44,JADA,2026-06-24
12393,2024,6,VW,乗用車(登録車),2680,JADA,2026-06-24
12394,2024,5,ダイハツ,乗用車(登録車),630,JADA,2026-06-24
12395,2024,5,ダイハツ,貨物車(登録車),124,JADA,2026-06-24
12396,2024,5,ダイハツ,乗用車(軽),12435,JADA,2026-06-24
12397,2024,5,ダイハツ,貨物車(軽),9990,JADA,2026-06-24
12398,2024,5,日野,貨物車(登録車),3135,JADA,2026-06-24
12399,2024,5,ホンダ,乗用車(登録車),27747,JADA,2026-06-24
12400,2024,5,ホンダ,乗用車(軽),18395,JADA,2026-06-24
12401,2024,5,ホンダ,貨物車(軽),2385,JADA,2026-06-24
12402,2024,5,いすゞ,貨物車(登録車),4302,JADA,2026-06-24
12403,2024,5,レクサス,乗用車(登録車),6792,JADA,2026-06-24
12404,2024,5,マツダ,乗用車(登録車),6812,JADA,2026-06-24
12405,2024,5,マツダ,貨物車(登録車),254,JADA,2026-06-24
12406,2024,5,マツダ,乗用車(軽),1976,JADA,2026-06-24
12407,2024,5,マツダ,貨物車(軽),506,JADA,2026-06-24
12408,2024,5,三菱,乗用車(登録車),2499,JADA,2026-06-24
12409,2024,5,三菱,貨物車(登録車),199,JADA,2026-06-24
12410,2024,5,三菱,乗用車(軽),3457,JADA,2026-06-24
12411,2024,5,三菱,貨物車(軽),599,JADA,2026-06-24
12412,2024,5,三菱ふそう,貨物車(登録車),2323,JADA,2026-06-24
12413,2024,5,日産,乗用車(登録車),16384,JADA,2026-06-24
12414,2024,5,日産,貨物車(登録車),2035,JADA,2026-06-24
12415,2024,5,日産,乗用車(軽),10004,JADA,2026-06-24
12416,2024,5,日産,貨物車(軽),3173,JADA,2026-06-24
12417,2024,5,スバル,乗用車(登録車),6492,JADA,2026-06-24
12418,2024,5,スバル,乗用車(軽),545,JADA,2026-06-24
12419,2024,5,スバル,貨物車(軽),326,JADA,2026-06-24
12420,2024,5,スズキ,乗用車(登録車),9308,JADA,2026-06-24
12421,2024,5,スズキ,乗用車(軽),37474,JADA,2026-06-24
12422,2024,5,スズキ,貨物車(軽),8764,JADA,2026-06-24
12423,2024,5,トヨタ,乗用車(登録車),82941,JADA,2026-06-24
12424,2024,5,トヨタ,貨物車(登録車),11175,JADA,2026-06-24
12425,2024,5,トヨタ,乗用車(軽),344,JADA,2026-06-24
12426,2024,5,トヨタ,貨物車(軽),385,JADA,2026-06-24
12427,2024,5,UDトラックス,貨物車(登録車),596,JADA,2026-06-24
12428,2024,5,ABARTH,乗用車(登録車),126,JADA,2026-06-24
12429,2024,5,Alfa Romeo,乗用車(登録車),77,JADA,2026-06-24
12430,2024,5,Aston Martin,乗用車(登録車),52,JADA,2026-06-24
12431,2024,5,Audi,乗用車(登録車),1885,JADA,2026-06-24
12432,2024,5,Bentley,乗用車(登録車),48,JADA,2026-06-24
12433,2024,5,BMW,乗用車(登録車),2791,JADA,2026-06-24
12434,2024,5,BMW Alpina,乗用車(登録車),28,JADA,2026-06-24
12435,2024,5,BMW MINI,乗用車(登録車),798,JADA,2026-06-24
12436,2024,5,BYD,乗用車(登録車),95,JADA,2026-06-24
12437,2024,5,Cadillac,乗用車(登録車),38,JADA,2026-06-24
12438,2024,5,Chevrolet,乗用車(登録車),36,JADA,2026-06-24
12439,2024,5,Chevrolet,貨物車(登録車),1,JADA,2026-06-24
12440,2024,5,Chrysler,乗用車(登録車),1,JADA,2026-06-24
12441,2024,5,Citroen,乗用車(登録車),239,JADA,2026-06-24
12442,2024,5,Dodge,乗用車(登録車),5,JADA,2026-06-24
12443,2024,5,DS,乗用車(登録車),36,JADA,2026-06-24
12444,2024,5,Ferrari,乗用車(登録車),113,JADA,2026-06-24
12445,2024,5,Fiat,乗用車(登録車),318,JADA,2026-06-24
12446,2024,5,Fiat,貨物車(登録車),24,JADA,2026-06-24
12447,2024,5,Ford,乗用車(登録車),20,JADA,2026-06-24
12448,2024,5,Ford,貨物車(登録車),3,JADA,2026-06-24
12449,2024,5,Hyundai,乗用車(登録車),23,JADA,2026-06-24
12450,2024,5,Jaguar,乗用車(登録車),50,JADA,2026-06-24
12451,2024,5,Jeep,乗用車(登録車),892,JADA,2026-06-24
12452,2024,5,Jeep,貨物車(登録車),3,JADA,2026-06-24
12453,2024,5,Lamborghini,乗用車(登録車),49,JADA,2026-06-24
12454,2024,5,Land Rover,乗用車(登録車),526,JADA,2026-06-24
12455,2024,5,Lotus,乗用車(登録車),16,JADA,2026-06-24
12456,2024,5,Maserati,乗用車(登録車),100,JADA,2026-06-24
12457,2024,5,ＭcＬaren,乗用車(登録車),20,JADA,2026-06-24
12458,2024,5,Mercedes-Benz,乗用車(登録車),3885,JADA,2026-06-24
12459,2024,5,Peugeot,乗用車(登録車),425,JADA,2026-06-24
12460,2024,5,Porsche,乗用車(登録車),607,JADA,2026-06-24
12461,2024,5,Renault,乗用車(登録車),373,JADA,2026-06-24
12462,2024,5,Roｌｌs Royce,乗用車(登録車),27,JADA,2026-06-24
12463,2024,5,Scania,貨物車(登録車),37,JADA,2026-06-24
12464,2024,5,Volvo,乗用車(登録車),823,JADA,2026-06-24
12465,2024,5,Volvo,貨物車(登録車),32,JADA,2026-06-24
12466,2024,5,VW,乗用車(登録車),2100,JADA,2026-06-24
12467,2024,4,ダイハツ,乗用車(登録車),296,JADA,2026-06-24
12468,2024,4,ダイハツ,貨物車(登録車),6,JADA,2026-06-24
12469,2024,4,ダイハツ,乗用車(軽),6074,JADA,2026-06-24
12470,2024,4,ダイハツ,貨物車(軽),10325,JADA,2026-06-24
12471,2024,4,日野,貨物車(登録車),2968,JADA,2026-06-24
12472,2024,4,ホンダ,乗用車(登録車),30031,JADA,2026-06-24
12473,2024,4,ホンダ,乗用車(軽),18315,JADA,2026-06-24
12474,2024,4,ホンダ,貨物車(軽),1797,JADA,2026-06-24
12475,2024,4,いすゞ,貨物車(登録車),4038,JADA,2026-06-24
12476,2024,4,レクサス,乗用車(登録車),7422,JADA,2026-06-24
12477,2024,4,マツダ,乗用車(登録車),7170,JADA,2026-06-24
12478,2024,4,マツダ,貨物車(登録車),218,JADA,2026-06-24
12479,2024,4,マツダ,乗用車(軽),2271,JADA,2026-06-24
12480,2024,4,マツダ,貨物車(軽),428,JADA,2026-06-24
12481,2024,4,三菱,乗用車(登録車),2175,JADA,2026-06-24
12482,2024,4,三菱,貨物車(登録車),463,JADA,2026-06-24
12483,2024,4,三菱,乗用車(軽),5085,JADA,2026-06-24
12484,2024,4,三菱,貨物車(軽),487,JADA,2026-06-24
12485,2024,4,三菱ふそう,貨物車(登録車),2892,JADA,2026-06-24
12486,2024,4,日産,乗用車(登録車),16341,JADA,2026-06-24
12487,2024,4,日産,貨物車(登録車),2554,JADA,2026-06-24
12488,2024,4,日産,乗用車(軽),8005,JADA,2026-06-24
12489,2024,4,日産,貨物車(軽),3158,JADA,2026-06-24
12490,2024,4,スバル,乗用車(登録車),5824,JADA,2026-06-24
12491,2024,4,スバル,乗用車(軽),253,JADA,2026-06-24
12492,2024,4,スバル,貨物車(軽),331,JADA,2026-06-24
12493,2024,4,スズキ,乗用車(登録車),10262,JADA,2026-06-24
12494,2024,4,スズキ,乗用車(軽),36609,JADA,2026-06-24
12495,2024,4,スズキ,貨物車(軽),8983,JADA,2026-06-24
12496,2024,4,トヨタ,乗用車(登録車),88066,JADA,2026-06-24
12497,2024,4,トヨタ,貨物車(登録車),11407,JADA,2026-06-24
12498,2024,4,トヨタ,乗用車(軽),509,JADA,2026-06-24
12499,2024,4,トヨタ,貨物車(軽),172,JADA,2026-06-24
12500,2024,4,UDトラックス,貨物車(登録車),508,JADA,2026-06-24
12501,2024,4,ABARTH,乗用車(登録車),95,JADA,2026-06-24
12502,2024,4,Alfa Romeo,乗用車(登録車),71,JADA,2026-06-24
12503,2024,4,Aston Martin,乗用車(登録車),50,JADA,2026-06-24
12504,2024,4,Audi,乗用車(登録車),1585,JADA,2026-06-24
12505,2024,4,Bentley,乗用車(登録車),30,JADA,2026-06-24
12506,2024,4,BMW,乗用車(登録車),1811,JADA,2026-06-24
12507,2024,4,BMW Alpina,乗用車(登録車),35,JADA,2026-06-24
12508,2024,4,BMW MINI,乗用車(登録車),1018,JADA,2026-06-24
12509,2024,4,BYD,乗用車(登録車),66,JADA,2026-06-24
12510,2024,4,Cadillac,乗用車(登録車),18,JADA,2026-06-24
12511,2024,4,Chevrolet,乗用車(登録車),56,JADA,2026-06-24
12512,2024,4,Chevrolet,貨物車(登録車),5,JADA,2026-06-24
12513,2024,4,Chrysler,乗用車(登録車),1,JADA,2026-06-24
12514,2024,4,Citroen,乗用車(登録車),213,JADA,2026-06-24
12515,2024,4,Dodge,乗用車(登録車),8,JADA,2026-06-24
12516,2024,4,Dodge,貨物車(登録車),1,JADA,2026-06-24
12517,2024,4,DS,乗用車(登録車),35,JADA,2026-06-24
12518,2024,4,Ferrari,乗用車(登録車),118,JADA,2026-06-24
12519,2024,4,Fiat,乗用車(登録車),240,JADA,2026-06-24
12520,2024,4,Fiat,貨物車(登録車),36,JADA,2026-06-24
12521,2024,4,Ford,乗用車(登録車),18,JADA,2026-06-24
12522,2024,4,Ford,貨物車(登録車),3,JADA,2026-06-24
12523,2024,4,Hyundai,乗用車(登録車),39,JADA,2026-06-24
12524,2024,4,Jaguar,乗用車(登録車),22,JADA,2026-06-24
12525,2024,4,Jeep,乗用車(登録車),674,JADA,2026-06-24
12526,2024,4,Jeep,貨物車(登録車),2,JADA,2026-06-24
12527,2024,4,Lamborghini,乗用車(登録車),48,JADA,2026-06-24
12528,2024,4,Land Rover,乗用車(登録車),488,JADA,2026-06-24
12529,2024,4,Land Rover,貨物車(登録車),4,JADA,2026-06-24
12530,2024,4,Lotus,乗用車(登録車),29,JADA,2026-06-24
12531,2024,4,Maserati,乗用車(登録車),76,JADA,2026-06-24
12532,2024,4,ＭcＬaren,乗用車(登録車),26,JADA,2026-06-24
12533,2024,4,Mercedes-Benz,乗用車(登録車),3211,JADA,2026-06-24
12534,2024,4,Mercedes-Benz,貨物車(登録車),1,JADA,2026-06-24
12535,2024,4,Peugeot,乗用車(登録車),341,JADA,2026-06-24
12536,2024,4,Porsche,乗用車(登録車),615,JADA,2026-06-24
12537,2024,4,Renault,乗用車(登録車),283,JADA,2026-06-24
12538,2024,4,Roｌｌs Royce,乗用車(登録車),41,JADA,2026-06-24
12539,2024,4,Scania,貨物車(登録車),40,JADA,2026-06-24
12540,2024,4,smart,乗用車(登録車),1,JADA,2026-06-24
12541,2024,4,Volvo,乗用車(登録車),803,JADA,2026-06-24
12542,2024,4,Volvo,貨物車(登録車),72,JADA,2026-06-24
12543,2024,4,VW,乗用車(登録車),1689,JADA,2026-06-24
12544,2024,3,ダイハツ,乗用車(登録車),317,JADA,2026-06-24
12545,2024,3,ダイハツ,貨物車(登録車),9,JADA,2026-06-24
12546,2024,3,ダイハツ,乗用車(軽),5257,JADA,2026-06-24
12547,2024,3,ダイハツ,貨物車(軽),9195,JADA,2026-06-24
12548,2024,3,日野,貨物車(登録車),4447,JADA,2026-06-24
12549,2024,3,ホンダ,乗用車(登録車),45585,JADA,2026-06-24
12550,2024,3,ホンダ,乗用車(軽),25263,JADA,2026-06-24
12551,2024,3,ホンダ,貨物車(軽),2474,JADA,2026-06-24
12552,2024,3,いすゞ,貨物車(登録車),6529,JADA,2026-06-24
12553,2024,3,レクサス,乗用車(登録車),9190,JADA,2026-06-24
12554,2024,3,マツダ,乗用車(登録車),11104,JADA,2026-06-24
12555,2024,3,マツダ,貨物車(登録車),405,JADA,2026-06-24
12556,2024,3,マツダ,乗用車(軽),3874,JADA,2026-06-24
12557,2024,3,マツダ,貨物車(軽),733,JADA,2026-06-24
12558,2024,3,三菱,乗用車(登録車),5156,JADA,2026-06-24
12559,2024,3,三菱,貨物車(登録車),247,JADA,2026-06-24
12560,2024,3,三菱,乗用車(軽),8520,JADA,2026-06-24
12561,2024,3,三菱,貨物車(軽),1158,JADA,2026-06-24
12562,2024,3,三菱ふそう,貨物車(登録車),3384,JADA,2026-06-24
12563,2024,3,日産,乗用車(登録車),31657,JADA,2026-06-24
12564,2024,3,日産,貨物車(登録車),4362,JADA,2026-06-24
12565,2024,3,日産,乗用車(軽),18951,JADA,2026-06-24
12566,2024,3,日産,貨物車(軽),4174,JADA,2026-06-24
12567,2024,3,スバル,乗用車(登録車),10022,JADA,2026-06-24
12568,2024,3,スバル,乗用車(軽),231,JADA,2026-06-24
12569,2024,3,スバル,貨物車(軽),557,JADA,2026-06-24
12570,2024,3,スズキ,乗用車(登録車),16550,JADA,2026-06-24
12571,2024,3,スズキ,乗用車(軽),52397,JADA,2026-06-24
12572,2024,3,スズキ,貨物車(軽),14025,JADA,2026-06-24
12573,2024,3,トヨタ,乗用車(登録車),111173,JADA,2026-06-24
12574,2024,3,トヨタ,貨物車(登録車),12287,JADA,2026-06-24
12575,2024,3,トヨタ,乗用車(軽),821,JADA,2026-06-24
12576,2024,3,トヨタ,貨物車(軽),580,JADA,2026-06-24
12577,2024,3,UDトラックス,貨物車(登録車),1351,JADA,2026-06-24
12578,2024,3,ABARTH,乗用車(登録車),213,JADA,2026-06-24
12579,2024,3,Alfa Romeo,乗用車(登録車),160,JADA,2026-06-24
12580,2024,3,Aston Martin,乗用車(登録車),30,JADA,2026-06-24
12581,2024,3,Audi,乗用車(登録車),3157,JADA,2026-06-24
12582,2024,3,Bentley,乗用車(登録車),60,JADA,2026-06-24
12583,2024,3,BMW,乗用車(登録車),4279,JADA,2026-06-24
12584,2024,3,BMW Alpina,乗用車(登録車),51,JADA,2026-06-24
12585,2024,3,BMW MINI,乗用車(登録車),1978,JADA,2026-06-24
12586,2024,3,BYD,乗用車(登録車),353,JADA,2026-06-24
12587,2024,3,Cadillac,乗用車(登録車),63,JADA,2026-06-24
12588,2024,3,Chevrolet,乗用車(登録車),91,JADA,2026-06-24
12589,2024,3,Chevrolet,貨物車(登録車),2,JADA,2026-06-24
12590,2024,3,Citroen,乗用車(登録車),406,JADA,2026-06-24
12591,2024,3,Dodge,乗用車(登録車),10,JADA,2026-06-24
12592,2024,3,DS,乗用車(登録車),61,JADA,2026-06-24
12593,2024,3,Ferrari,乗用車(登録車),147,JADA,2026-06-24
12594,2024,3,Fiat,乗用車(登録車),483,JADA,2026-06-24
12595,2024,3,Fiat,貨物車(登録車),18,JADA,2026-06-24
12596,2024,3,Ford,乗用車(登録車),12,JADA,2026-06-24
12597,2024,3,Ford,貨物車(登録車),7,JADA,2026-06-24
12598,2024,3,Hyundai,乗用車(登録車),70,JADA,2026-06-24
12599,2024,3,Jaguar,乗用車(登録車),62,JADA,2026-06-24
12600,2024,3,Jeep,乗用車(登録車),1088,JADA,2026-06-24
12601,2024,3,Jeep,貨物車(登録車),5,JADA,2026-06-24
12602,2024,3,Lamborghini,乗用車(登録車),78,JADA,2026-06-24
12603,2024,3,Land Rover,乗用車(登録車),1165,JADA,2026-06-24
12604,2024,3,Land Rover,貨物車(登録車),2,JADA,2026-06-24
12605,2024,3,Lotus,乗用車(登録車),31,JADA,2026-06-24
12606,2024,3,Maserati,乗用車(登録車),149,JADA,2026-06-24
12607,2024,3,ＭcＬaren,乗用車(登録車),18,JADA,2026-06-24
12608,2024,3,Mercedes-Benz,乗用車(登録車),5883,JADA,2026-06-24
12609,2024,3,Peugeot,乗用車(登録車),721,JADA,2026-06-24
12610,2024,3,Porsche,乗用車(登録車),951,JADA,2026-06-24
12611,2024,3,Renault,乗用車(登録車),886,JADA,2026-06-24
12612,2024,3,Roｌｌs Royce,乗用車(登録車),34,JADA,2026-06-24
12613,2024,3,Scania,貨物車(登録車),51,JADA,2026-06-24
12614,2024,3,smart,乗用車(登録車),1,JADA,2026-06-24
12615,2024,3,Volvo,乗用車(登録車),1905,JADA,2026-06-24
12616,2024,3,Volvo,貨物車(登録車),58,JADA,2026-06-24
12617,2024,3,VW,乗用車(登録車),2826,JADA,2026-06-24
12618,2024,2,ダイハツ,乗用車(登録車),401,JADA,2026-06-24
12619,2024,2,ダイハツ,貨物車(登録車),11,JADA,2026-06-24
12620,2024,2,ダイハツ,乗用車(軽),5776,JADA,2026-06-24
12621,2024,2,ダイハツ,貨物車(軽),3623,JADA,2026-06-24
12622,2024,2,日野,貨物車(登録車),3041,JADA,2026-06-24
12623,2024,2,ホンダ,乗用車(登録車),33157,JADA,2026-06-24
12624,2024,2,ホンダ,乗用車(軽),21195,JADA,2026-06-24
12625,2024,2,ホンダ,貨物車(軽),2787,JADA,2026-06-24
12626,2024,2,いすゞ,貨物車(登録車),5089,JADA,2026-06-24
12627,2024,2,レクサス,乗用車(登録車),7429,JADA,2026-06-24
12628,2024,2,マツダ,乗用車(登録車),9065,JADA,2026-06-24
12629,2024,2,マツダ,貨物車(登録車),288,JADA,2026-06-24
12630,2024,2,マツダ,乗用車(軽),2945,JADA,2026-06-24
12631,2024,2,マツダ,貨物車(軽),565,JADA,2026-06-24
12632,2024,2,三菱,乗用車(登録車),3589,JADA,2026-06-24
12633,2024,2,三菱,貨物車(登録車),227,JADA,2026-06-24
12634,2024,2,三菱,乗用車(軽),6362,JADA,2026-06-24
12635,2024,2,三菱,貨物車(軽),998,JADA,2026-06-24
12636,2024,2,三菱ふそう,貨物車(登録車),2287,JADA,2026-06-24
12637,2024,2,日産,乗用車(登録車),24062,JADA,2026-06-24
12638,2024,2,日産,貨物車(登録車),3396,JADA,2026-06-24
12639,2024,2,日産,乗用車(軽),16754,JADA,2026-06-24
12640,2024,2,日産,貨物車(軽),3314,JADA,2026-06-24
12641,2024,2,スバル,乗用車(登録車),7035,JADA,2026-06-24
12642,2024,2,スバル,乗用車(軽),96,JADA,2026-06-24
12643,2024,2,スバル,貨物車(軽),79,JADA,2026-06-24
12644,2024,2,スズキ,乗用車(登録車),12367,JADA,2026-06-24
12645,2024,2,スズキ,乗用車(軽),42507,JADA,2026-06-24
12646,2024,2,スズキ,貨物車(軽),10551,JADA,2026-06-24
12647,2024,2,トヨタ,乗用車(登録車),87729,JADA,2026-06-24
12648,2024,2,トヨタ,貨物車(登録車),8032,JADA,2026-06-24
12649,2024,2,トヨタ,乗用車(軽),212,JADA,2026-06-24
12650,2024,2,トヨタ,貨物車(軽),276,JADA,2026-06-24
12651,2024,2,UDトラックス,貨物車(登録車),708,JADA,2026-06-24
12652,2024,2,ABARTH,乗用車(登録車),116,JADA,2026-06-24
12653,2024,2,Alfa Romeo,乗用車(登録車),68,JADA,2026-06-24
12654,2024,2,Aston Martin,乗用車(登録車),25,JADA,2026-06-24
12655,2024,2,Audi,乗用車(登録車),2005,JADA,2026-06-24
12656,2024,2,Bentley,乗用車(登録車),48,JADA,2026-06-24
12657,2024,2,BMW,乗用車(登録車),1831,JADA,2026-06-24
12658,2024,2,BMW Alpina,乗用車(登録車),43,JADA,2026-06-24
12659,2024,2,BMW MINI,乗用車(登録車),1073,JADA,2026-06-24
12660,2024,2,BYD,乗用車(登録車),120,JADA,2026-06-24
12661,2024,2,Cadillac,乗用車(登録車),37,JADA,2026-06-24
12662,2024,2,Chevrolet,乗用車(登録車),41,JADA,2026-06-24
12663,2024,2,Chevrolet,貨物車(登録車),4,JADA,2026-06-24
12664,2024,2,Chrysler,乗用車(登録車),1,JADA,2026-06-24
12665,2024,2,Citroen,乗用車(登録車),254,JADA,2026-06-24
12666,2024,2,Citroen,貨物車(登録車),1,JADA,2026-06-24
12667,2024,2,Dodge,乗用車(登録車),10,JADA,2026-06-24
12668,2024,2,Dodge,貨物車(登録車),1,JADA,2026-06-24
12669,2024,2,DS,乗用車(登録車),39,JADA,2026-06-24
12670,2024,2,Ferrari,乗用車(登録車),131,JADA,2026-06-24
12671,2024,2,Fiat,乗用車(登録車),294,JADA,2026-06-24
12672,2024,2,Fiat,貨物車(登録車),10,JADA,2026-06-24
12673,2024,2,Ford,乗用車(登録車),12,JADA,2026-06-24
12674,2024,2,Ford,貨物車(登録車),1,JADA,2026-06-24
12675,2024,2,Hyundai,乗用車(登録車),111,JADA,2026-06-24
12676,2024,2,Jaguar,乗用車(登録車),69,JADA,2026-06-24
12677,2024,2,Jeep,乗用車(登録車),658,JADA,2026-06-24
12678,2024,2,Jeep,貨物車(登録車),4,JADA,2026-06-24
12679,2024,2,Lamborghini,乗用車(登録車),64,JADA,2026-06-24
12680,2024,2,Land Rover,乗用車(登録車),699,JADA,2026-06-24
12681,2024,2,Land Rover,貨物車(登録車),1,JADA,2026-06-24
12682,2024,2,Lotus,乗用車(登録車),20,JADA,2026-06-24
12683,2024,2,Maserati,乗用車(登録車),96,JADA,2026-06-24
12684,2024,2,ＭcＬaren,乗用車(登録車),9,JADA,2026-06-24
12685,2024,2,Mercedes-Benz,乗用車(登録車),4197,JADA,2026-06-24
12686,2024,2,Peugeot,乗用車(登録車),486,JADA,2026-06-24
12687,2024,2,Porsche,乗用車(登録車),817,JADA,2026-06-24
12688,2024,2,Renault,乗用車(登録車),633,JADA,2026-06-24
12689,2024,2,Roｌｌs Royce,乗用車(登録車),22,JADA,2026-06-24
12690,2024,2,Scania,貨物車(登録車),21,JADA,2026-06-24
12691,2024,2,Volvo,乗用車(登録車),932,JADA,2026-06-24
12692,2024,2,Volvo,貨物車(登録車),36,JADA,2026-06-24
12693,2024,2,VW,乗用車(登録車),2455,JADA,2026-06-24
12694,2024,1,ダイハツ,乗用車(登録車),873,JADA,2026-06-24
12695,2024,1,ダイハツ,貨物車(登録車),24,JADA,2026-06-24
12696,2024,1,ダイハツ,乗用車(軽),12221,JADA,2026-06-24
12697,2024,1,ダイハツ,貨物車(軽),7124,JADA,2026-06-24
12698,2024,1,日野,貨物車(登録車),2452,JADA,2026-06-24
12699,2024,1,ホンダ,乗用車(登録車),28883,JADA,2026-06-24
12700,2024,1,ホンダ,乗用車(軽),21866,JADA,2026-06-24
12701,2024,1,ホンダ,貨物車(軽),2654,JADA,2026-06-24
12702,2024,1,いすゞ,貨物車(登録車),3966,JADA,2026-06-24
12703,2024,1,レクサス,乗用車(登録車),7238,JADA,2026-06-24
12704,2024,1,マツダ,乗用車(登録車),6943,JADA,2026-06-24
12705,2024,1,マツダ,貨物車(登録車),290,JADA,2026-06-24
12706,2024,1,マツダ,乗用車(軽),2715,JADA,2026-06-24
12707,2024,1,マツダ,貨物車(軽),529,JADA,2026-06-24
12708,2024,1,三菱,乗用車(登録車),2822,JADA,2026-06-24
12709,2024,1,三菱,貨物車(登録車),2,JADA,2026-06-24
12710,2024,1,三菱,乗用車(軽),5483,JADA,2026-06-24
12711,2024,1,三菱,貨物車(軽),646,JADA,2026-06-24
12712,2024,1,三菱ふそう,貨物車(登録車),1893,JADA,2026-06-24
12713,2024,1,日産,乗用車(登録車),20936,JADA,2026-06-24
12714,2024,1,日産,貨物車(登録車),2857,JADA,2026-06-24
12715,2024,1,日産,乗用車(軽),14455,JADA,2026-06-24
12716,2024,1,日産,貨物車(軽),2747,JADA,2026-06-24
12717,2024,1,スバル,乗用車(登録車),8117,JADA,2026-06-24
12718,2024,1,スバル,乗用車(軽),232,JADA,2026-06-24
12719,2024,1,スバル,貨物車(軽),292,JADA,2026-06-24
12720,2024,1,スズキ,乗用車(登録車),11001,JADA,2026-06-24
12721,2024,1,スズキ,乗用車(軽),34746,JADA,2026-06-24
12722,2024,1,スズキ,貨物車(軽),10963,JADA,2026-06-24
12723,2024,1,トヨタ,乗用車(登録車),92706,JADA,2026-06-24
12724,2024,1,トヨタ,貨物車(登録車),10935,JADA,2026-06-24
12725,2024,1,トヨタ,乗用車(軽),545,JADA,2026-06-24
12726,2024,1,トヨタ,貨物車(軽),663,JADA,2026-06-24
12727,2024,1,UDトラックス,貨物車(登録車),513,JADA,2026-06-24
12728,2024,1,ABARTH,乗用車(登録車),83,JADA,2026-06-24
12729,2024,1,Alfa Romeo,乗用車(登録車),75,JADA,2026-06-24
12730,2024,1,Aston Martin,乗用車(登録車),29,JADA,2026-06-24
12731,2024,1,Audi,乗用車(登録車),1142,JADA,2026-06-24
12732,2024,1,Bentley,乗用車(登録車),19,JADA,2026-06-24
12733,2024,1,BMW,乗用車(登録車),1537,JADA,2026-06-24
12734,2024,1,BMW Alpina,乗用車(登録車),31,JADA,2026-06-24
12735,2024,1,BMW MINI,乗用車(登録車),1075,JADA,2026-06-24
12736,2024,1,BYD,乗用車(登録車),198,JADA,2026-06-24
12737,2024,1,Cadillac,乗用車(登録車),30,JADA,2026-06-24
12738,2024,1,Chevrolet,乗用車(登録車),29,JADA,2026-06-24
12739,2024,1,Citroen,乗用車(登録車),148,JADA,2026-06-24
12740,2024,1,Dodge,乗用車(登録車),8,JADA,2026-06-24
12741,2024,1,Dodge,貨物車(登録車),1,JADA,2026-06-24
12742,2024,1,DS,乗用車(登録車),33,JADA,2026-06-24
12743,2024,1,Ferrari,乗用車(登録車),74,JADA,2026-06-24
12744,2024,1,Fiat,乗用車(登録車),245,JADA,2026-06-24
12745,2024,1,Fiat,貨物車(登録車),9,JADA,2026-06-24
12746,2024,1,Ford,乗用車(登録車),7,JADA,2026-06-24
12747,2024,1,Ford,貨物車(登録車),1,JADA,2026-06-24
12748,2024,1,Hyundai,乗用車(登録車),70,JADA,2026-06-24
12749,2024,1,Jaguar,乗用車(登録車),74,JADA,2026-06-24
12750,2024,1,Jeep,乗用車(登録車),443,JADA,2026-06-24
12751,2024,1,Lamborghini,乗用車(登録車),45,JADA,2026-06-24
12752,2024,1,Land Rover,乗用車(登録車),626,JADA,2026-06-24
12753,2024,1,Land Rover,貨物車(登録車),1,JADA,2026-06-24
12754,2024,1,Lotus,乗用車(登録車),27,JADA,2026-06-24
12755,2024,1,Maserati,乗用車(登録車),93,JADA,2026-06-24
12756,2024,1,ＭcＬaren,乗用車(登録車),15,JADA,2026-06-24
12757,2024,1,Mercedes-Benz,乗用車(登録車),3349,JADA,2026-06-24
12758,2024,1,Peugeot,乗用車(登録車),303,JADA,2026-06-24
12759,2024,1,Porsche,乗用車(登録車),762,JADA,2026-06-24
12760,2024,1,Renault,乗用車(登録車),444,JADA,2026-06-24
12761,2024,1,Roｌｌs Royce,乗用車(登録車),33,JADA,2026-06-24
12762,2024,1,Scania,貨物車(登録車),29,JADA,2026-06-24
12763,2024,1,Volvo,乗用車(登録車),560,JADA,2026-06-24
12764,2024,1,Volvo,貨物車(登録車),34,JADA,2026-06-24
12765,2024,1,VW,乗用車(登録車),1720,JADA,2026-06-24
12766,2025,12,ダイハツ,乗用車(登録車),2162,JADA,2026-06-24
12767,2025,12,ダイハツ,貨物車(登録車),33,JADA,2026-06-24
12768,2025,12,ダイハツ,乗用車(軽),25919,JADA,2026-06-24
12769,2025,12,ダイハツ,貨物車(軽),12673,JADA,2026-06-24
12770,2025,12,ホンダ,乗用車(登録車),23545,JADA,2026-06-24
12771,2025,12,ホンダ,乗用車(軽),18742,JADA,2026-06-24
12772,2025,12,ホンダ,貨物車(軽),2252,JADA,2026-06-24
12773,2025,12,レクサス,乗用車(登録車),5697,JADA,2026-06-24
12774,2025,12,マツダ,乗用車(登録車),8156,JADA,2026-06-24
12775,2025,12,マツダ,貨物車(登録車),294,JADA,2026-06-24
12776,2025,12,マツダ,乗用車(軽),1903,JADA,2026-06-24
12777,2025,12,マツダ,貨物車(軽),377,JADA,2026-06-24
12778,2025,12,三菱,乗用車(登録車),2332,JADA,2026-06-24
12779,2025,12,三菱,貨物車(登録車),234,JADA,2026-06-24
12780,2025,12,三菱,乗用車(軽),6012,JADA,2026-06-24
12781,2025,12,三菱,貨物車(軽),701,JADA,2026-06-24
12782,2025,12,日産,乗用車(登録車),12487,JADA,2026-06-24
12783,2025,12,日産,貨物車(登録車),2554,JADA,2026-06-24
12784,2025,12,日産,乗用車(軽),11251,JADA,2026-06-24
12785,2025,12,日産,貨物車(軽),2036,JADA,2026-06-24
12786,2025,12,ＳＵＢＡＲＵ,乗用車(登録車),6741,JADA,2026-06-24
12787,2025,12,ＳＵＢＡＲＵ,乗用車(軽),1115,JADA,2026-06-24
12788,2025,12,ＳＵＢＡＲＵ,貨物車(軽),330,JADA,2026-06-24
12789,2025,12,スズキ,乗用車(登録車),12139,JADA,2026-06-24
12790,2025,12,スズキ,乗用車(軽),30744,JADA,2026-06-24
12791,2025,12,スズキ,貨物車(軽),7665,JADA,2026-06-24
12792,2025,12,トヨタ,乗用車(登録車),85041,JADA,2026-06-24
12793,2025,12,トヨタ,貨物車(登録車),12756,JADA,2026-06-24
12794,2025,12,トヨタ,乗用車(軽),750,JADA,2026-06-24
12795,2025,12,トヨタ,貨物車(軽),1063,JADA,2026-06-24
12796,2025,12,日野,貨物車(登録車),2475,JADA,2026-06-24
12797,2025,12,いすゞ,貨物車(登録車),6002,JADA,2026-06-24
12798,2025,12,三菱ふそう,貨物車(登録車),3841,JADA,2026-06-24
12799,2025,12,UDトラックス,貨物車(登録車),1122,JADA,2026-06-24
12800,2025,12,ABARTH,乗用車(登録車),45,JADA,2026-06-24
12801,2025,12,Alfa Romeo,乗用車(登録車),266,JADA,2026-06-24
12802,2025,12,Aston Martin,乗用車(登録車),49,JADA,2026-06-24
12803,2025,12,Audi,乗用車(登録車),2489,JADA,2026-06-24
12804,2025,12,Bentley,乗用車(登録車),65,JADA,2026-06-24
12805,2025,12,BMW,乗用車(登録車),3970,JADA,2026-06-24
12806,2025,12,BMW Alpina,乗用車(登録車),49,JADA,2026-06-24
12807,2025,12,BMW MINI,乗用車(登録車),1853,JADA,2026-06-24
12808,2025,12,BYD,乗用車(登録車),322,JADA,2026-06-24
12809,2025,12,Cadillac,乗用車(登録車),34,JADA,2026-06-24
12810,2025,12,Chevrolet,乗用車(登録車),33,JADA,2026-06-24
12811,2025,12,Chevrolet,貨物車(登録車),7,JADA,2026-06-24
12812,2025,12,Chrysler,乗用車(登録車),1,JADA,2026-06-24
12813,2025,12,Citroen,乗用車(登録車),518,JADA,2026-06-24
12814,2025,12,Dodge,乗用車(登録車),4,JADA,2026-06-24
12815,2025,12,DS,乗用車(登録車),44,JADA,2026-06-24
12816,2025,12,Ferrari,乗用車(登録車),121,JADA,2026-06-24
12817,2025,12,Fiat,乗用車(登録車),426,JADA,2026-06-24
12818,2025,12,Fiat,貨物車(登録車),41,JADA,2026-06-24
12819,2025,12,Ford,乗用車(登録車),18,JADA,2026-06-24
12820,2025,12,Ford,貨物車(登録車),4,JADA,2026-06-24
12821,2025,12,Hyundai,乗用車(登録車),170,JADA,2026-06-24
12822,2025,12,Jeep,乗用車(登録車),928,JADA,2026-06-24
12823,2025,12,Jeep,貨物車(登録車),6,JADA,2026-06-24
12824,2025,12,Lamborghini,乗用車(登録車),79,JADA,2026-06-24
12825,2025,12,Land Rover,乗用車(登録車),713,JADA,2026-06-24
12826,2025,12,Lotus,乗用車(登録車),7,JADA,2026-06-24
12827,2025,12,Maserati,乗用車(登録車),80,JADA,2026-06-24
12828,2025,12,ＭcＬaren,乗用車(登録車),14,JADA,2026-06-24
12829,2025,12,Mercedes-Benz,乗用車(登録車),4773,JADA,2026-06-24
12830,2025,12,Mercedes-Benz,貨物車(登録車),1,JADA,2026-06-24
12831,2025,12,Peugeot,乗用車(登録車),758,JADA,2026-06-24
12832,2025,12,Porsche,乗用車(登録車),499,JADA,2026-06-24
12833,2025,12,Renault,乗用車(登録車),278,JADA,2026-06-24
12834,2025,12,Roｌｌs Royce,乗用車(登録車),92,JADA,2026-06-24
12835,2025,12,Scania,貨物車(登録車),75,JADA,2026-06-24
12836,2025,12,Volvo,乗用車(登録車),1374,JADA,2026-06-24
12837,2025,12,Volvo,貨物車(登録車),39,JADA,2026-06-24
12838,2025,12,VW,乗用車(登録車),2650,JADA,2026-06-24
12839,2025,11,ダイハツ,乗用車(登録車),2098,JADA,2026-06-24
12840,2025,11,ダイハツ,貨物車(登録車),46,JADA,2026-06-24
12841,2025,11,ダイハツ,乗用車(軽),28762,JADA,2026-06-24
12842,2025,11,ダイハツ,貨物車(軽),13492,JADA,2026-06-24
12843,2025,11,ホンダ,乗用車(登録車),26322,JADA,2026-06-24
12844,2025,11,ホンダ,乗用車(軽),19951,JADA,2026-06-24
12845,2025,11,ホンダ,貨物車(軽),2531,JADA,2026-06-24
12846,2025,11,レクサス,乗用車(登録車),7564,JADA,2026-06-24
12847,2025,11,マツダ,乗用車(登録車),7825,JADA,2026-06-24
12848,2025,11,マツダ,貨物車(登録車),413,JADA,2026-06-24
12849,2025,11,マツダ,乗用車(軽),1907,JADA,2026-06-24
12850,2025,11,マツダ,貨物車(軽),434,JADA,2026-06-24
12851,2025,11,三菱,乗用車(登録車),2298,JADA,2026-06-24
12852,2025,11,三菱,貨物車(登録車),169,JADA,2026-06-24
12853,2025,11,三菱,乗用車(軽),6464,JADA,2026-06-24
12854,2025,11,三菱,貨物車(軽),575,JADA,2026-06-24
12855,2025,11,日産,乗用車(登録車),11300,JADA,2026-06-24
12856,2025,11,日産,貨物車(登録車),3099,JADA,2026-06-24
12857,2025,11,日産,乗用車(軽),11545,JADA,2026-06-24
12858,2025,11,日産,貨物車(軽),2062,JADA,2026-06-24
12859,2025,11,ＳＵＢＡＲＵ,乗用車(登録車),6899,JADA,2026-06-24
12860,2025,11,ＳＵＢＡＲＵ,乗用車(軽),741,JADA,2026-06-24
12861,2025,11,ＳＵＢＡＲＵ,貨物車(軽),339,JADA,2026-06-24
12862,2025,11,スズキ,乗用車(登録車),14145,JADA,2026-06-24
12863,2025,11,スズキ,乗用車(軽),35416,JADA,2026-06-24
12864,2025,11,スズキ,貨物車(軽),8874,JADA,2026-06-24
12865,2025,11,トヨタ,乗用車(登録車),105233,JADA,2026-06-24
12866,2025,11,トヨタ,貨物車(登録車),15372,JADA,2026-06-24
12867,2025,11,トヨタ,乗用車(軽),679,JADA,2026-06-24
12868,2025,11,トヨタ,貨物車(軽),1215,JADA,2026-06-24
12869,2025,11,日野,貨物車(登録車),2577,JADA,2026-06-24
12870,2025,11,いすゞ,貨物車(登録車),5925,JADA,2026-06-24
12871,2025,11,三菱ふそう,貨物車(登録車),3234,JADA,2026-06-24
12872,2025,11,UDトラックス,貨物車(登録車),1078,JADA,2026-06-24
12873,2025,11,ABARTH,乗用車(登録車),22,JADA,2026-06-24
12874,2025,11,Alfa Romeo,乗用車(登録車),152,JADA,2026-06-24
12875,2025,11,Aston Martin,乗用車(登録車),27,JADA,2026-06-24
12876,2025,11,Audi,乗用車(登録車),2070,JADA,2026-06-24
12877,2025,11,Bentley,乗用車(登録車),32,JADA,2026-06-24
12878,2025,11,BMW,乗用車(登録車),2578,JADA,2026-06-24
12879,2025,11,BMW Alpina,乗用車(登録車),49,JADA,2026-06-24
12880,2025,11,BMW MINI,乗用車(登録車),1388,JADA,2026-06-24
12881,2025,11,BYD,乗用車(登録車),204,JADA,2026-06-24
12882,2025,11,Cadillac,乗用車(登録車),33,JADA,2026-06-24
12883,2025,11,Chevrolet,乗用車(登録車),34,JADA,2026-06-24
12884,2025,11,Chevrolet,貨物車(登録車),6,JADA,2026-06-24
12885,2025,11,Chrysler,乗用車(登録車),1,JADA,2026-06-24
12886,2025,11,Citroen,乗用車(登録車),290,JADA,2026-06-24
12887,2025,11,Dodge,乗用車(登録車),4,JADA,2026-06-24
12888,2025,11,Dodge,貨物車(登録車),3,JADA,2026-06-24
12889,2025,11,DS,乗用車(登録車),23,JADA,2026-06-24
12890,2025,11,Ferrari,乗用車(登録車),140,JADA,2026-06-24
12891,2025,11,Fiat,乗用車(登録車),284,JADA,2026-06-24
12892,2025,11,Fiat,貨物車(登録車),28,JADA,2026-06-24
12893,2025,11,Ford,乗用車(登録車),19,JADA,2026-06-24
12894,2025,11,Ford,貨物車(登録車),4,JADA,2026-06-24
12895,2025,11,Hyundai,乗用車(登録車),99,JADA,2026-06-24
12896,2025,11,Jeep,乗用車(登録車),621,JADA,2026-06-24
12897,2025,11,Jeep,貨物車(登録車),3,JADA,2026-06-24
12898,2025,11,Lamborghini,乗用車(登録車),60,JADA,2026-06-24
12899,2025,11,Land Rover,乗用車(登録車),424,JADA,2026-06-24
12900,2025,11,Lotus,乗用車(登録車),15,JADA,2026-06-24
12901,2025,11,Maserati,乗用車(登録車),48,JADA,2026-06-24
12902,2025,11,ＭcＬaren,乗用車(登録車),14,JADA,2026-06-24
12903,2025,11,Mercedes-Benz,乗用車(登録車),4399,JADA,2026-06-24
12904,2025,11,Peugeot,乗用車(登録車),518,JADA,2026-06-24
12905,2025,11,Porsche,乗用車(登録車),646,JADA,2026-06-24
12906,2025,11,Renault,乗用車(登録車),196,JADA,2026-06-24
12907,2025,11,Roｌｌs Royce,乗用車(登録車),46,JADA,2026-06-24
12908,2025,11,Scania,貨物車(登録車),50,JADA,2026-06-24
12909,2025,11,Volvo,乗用車(登録車),840,JADA,2026-06-24
12910,2025,11,Volvo,貨物車(登録車),40,JADA,2026-06-24
12911,2025,11,VW,乗用車(登録車),2125,JADA,2026-06-24
12912,2025,10,ダイハツ,乗用車(登録車),2121,JADA,2026-06-24
12913,2025,10,ダイハツ,貨物車(登録車),59,JADA,2026-06-24
12914,2025,10,ダイハツ,乗用車(軽),41222,JADA,2026-06-24
12915,2025,10,ダイハツ,貨物車(軽),16595,JADA,2026-06-24
12916,2025,10,ホンダ,乗用車(登録車),28634,JADA,2026-06-24
12917,2025,10,ホンダ,乗用車(軽),17659,JADA,2026-06-24
12918,2025,10,ホンダ,貨物車(軽),2667,JADA,2026-06-24
12919,2025,10,レクサス,乗用車(登録車),7987,JADA,2026-06-24
12920,2025,10,マツダ,乗用車(登録車),7728,JADA,2026-06-24
12921,2025,10,マツダ,貨物車(登録車),343,JADA,2026-06-24
12922,2025,10,マツダ,乗用車(軽),2223,JADA,2026-06-24
12923,2025,10,マツダ,貨物車(軽),463,JADA,2026-06-24
12924,2025,10,三菱,乗用車(登録車),3346,JADA,2026-06-24
12925,2025,10,三菱,貨物車(登録車),183,JADA,2026-06-24
12926,2025,10,三菱,乗用車(軽),3830,JADA,2026-06-24
12927,2025,10,三菱,貨物車(軽),619,JADA,2026-06-24
12928,2025,10,日産,乗用車(登録車),12790,JADA,2026-06-24
12929,2025,10,日産,貨物車(登録車),3109,JADA,2026-06-24
12930,2025,10,日産,乗用車(軽),9423,JADA,2026-06-24
12931,2025,10,日産,貨物車(軽),2367,JADA,2026-06-24
12932,2025,10,ＳＵＢＡＲＵ,乗用車(登録車),7001,JADA,2026-06-24
12933,2025,10,ＳＵＢＡＲＵ,乗用車(軽),960,JADA,2026-06-24
12934,2025,10,ＳＵＢＡＲＵ,貨物車(軽),439,JADA,2026-06-24
12935,2025,10,スズキ,乗用車(登録車),17221,JADA,2026-06-24
12936,2025,10,スズキ,乗用車(軽),37772,JADA,2026-06-24
12937,2025,10,スズキ,貨物車(軽),8962,JADA,2026-06-24
12938,2025,10,トヨタ,乗用車(登録車),110101,JADA,2026-06-24
12939,2025,10,トヨタ,貨物車(登録車),17147,JADA,2026-06-24
12940,2025,10,トヨタ,乗用車(軽),798,JADA,2026-06-24
12941,2025,10,トヨタ,貨物車(軽),1282,JADA,2026-06-24
12942,2025,10,日野,貨物車(登録車),2424,JADA,2026-06-24
12943,2025,10,いすゞ,貨物車(登録車),5551,JADA,2026-06-24
12944,2025,10,三菱ふそう,貨物車(登録車),2735,JADA,2026-06-24
12945,2025,10,UDトラックス,貨物車(登録車),1031,JADA,2026-06-24
12946,2025,10,ABARTH,乗用車(登録車),26,JADA,2026-06-24
12947,2025,10,Alfa Romeo,乗用車(登録車),149,JADA,2026-06-24
12948,2025,10,Aston Martin,乗用車(登録車),35,JADA,2026-06-24
12949,2025,10,Audi,乗用車(登録車),1843,JADA,2026-06-24
12950,2025,10,Bentley,乗用車(登録車),39,JADA,2026-06-24
12951,2025,10,BMW,乗用車(登録車),2389,JADA,2026-06-24
12952,2025,10,BMW Alpina,乗用車(登録車),53,JADA,2026-06-24
12953,2025,10,BMW MINI,乗用車(登録車),1498,JADA,2026-06-24
12954,2025,10,BYD,乗用車(登録車),317,JADA,2026-06-24
12955,2025,10,Cadillac,乗用車(登録車),19,JADA,2026-06-24
12956,2025,10,Chevrolet,乗用車(登録車),19,JADA,2026-06-24
12957,2025,10,Chevrolet,貨物車(登録車),5,JADA,2026-06-24
12958,2025,10,Chrysler,乗用車(登録車),1,JADA,2026-06-24
12959,2025,10,Citroen,乗用車(登録車),261,JADA,2026-06-24
12960,2025,10,Dodge,乗用車(登録車),8,JADA,2026-06-24
12961,2025,10,DS,乗用車(登録車),23,JADA,2026-06-24
12962,2025,10,Ferrari,乗用車(登録車),150,JADA,2026-06-24
12963,2025,10,Fiat,乗用車(登録車),313,JADA,2026-06-24
12964,2025,10,Fiat,貨物車(登録車),41,JADA,2026-06-24
12965,2025,10,Ford,乗用車(登録車),16,JADA,2026-06-24
12966,2025,10,Ford,貨物車(登録車),4,JADA,2026-06-24
12967,2025,10,Hyundai,乗用車(登録車),123,JADA,2026-06-24
12968,2025,10,Jaguar,乗用車(登録車),3,JADA,2026-06-24
12969,2025,10,Jeep,乗用車(登録車),642,JADA,2026-06-24
12970,2025,10,Jeep,貨物車(登録車),2,JADA,2026-06-24
12971,2025,10,Lamborghini,乗用車(登録車),78,JADA,2026-06-24
12972,2025,10,Land Rover,乗用車(登録車),312,JADA,2026-06-24
12973,2025,10,Land Rover,貨物車(登録車),3,JADA,2026-06-24
12974,2025,10,Lotus,乗用車(登録車),11,JADA,2026-06-24
12975,2025,10,Maserati,乗用車(登録車),50,JADA,2026-06-24
12976,2025,10,ＭcＬaren,乗用車(登録車),26,JADA,2026-06-24
12977,2025,10,Mercedes-Benz,乗用車(登録車),3338,JADA,2026-06-24
12978,2025,10,Peugeot,乗用車(登録車),492,JADA,2026-06-24
12979,2025,10,Porsche,乗用車(登録車),829,JADA,2026-06-24
12980,2025,10,Renault,乗用車(登録車),250,JADA,2026-06-24
12981,2025,10,Roｌｌs Royce,乗用車(登録車),51,JADA,2026-06-24
12982,2025,10,Scania,貨物車(登録車),49,JADA,2026-06-24
12983,2025,10,Volvo,乗用車(登録車),923,JADA,2026-06-24
12984,2025,10,Volvo,貨物車(登録車),50,JADA,2026-06-24
12985,2025,10,VW,乗用車(登録車),2100,JADA,2026-06-24
12986,2025,9,ダイハツ,乗用車(登録車),1733,JADA,2026-06-24
12987,2025,9,ダイハツ,貨物車(登録車),30,JADA,2026-06-24
12988,2025,9,ダイハツ,乗用車(軽),33619,JADA,2026-06-24
12989,2025,9,ダイハツ,貨物車(軽),13648,JADA,2026-06-24
12990,2025,9,ホンダ,乗用車(登録車),31346,JADA,2026-06-24
12991,2025,9,ホンダ,乗用車(軽),28896,JADA,2026-06-24
12992,2025,9,ホンダ,貨物車(軽),3516,JADA,2026-06-24
12993,2025,9,レクサス,乗用車(登録車),7747,JADA,2026-06-24
12994,2025,9,マツダ,乗用車(登録車),10164,JADA,2026-06-24
12995,2025,9,マツダ,貨物車(登録車),395,JADA,2026-06-24
12996,2025,9,マツダ,乗用車(軽),2499,JADA,2026-06-24
12997,2025,9,マツダ,貨物車(軽),577,JADA,2026-06-24
12998,2025,9,三菱,乗用車(登録車),4946,JADA,2026-06-24
12999,2025,9,三菱,貨物車(登録車),358,JADA,2026-06-24
13000,2025,9,三菱,乗用車(軽),5159,JADA,2026-06-24
13001,2025,9,三菱,貨物車(軽),706,JADA,2026-06-24
13002,2025,9,日産,乗用車(登録車),19556,JADA,2026-06-24
13003,2025,9,日産,貨物車(登録車),3661,JADA,2026-06-24
13004,2025,9,日産,乗用車(軽),12111,JADA,2026-06-24
13005,2025,9,日産,貨物車(軽),3178,JADA,2026-06-24
13006,2025,9,ＳＵＢＡＲＵ,乗用車(登録車),11453,JADA,2026-06-24
13007,2025,9,ＳＵＢＡＲＵ,乗用車(軽),1122,JADA,2026-06-24
13008,2025,9,ＳＵＢＡＲＵ,貨物車(軽),592,JADA,2026-06-24
13009,2025,9,スズキ,乗用車(登録車),15090,JADA,2026-06-24
13010,2025,9,スズキ,乗用車(軽),43372,JADA,2026-06-24
13011,2025,9,スズキ,貨物車(軽),11091,JADA,2026-06-24
13012,2025,9,トヨタ,乗用車(登録車),101379,JADA,2026-06-24
13013,2025,9,トヨタ,貨物車(登録車),16127,JADA,2026-06-24
13014,2025,9,トヨタ,乗用車(軽),1162,JADA,2026-06-24
13015,2025,9,トヨタ,貨物車(軽),1555,JADA,2026-06-24
13016,2025,9,日野,貨物車(登録車),2747,JADA,2026-06-24
13017,2025,9,いすゞ,貨物車(登録車),7681,JADA,2026-06-24
13018,2025,9,三菱ふそう,貨物車(登録車),2690,JADA,2026-06-24
13019,2025,9,UDトラックス,貨物車(登録車),1172,JADA,2026-06-24
13020,2025,9,ABARTH,乗用車(登録車),40,JADA,2026-06-24
13021,2025,9,Alfa Romeo,乗用車(登録車),291,JADA,2026-06-24
13022,2025,9,Aston Martin,乗用車(登録車),49,JADA,2026-06-24
13023,2025,9,Audi,乗用車(登録車),2695,JADA,2026-06-24
13024,2025,9,Bentley,乗用車(登録車),33,JADA,2026-06-24
13025,2025,9,BMW,乗用車(登録車),3932,JADA,2026-06-24
13026,2025,9,BMW Alpina,乗用車(登録車),55,JADA,2026-06-24
13027,2025,9,BMW MINI,乗用車(登録車),2005,JADA,2026-06-24
13028,2025,9,BYD,乗用車(登録車),799,JADA,2026-06-24
13029,2025,9,Cadillac,乗用車(登録車),65,JADA,2026-06-24
13030,2025,9,Chevrolet,乗用車(登録車),29,JADA,2026-06-24
13031,2025,9,Chevrolet,貨物車(登録車),4,JADA,2026-06-24
13032,2025,9,Citroen,乗用車(登録車),266,JADA,2026-06-24
13033,2025,9,Dodge,乗用車(登録車),8,JADA,2026-06-24
13034,2025,9,DS,乗用車(登録車),34,JADA,2026-06-24
13035,2025,9,Ferrari,乗用車(登録車),155,JADA,2026-06-24
13036,2025,9,Fiat,乗用車(登録車),610,JADA,2026-06-24
13037,2025,9,Fiat,貨物車(登録車),23,JADA,2026-06-24
13038,2025,9,Ford,乗用車(登録車),16,JADA,2026-06-24
13039,2025,9,Ford,貨物車(登録車),1,JADA,2026-06-24
13040,2025,9,Hyundai,乗用車(登録車),106,JADA,2026-06-24
13041,2025,9,Jeep,乗用車(登録車),815,JADA,2026-06-24
13042,2025,9,Jeep,貨物車(登録車),1,JADA,2026-06-24
13043,2025,9,Lamborghini,乗用車(登録車),70,JADA,2026-06-24
13044,2025,9,Land Rover,乗用車(登録車),994,JADA,2026-06-24
13045,2025,9,Land Rover,貨物車(登録車),1,JADA,2026-06-24
13046,2025,9,Lotus,乗用車(登録車),6,JADA,2026-06-24
13047,2025,9,Maserati,乗用車(登録車),66,JADA,2026-06-24
13048,2025,9,ＭcＬaren,乗用車(登録車),17,JADA,2026-06-24
13049,2025,9,Mercedes-Benz,乗用車(登録車),5501,JADA,2026-06-24
13050,2025,9,Peugeot,乗用車(登録車),622,JADA,2026-06-24
13051,2025,9,Porsche,乗用車(登録車),822,JADA,2026-06-24
13052,2025,9,Renault,乗用車(登録車),320,JADA,2026-06-24
13053,2025,9,Roｌｌs Royce,乗用車(登録車),51,JADA,2026-06-24
13054,2025,9,Saab,乗用車(登録車),1,JADA,2026-06-24
13055,2025,9,Scania,貨物車(登録車),79,JADA,2026-06-24
13056,2025,9,Volvo,乗用車(登録車),1321,JADA,2026-06-24
13057,2025,9,Volvo,貨物車(登録車),60,JADA,2026-06-24
13058,2025,9,VW,乗用車(登録車),2823,JADA,2026-06-24
13059,2025,8,ダイハツ,乗用車(登録車),1582,JADA,2026-06-24
13060,2025,8,ダイハツ,貨物車(登録車),11,JADA,2026-06-24
13061,2025,8,ダイハツ,乗用車(軽),24271,JADA,2026-06-24
13062,2025,8,ダイハツ,貨物車(軽),10022,JADA,2026-06-24
13063,2025,8,ホンダ,乗用車(登録車),21040,JADA,2026-06-24
13064,2025,8,ホンダ,乗用車(軽),18050,JADA,2026-06-24
13065,2025,8,ホンダ,貨物車(軽),2132,JADA,2026-06-24
13066,2025,8,レクサス,乗用車(登録車),6182,JADA,2026-06-24
13067,2025,8,マツダ,乗用車(登録車),7246,JADA,2026-06-24
13068,2025,8,マツダ,貨物車(登録車),291,JADA,2026-06-24
13069,2025,8,マツダ,乗用車(軽),1952,JADA,2026-06-24
13070,2025,8,マツダ,貨物車(軽),439,JADA,2026-06-24
13071,2025,8,三菱,乗用車(登録車),3633,JADA,2026-06-24
13072,2025,8,三菱,貨物車(登録車),248,JADA,2026-06-24
13073,2025,8,三菱,乗用車(軽),3754,JADA,2026-06-24
13074,2025,8,三菱,貨物車(軽),460,JADA,2026-06-24
13075,2025,8,日産,乗用車(登録車),12196,JADA,2026-06-24
13076,2025,8,日産,貨物車(登録車),2378,JADA,2026-06-24
13077,2025,8,日産,乗用車(軽),8430,JADA,2026-06-24
13078,2025,8,日産,貨物車(軽),2331,JADA,2026-06-24
13079,2025,8,ＳＵＢＡＲＵ,乗用車(登録車),6683,JADA,2026-06-24
13080,2025,8,ＳＵＢＡＲＵ,乗用車(軽),715,JADA,2026-06-24
13081,2025,8,ＳＵＢＡＲＵ,貨物車(軽),394,JADA,2026-06-24
13082,2025,8,スズキ,乗用車(登録車),9495,JADA,2026-06-24
13083,2025,8,スズキ,乗用車(軽),31469,JADA,2026-06-24
13084,2025,8,スズキ,貨物車(軽),8184,JADA,2026-06-24
13085,2025,8,トヨタ,乗用車(登録車),75954,JADA,2026-06-24
13086,2025,8,トヨタ,貨物車(登録車),11976,JADA,2026-06-24
13087,2025,8,トヨタ,乗用車(軽),831,JADA,2026-06-24
13088,2025,8,トヨタ,貨物車(軽),1166,JADA,2026-06-24
13089,2025,8,日野,貨物車(登録車),2172,JADA,2026-06-24
13090,2025,8,いすゞ,貨物車(登録車),5786,JADA,2026-06-24
13091,2025,8,三菱ふそう,貨物車(登録車),2213,JADA,2026-06-24
13092,2025,8,UDトラックス,貨物車(登録車),871,JADA,2026-06-24
13093,2025,8,ABARTH,乗用車(登録車),34,JADA,2026-06-24
13094,2025,8,Alfa Romeo,乗用車(登録車),162,JADA,2026-06-24
13095,2025,8,Aston Martin,乗用車(登録車),39,JADA,2026-06-24
13096,2025,8,Audi,乗用車(登録車),1379,JADA,2026-06-24
13097,2025,8,Bentley,乗用車(登録車),27,JADA,2026-06-24
13098,2025,8,BMW,乗用車(登録車),2473,JADA,2026-06-24
13099,2025,8,BMW Alpina,乗用車(登録車),22,JADA,2026-06-24
13100,2025,8,BMW MINI,乗用車(登録車),1401,JADA,2026-06-24
13101,2025,8,BYD,乗用車(登録車),239,JADA,2026-06-24
13102,2025,8,Cadillac,乗用車(登録車),27,JADA,2026-06-24
13103,2025,8,Chevrolet,乗用車(登録車),22,JADA,2026-06-24
13104,2025,8,Chevrolet,貨物車(登録車),2,JADA,2026-06-24
13105,2025,8,Chrysler,乗用車(登録車),1,JADA,2026-06-24
13106,2025,8,Citroen,乗用車(登録車),138,JADA,2026-06-24
13107,2025,8,Dodge,乗用車(登録車),9,JADA,2026-06-24
13108,2025,8,DS,乗用車(登録車),16,JADA,2026-06-24
13109,2025,8,Ferrari,乗用車(登録車),114,JADA,2026-06-24
13110,2025,8,Fiat,乗用車(登録車),270,JADA,2026-06-24
13111,2025,8,Fiat,貨物車(登録車),26,JADA,2026-06-24
13112,2025,8,Ford,乗用車(登録車),15,JADA,2026-06-24
13113,2025,8,Ford,貨物車(登録車),2,JADA,2026-06-24
13114,2025,8,Hyundai,乗用車(登録車),75,JADA,2026-06-24
13115,2025,8,Jeep,乗用車(登録車),610,JADA,2026-06-24
13116,2025,8,Jeep,貨物車(登録車),3,JADA,2026-06-24
13117,2025,8,Lamborghini,乗用車(登録車),79,JADA,2026-06-24
13118,2025,8,Land Rover,乗用車(登録車),497,JADA,2026-06-24
13119,2025,8,Lotus,乗用車(登録車),6,JADA,2026-06-24
13120,2025,8,Maserati,乗用車(登録車),45,JADA,2026-06-24
13121,2025,8,ＭcＬaren,乗用車(登録車),14,JADA,2026-06-24
13122,2025,8,Mercedes-Benz,乗用車(登録車),3480,JADA,2026-06-24
13123,2025,8,Peugeot,乗用車(登録車),502,JADA,2026-06-24
13124,2025,8,Porsche,乗用車(登録車),609,JADA,2026-06-24
13125,2025,8,Renault,乗用車(登録車),149,JADA,2026-06-24
13126,2025,8,Roｌｌs Royce,乗用車(登録車),21,JADA,2026-06-24
13127,2025,8,Scania,貨物車(登録車),73,JADA,2026-06-24
13128,2025,8,Volvo,乗用車(登録車),787,JADA,2026-06-24
13129,2025,8,Volvo,貨物車(登録車),45,JADA,2026-06-24
13130,2025,8,VW,乗用車(登録車),1587,JADA,2026-06-24
13131,2025,8,VW,貨物車(登録車),1,JADA,2026-06-24
13132,2025,7,ダイハツ,乗用車(登録車),2047,JADA,2026-06-24
13133,2025,7,ダイハツ,乗用車(軽),27017,JADA,2026-06-24
13134,2025,7,ダイハツ,貨物車(軽),14794,JADA,2026-06-24
13135,2025,7,ホンダ,乗用車(登録車),29570,JADA,2026-06-24
13136,2025,7,ホンダ,乗用車(軽),20443,JADA,2026-06-24
13137,2025,7,ホンダ,貨物車(軽),2434,JADA,2026-06-24
13138,2025,7,レクサス,乗用車(登録車),8154,JADA,2026-06-24
13139,2025,7,マツダ,乗用車(登録車),9185,JADA,2026-06-24
13140,2025,7,マツダ,貨物車(登録車),325,JADA,2026-06-24
13141,2025,7,マツダ,乗用車(軽),2293,JADA,2026-06-24
13142,2025,7,マツダ,貨物車(軽),517,JADA,2026-06-24
13143,2025,7,三菱,乗用車(登録車),4399,JADA,2026-06-24
13144,2025,7,三菱,貨物車(登録車),210,JADA,2026-06-24
13145,2025,7,三菱,乗用車(軽),5480,JADA,2026-06-24
13146,2025,7,三菱,貨物車(軽),637,JADA,2026-06-24
13147,2025,7,日産,乗用車(登録車),17687,JADA,2026-06-24
13148,2025,7,日産,貨物車(登録車),3110,JADA,2026-06-24
13149,2025,7,日産,乗用車(軽),10903,JADA,2026-06-24
13150,2025,7,日産,貨物車(軽),2909,JADA,2026-06-24
13151,2025,7,ＳＵＢＡＲＵ,乗用車(登録車),8577,JADA,2026-06-24
13152,2025,7,ＳＵＢＡＲＵ,乗用車(軽),693,JADA,2026-06-24
13153,2025,7,ＳＵＢＡＲＵ,貨物車(軽),522,JADA,2026-06-24
13154,2025,7,スズキ,乗用車(登録車),12445,JADA,2026-06-24
13155,2025,7,スズキ,乗用車(軽),38158,JADA,2026-06-24
13156,2025,7,スズキ,貨物車(軽),9366,JADA,2026-06-24
13157,2025,7,トヨタ,乗用車(登録車),109641,JADA,2026-06-24
13158,2025,7,トヨタ,貨物車(登録車),15131,JADA,2026-06-24
13159,2025,7,トヨタ,乗用車(軽),782,JADA,2026-06-24
13160,2025,7,トヨタ,貨物車(軽),1340,JADA,2026-06-24
13161,2025,7,日野,貨物車(登録車),2492,JADA,2026-06-24
13162,2025,7,いすゞ,貨物車(登録車),6166,JADA,2026-06-24
13163,2025,7,三菱ふそう,貨物車(登録車),2563,JADA,2026-06-24
13164,2025,7,UDトラックス,貨物車(登録車),891,JADA,2026-06-24
13165,2025,7,ABARTH,乗用車(登録車),37,JADA,2026-06-24
13166,2025,7,Alfa Romeo,乗用車(登録車),142,JADA,2026-06-24
13167,2025,7,Aston Martin,乗用車(登録車),40,JADA,2026-06-24
13168,2025,7,Audi,乗用車(登録車),1927,JADA,2026-06-24
13169,2025,7,Bentley,乗用車(登録車),36,JADA,2026-06-24
13170,2025,7,BMW,乗用車(登録車),2429,JADA,2026-06-24
13171,2025,7,BMW Alpina,乗用車(登録車),28,JADA,2026-06-24
13172,2025,7,BMW MINI,乗用車(登録車),1423,JADA,2026-06-24
13173,2025,7,BYD,乗用車(登録車),225,JADA,2026-06-24
13174,2025,7,Cadillac,乗用車(登録車),47,JADA,2026-06-24
13175,2025,7,Chevrolet,乗用車(登録車),20,JADA,2026-06-24
13176,2025,7,Chevrolet,貨物車(登録車),4,JADA,2026-06-24
13177,2025,7,Chrysler,乗用車(登録車),1,JADA,2026-06-24
13178,2025,7,Citroen,乗用車(登録車),168,JADA,2026-06-24
13179,2025,7,Dodge,乗用車(登録車),15,JADA,2026-06-24
13180,2025,7,DS,乗用車(登録車),35,JADA,2026-06-24
13181,2025,7,Ferrari,乗用車(登録車),131,JADA,2026-06-24
13182,2025,7,Fiat,乗用車(登録車),361,JADA,2026-06-24
13183,2025,7,Fiat,貨物車(登録車),24,JADA,2026-06-24
13184,2025,7,Ford,乗用車(登録車),16,JADA,2026-06-24
13185,2025,7,Ford,貨物車(登録車),2,JADA,2026-06-24
13186,2025,7,Hyundai,乗用車(登録車),124,JADA,2026-06-24
13187,2025,7,Jaguar,乗用車(登録車),11,JADA,2026-06-24
13188,2025,7,Jeep,乗用車(登録車),701,JADA,2026-06-24
13189,2025,7,Jeep,貨物車(登録車),2,JADA,2026-06-24
13190,2025,7,Lamborghini,乗用車(登録車),102,JADA,2026-06-24
13191,2025,7,Land Rover,乗用車(登録車),571,JADA,2026-06-24
13192,2025,7,Lotus,乗用車(登録車),13,JADA,2026-06-24
13193,2025,7,Maserati,乗用車(登録車),43,JADA,2026-06-24
13194,2025,7,ＭcＬaren,乗用車(登録車),30,JADA,2026-06-24
13195,2025,7,Mercedes-Benz,乗用車(登録車),4349,JADA,2026-06-24
13196,2025,7,Peugeot,乗用車(登録車),673,JADA,2026-06-24
13197,2025,7,Porsche,乗用車(登録車),823,JADA,2026-06-24
13198,2025,7,Renault,乗用車(登録車),311,JADA,2026-06-24
13199,2025,7,Roｌｌs Royce,乗用車(登録車),30,JADA,2026-06-24
13200,2025,7,Scania,貨物車(登録車),46,JADA,2026-06-24
13201,2025,7,Volvo,乗用車(登録車),816,JADA,2026-06-24
13202,2025,7,Volvo,貨物車(登録車),56,JADA,2026-06-24
13203,2025,7,VW,乗用車(登録車),2129,JADA,2026-06-24
13204,2025,6,ダイハツ,乗用車(登録車),2385,JADA,2026-06-24
13205,2025,6,ダイハツ,貨物車(登録車),2,JADA,2026-06-24
13206,2025,6,ダイハツ,乗用車(軽),32710,JADA,2026-06-24
13207,2025,6,ダイハツ,貨物車(軽),15000,JADA,2026-06-24
13208,2025,6,ホンダ,乗用車(登録車),27020,JADA,2026-06-24
13209,2025,6,ホンダ,乗用車(軽),19660,JADA,2026-06-24
13210,2025,6,ホンダ,貨物車(軽),2587,JADA,2026-06-24
13211,2025,6,レクサス,乗用車(登録車),7658,JADA,2026-06-24
13212,2025,6,マツダ,乗用車(登録車),8797,JADA,2026-06-24
13213,2025,6,マツダ,貨物車(登録車),314,JADA,2026-06-24
13214,2025,6,マツダ,乗用車(軽),2083,JADA,2026-06-24
13215,2025,6,マツダ,貨物車(軽),518,JADA,2026-06-24
13216,2025,6,三菱,乗用車(登録車),4235,JADA,2026-06-24
13217,2025,6,三菱,貨物車(登録車),101,JADA,2026-06-24
13218,2025,6,三菱,乗用車(軽),6215,JADA,2026-06-24
13219,2025,6,三菱,貨物車(軽),687,JADA,2026-06-24
13220,2025,6,日産,乗用車(登録車),17322,JADA,2026-06-24
13221,2025,6,日産,貨物車(登録車),3678,JADA,2026-06-24
13222,2025,6,日産,乗用車(軽),11192,JADA,2026-06-24
13223,2025,6,日産,貨物車(軽),2806,JADA,2026-06-24
13224,2025,6,ＳＵＢＡＲＵ,乗用車(登録車),7126,JADA,2026-06-24
13225,2025,6,ＳＵＢＡＲＵ,乗用車(軽),1129,JADA,2026-06-24
13226,2025,6,ＳＵＢＡＲＵ,貨物車(軽),627,JADA,2026-06-24
13227,2025,6,スズキ,乗用車(登録車),14102,JADA,2026-06-24
13228,2025,6,スズキ,乗用車(軽),37868,JADA,2026-06-24
13229,2025,6,スズキ,貨物車(軽),10250,JADA,2026-06-24
13230,2025,6,トヨタ,乗用車(登録車),103734,JADA,2026-06-24
13231,2025,6,トヨタ,貨物車(登録車),13187,JADA,2026-06-24
13232,2025,6,トヨタ,乗用車(軽),923,JADA,2026-06-24
13233,2025,6,トヨタ,貨物車(軽),1309,JADA,2026-06-24
13234,2025,6,日野,貨物車(登録車),2655,JADA,2026-06-24
13235,2025,6,いすゞ,貨物車(登録車),5818,JADA,2026-06-24
13236,2025,6,三菱ふそう,貨物車(登録車),2710,JADA,2026-06-24
13237,2025,6,UDトラックス,貨物車(登録車),979,JADA,2026-06-24
13238,2025,6,ABARTH,乗用車(登録車),69,JADA,2026-06-24
13239,2025,6,Alfa Romeo,乗用車(登録車),158,JADA,2026-06-24
13240,2025,6,Aston Martin,乗用車(登録車),47,JADA,2026-06-24
13241,2025,6,Audi,乗用車(登録車),2387,JADA,2026-06-24
13242,2025,6,Bentley,乗用車(登録車),59,JADA,2026-06-24
13243,2025,6,BMW,乗用車(登録車),3806,JADA,2026-06-24
13244,2025,6,BMW Alpina,乗用車(登録車),57,JADA,2026-06-24
13245,2025,6,BMW MINI,乗用車(登録車),1857,JADA,2026-06-24
13246,2025,6,BYD,乗用車(登録車),512,JADA,2026-06-24
13247,2025,6,Cadillac,乗用車(登録車),83,JADA,2026-06-24
13248,2025,6,Chevrolet,乗用車(登録車),46,JADA,2026-06-24
13249,2025,6,Chevrolet,貨物車(登録車),1,JADA,2026-06-24
13250,2025,6,Chrysler,乗用車(登録車),1,JADA,2026-06-24
13251,2025,6,Citroen,乗用車(登録車),306,JADA,2026-06-24
13252,2025,6,Dodge,乗用車(登録車),4,JADA,2026-06-24
13253,2025,6,DS,乗用車(登録車),37,JADA,2026-06-24
13254,2025,6,Ferrari,乗用車(登録車),162,JADA,2026-06-24
13255,2025,6,Fiat,乗用車(登録車),409,JADA,2026-06-24
13256,2025,6,Fiat,貨物車(登録車),16,JADA,2026-06-24
13257,2025,6,Ford,乗用車(登録車),14,JADA,2026-06-24
13258,2025,6,Ford,貨物車(登録車),3,JADA,2026-06-24
13259,2025,6,Hyundai,乗用車(登録車),124,JADA,2026-06-24
13260,2025,6,Jeep,乗用車(登録車),851,JADA,2026-06-24
13261,2025,6,Jeep,貨物車(登録車),5,JADA,2026-06-24
13262,2025,6,Lamborghini,乗用車(登録車),143,JADA,2026-06-24
13263,2025,6,Land Rover,乗用車(登録車),952,JADA,2026-06-24
13264,2025,6,Lotus,乗用車(登録車),8,JADA,2026-06-24
13265,2025,6,Maserati,乗用車(登録車),107,JADA,2026-06-24
13266,2025,6,ＭcＬaren,乗用車(登録車),24,JADA,2026-06-24
13267,2025,6,Mercedes-Benz,乗用車(登録車),4730,JADA,2026-06-24
13268,2025,6,Peugeot,乗用車(登録車),776,JADA,2026-06-24
13269,2025,6,Porsche,乗用車(登録車),899,JADA,2026-06-24
13270,2025,6,Renault,乗用車(登録車),266,JADA,2026-06-24
13271,2025,6,Roｌｌs Royce,乗用車(登録車),55,JADA,2026-06-24
13272,2025,6,Scania,貨物車(登録車),44,JADA,2026-06-24
13273,2025,6,Volvo,乗用車(登録車),1295,JADA,2026-06-24
13274,2025,6,Volvo,貨物車(登録車),46,JADA,2026-06-24
13275,2025,6,VW,乗用車(登録車),3292,JADA,2026-06-24
13276,2025,6,VW,貨物車(登録車),1,JADA,2026-06-24
13277,2025,5,ダイハツ,乗用車(登録車),1844,JADA,2026-06-24
13278,2025,5,ダイハツ,乗用車(軽),22655,JADA,2026-06-24
13279,2025,5,ダイハツ,貨物車(軽),13519,JADA,2026-06-24
13280,2025,5,ホンダ,乗用車(登録車),22281,JADA,2026-06-24
13281,2025,5,ホンダ,乗用車(軽),16865,JADA,2026-06-24
13282,2025,5,ホンダ,貨物車(軽),2157,JADA,2026-06-24
13283,2025,5,レクサス,乗用車(登録車),7072,JADA,2026-06-24
13284,2025,5,マツダ,乗用車(登録車),7199,JADA,2026-06-24
13285,2025,5,マツダ,貨物車(登録車),221,JADA,2026-06-24
13286,2025,5,マツダ,乗用車(軽),2045,JADA,2026-06-24
13287,2025,5,マツダ,貨物車(軽),441,JADA,2026-06-24
13288,2025,5,三菱,乗用車(登録車),3361,JADA,2026-06-24
13289,2025,5,三菱,貨物車(登録車),79,JADA,2026-06-24
13290,2025,5,三菱,乗用車(軽),4676,JADA,2026-06-24
13291,2025,5,三菱,貨物車(軽),443,JADA,2026-06-24
13292,2025,5,日産,乗用車(登録車),13544,JADA,2026-06-24
13293,2025,5,日産,貨物車(登録車),3055,JADA,2026-06-24
13294,2025,5,日産,乗用車(軽),8856,JADA,2026-06-24
13295,2025,5,日産,貨物車(軽),2270,JADA,2026-06-24
13296,2025,5,ＳＵＢＡＲＵ,乗用車(登録車),6338,JADA,2026-06-24
13297,2025,5,ＳＵＢＡＲＵ,乗用車(軽),516,JADA,2026-06-24
13298,2025,5,ＳＵＢＡＲＵ,貨物車(軽),725,JADA,2026-06-24
13299,2025,5,スズキ,乗用車(登録車),12107,JADA,2026-06-24
13300,2025,5,スズキ,乗用車(軽),35004,JADA,2026-06-24
13301,2025,5,スズキ,貨物車(軽),8402,JADA,2026-06-24
13302,2025,5,トヨタ,乗用車(登録車),86171,JADA,2026-06-24
13303,2025,5,トヨタ,貨物車(登録車),11170,JADA,2026-06-24
13304,2025,5,トヨタ,乗用車(軽),886,JADA,2026-06-24
13305,2025,5,トヨタ,貨物車(軽),1071,JADA,2026-06-24
13306,2025,5,日野,貨物車(登録車),2357,JADA,2026-06-24
13307,2025,5,いすゞ,乗用車(登録車),1,JADA,2026-06-24
13308,2025,5,いすゞ,貨物車(登録車),4822,JADA,2026-06-24
13309,2025,5,三菱ふそう,貨物車(登録車),2292,JADA,2026-06-24
13310,2025,5,UDトラックス,貨物車(登録車),834,JADA,2026-06-24
13311,2025,5,ABARTH,乗用車(登録車),54,JADA,2026-06-24
13312,2025,5,Alfa Romeo,乗用車(登録車),63,JADA,2026-06-24
13313,2025,5,Aston Martin,乗用車(登録車),30,JADA,2026-06-24
13314,2025,5,Audi,乗用車(登録車),2088,JADA,2026-06-24
13315,2025,5,Bentley,乗用車(登録車),33,JADA,2026-06-24
13316,2025,5,BMW,乗用車(登録車),2619,JADA,2026-06-24
13317,2025,5,BMW Alpina,乗用車(登録車),50,JADA,2026-06-24
13318,2025,5,BMW MINI,乗用車(登録車),1532,JADA,2026-06-24
13319,2025,5,BYD,乗用車(登録車),416,JADA,2026-06-24
13320,2025,5,Cadillac,乗用車(登録車),35,JADA,2026-06-24
13321,2025,5,Chevrolet,乗用車(登録車),27,JADA,2026-06-24
13322,2025,5,Chevrolet,貨物車(登録車),3,JADA,2026-06-24
13323,2025,5,Citroen,乗用車(登録車),202,JADA,2026-06-24
13324,2025,5,Dodge,乗用車(登録車),14,JADA,2026-06-24
13325,2025,5,DS,乗用車(登録車),17,JADA,2026-06-24
13326,2025,5,Ferrari,乗用車(登録車),98,JADA,2026-06-24
13327,2025,5,Fiat,乗用車(登録車),279,JADA,2026-06-24
13328,2025,5,Fiat,貨物車(登録車),25,JADA,2026-06-24
13329,2025,5,Ford,乗用車(登録車),17,JADA,2026-06-24
13330,2025,5,Ford,貨物車(登録車),1,JADA,2026-06-24
13331,2025,5,Hyundai,乗用車(登録車),94,JADA,2026-06-24
13332,2025,5,Jeep,乗用車(登録車),592,JADA,2026-06-24
13333,2025,5,Jeep,貨物車(登録車),3,JADA,2026-06-24
13334,2025,5,Lamborghini,乗用車(登録車),80,JADA,2026-06-24
13335,2025,5,Land Rover,乗用車(登録車),400,JADA,2026-06-24
13336,2025,5,Land Rover,貨物車(登録車),1,JADA,2026-06-24
13337,2025,5,Lotus,乗用車(登録車),15,JADA,2026-06-24
13338,2025,5,Maserati,乗用車(登録車),52,JADA,2026-06-24
13339,2025,5,ＭcＬaren,乗用車(登録車),20,JADA,2026-06-24
13340,2025,5,Mercedes-Benz,乗用車(登録車),4088,JADA,2026-06-24
13341,2025,5,Peugeot,乗用車(登録車),382,JADA,2026-06-24
13342,2025,5,Porsche,乗用車(登録車),601,JADA,2026-06-24
13343,2025,5,Renault,乗用車(登録車),158,JADA,2026-06-24
13344,2025,5,Roｌｌs Royce,乗用車(登録車),45,JADA,2026-06-24
13345,2025,5,Scania,貨物車(登録車),50,JADA,2026-06-24
13346,2025,5,Volvo,乗用車(登録車),781,JADA,2026-06-24
13347,2025,5,Volvo,貨物車(登録車),43,JADA,2026-06-24
13348,2025,5,VW,乗用車(登録車),2462,JADA,2026-06-24
13349,2025,4,ダイハツ,乗用車(登録車),1484,JADA,2026-06-24
13350,2025,4,ダイハツ,貨物車(登録車),1,JADA,2026-06-24
13351,2025,4,ダイハツ,乗用車(軽),24817,JADA,2026-06-24
13352,2025,4,ダイハツ,貨物車(軽),14956,JADA,2026-06-24
13353,2025,4,ホンダ,乗用車(登録車),24611,JADA,2026-06-24
13354,2025,4,ホンダ,乗用車(軽),18361,JADA,2026-06-24
13355,2025,4,ホンダ,貨物車(軽),2110,JADA,2026-06-24
13356,2025,4,レクサス,乗用車(登録車),7984,JADA,2026-06-24
13357,2025,4,マツダ,乗用車(登録車),8103,JADA,2026-06-24
13358,2025,4,マツダ,貨物車(登録車),226,JADA,2026-06-24
13359,2025,4,マツダ,乗用車(軽),1897,JADA,2026-06-24
13360,2025,4,マツダ,貨物車(軽),449,JADA,2026-06-24
13361,2025,4,三菱,乗用車(登録車),3047,JADA,2026-06-24
13362,2025,4,三菱,貨物車(登録車),163,JADA,2026-06-24
13363,2025,4,三菱,乗用車(軽),4445,JADA,2026-06-24
13364,2025,4,三菱,貨物車(軽),476,JADA,2026-06-24
13365,2025,4,日産,乗用車(登録車),11736,JADA,2026-06-24
13366,2025,4,日産,貨物車(登録車),3053,JADA,2026-06-24
13367,2025,4,日産,乗用車(軽),7630,JADA,2026-06-24
13368,2025,4,日産,貨物車(軽),1899,JADA,2026-06-24
13369,2025,4,ＳＵＢＡＲＵ,乗用車(登録車),6561,JADA,2026-06-24
13370,2025,4,ＳＵＢＡＲＵ,乗用車(軽),498,JADA,2026-06-24
13371,2025,4,ＳＵＢＡＲＵ,貨物車(軽),504,JADA,2026-06-24
13372,2025,4,スズキ,乗用車(登録車),12617,JADA,2026-06-24
13373,2025,4,スズキ,乗用車(軽),37518,JADA,2026-06-24
13374,2025,4,スズキ,貨物車(軽),8438,JADA,2026-06-24
13375,2025,4,トヨタ,乗用車(登録車),99152,JADA,2026-06-24
13376,2025,4,トヨタ,貨物車(登録車),11358,JADA,2026-06-24
13377,2025,4,トヨタ,乗用車(軽),862,JADA,2026-06-24
13378,2025,4,トヨタ,貨物車(軽),934,JADA,2026-06-24
13379,2025,4,日野,貨物車(登録車),2578,JADA,2026-06-24
13380,2025,4,いすゞ,貨物車(登録車),4801,JADA,2026-06-24
13381,2025,4,三菱ふそう,貨物車(登録車),2136,JADA,2026-06-24
13382,2025,4,UDトラックス,貨物車(登録車),757,JADA,2026-06-24
13383,2025,4,ABARTH,乗用車(登録車),68,JADA,2026-06-24
13384,2025,4,Alfa Romeo,乗用車(登録車),49,JADA,2026-06-24
13385,2025,4,Aston Martin,乗用車(登録車),41,JADA,2026-06-24
13386,2025,4,Audi,乗用車(登録車),1764,JADA,2026-06-24
13387,2025,4,Bentley,乗用車(登録車),33,JADA,2026-06-24
13388,2025,4,BMW,乗用車(登録車),2575,JADA,2026-06-24
13389,2025,4,BMW Alpina,乗用車(登録車),31,JADA,2026-06-24
13390,2025,4,BMW MINI,乗用車(登録車),1427,JADA,2026-06-24
13391,2025,4,BYD,乗用車(登録車),166,JADA,2026-06-24
13392,2025,4,Cadillac,乗用車(登録車),16,JADA,2026-06-24
13393,2025,4,Chevrolet,乗用車(登録車),19,JADA,2026-06-24
13394,2025,4,Chevrolet,貨物車(登録車),3,JADA,2026-06-24
13395,2025,4,Citroen,乗用車(登録車),204,JADA,2026-06-24
13396,2025,4,Dodge,乗用車(登録車),10,JADA,2026-06-24
13397,2025,4,DS,乗用車(登録車),32,JADA,2026-06-24
13398,2025,4,Ferrari,乗用車(登録車),117,JADA,2026-06-24
13399,2025,4,Fiat,乗用車(登録車),189,JADA,2026-06-24
13400,2025,4,Fiat,貨物車(登録車),39,JADA,2026-06-24
13401,2025,4,Ford,乗用車(登録車),20,JADA,2026-06-24
13402,2025,4,Ford,貨物車(登録車),4,JADA,2026-06-24
13403,2025,4,Hyundai,乗用車(登録車),80,JADA,2026-06-24
13404,2025,4,Jaguar,乗用車(登録車),16,JADA,2026-06-24
13405,2025,4,Jeep,乗用車(登録車),635,JADA,2026-06-24
13406,2025,4,Jeep,貨物車(登録車),6,JADA,2026-06-24
13407,2025,4,Lamborghini,乗用車(登録車),50,JADA,2026-06-24
13408,2025,4,Land Rover,乗用車(登録車),554,JADA,2026-06-24
13409,2025,4,Lotus,乗用車(登録車),18,JADA,2026-06-24
13410,2025,4,Maserati,乗用車(登録車),46,JADA,2026-06-24
13411,2025,4,ＭcＬaren,乗用車(登録車),21,JADA,2026-06-24
13412,2025,4,Mercedes-Benz,乗用車(登録車),3202,JADA,2026-06-24
13413,2025,4,Peugeot,乗用車(登録車),479,JADA,2026-06-24
13414,2025,4,Porsche,乗用車(登録車),781,JADA,2026-06-24
13415,2025,4,Renault,乗用車(登録車),107,JADA,2026-06-24
13416,2025,4,Roｌｌs Royce,乗用車(登録車),26,JADA,2026-06-24
13417,2025,4,Scania,貨物車(登録車),40,JADA,2026-06-24
13418,2025,4,smart,乗用車(登録車),1,JADA,2026-06-24
13419,2025,4,Volvo,乗用車(登録車),647,JADA,2026-06-24
13420,2025,4,Volvo,貨物車(登録車),53,JADA,2026-06-24
13421,2025,4,VW,乗用車(登録車),1986,JADA,2026-06-24
13422,2025,3,ダイハツ,乗用車(登録車),2141,JADA,2026-06-24
13423,2025,3,ダイハツ,貨物車(登録車),4,JADA,2026-06-24
13424,2025,3,ダイハツ,乗用車(軽),33575,JADA,2026-06-24
13425,2025,3,ダイハツ,貨物車(軽),14565,JADA,2026-06-24
13426,2025,3,ホンダ,乗用車(登録車),44879,JADA,2026-06-24
13427,2025,3,ホンダ,乗用車(軽),28504,JADA,2026-06-24
13428,2025,3,ホンダ,貨物車(軽),2943,JADA,2026-06-24
13429,2025,3,レクサス,乗用車(登録車),8915,JADA,2026-06-24
13430,2025,3,マツダ,乗用車(登録車),15578,JADA,2026-06-24
13431,2025,3,マツダ,貨物車(登録車),348,JADA,2026-06-24
13432,2025,3,マツダ,乗用車(軽),3064,JADA,2026-06-24
13433,2025,3,マツダ,貨物車(軽),847,JADA,2026-06-24
13434,2025,3,三菱,乗用車(登録車),5449,JADA,2026-06-24
13435,2025,3,三菱,貨物車(登録車),379,JADA,2026-06-24
13436,2025,3,三菱,乗用車(軽),5660,JADA,2026-06-24
13437,2025,3,三菱,貨物車(軽),1130,JADA,2026-06-24
13438,2025,3,日産,乗用車(登録車),26874,JADA,2026-06-24
13439,2025,3,日産,貨物車(登録車),5968,JADA,2026-06-24
13440,2025,3,日産,乗用車(軽),16274,JADA,2026-06-24
13441,2025,3,日産,貨物車(軽),3185,JADA,2026-06-24
13442,2025,3,ＳＵＢＡＲＵ,乗用車(登録車),11963,JADA,2026-06-24
13443,2025,3,ＳＵＢＡＲＵ,乗用車(軽),809,JADA,2026-06-24
13444,2025,3,ＳＵＢＡＲＵ,貨物車(軽),510,JADA,2026-06-24
13445,2025,3,スズキ,乗用車(登録車),15155,JADA,2026-06-24
13446,2025,3,スズキ,乗用車(軽),43863,JADA,2026-06-24
13447,2025,3,スズキ,貨物車(軽),13167,JADA,2026-06-24
13448,2025,3,トヨタ,乗用車(登録車),127943,JADA,2026-06-24
13449,2025,3,トヨタ,貨物車(登録車),15121,JADA,2026-06-24
13450,2025,3,トヨタ,乗用車(軽),890,JADA,2026-06-24
13451,2025,3,トヨタ,貨物車(軽),830,JADA,2026-06-24
13452,2025,3,日野,貨物車(登録車),4055,JADA,2026-06-24
13453,2025,3,いすゞ,貨物車(登録車),9028,JADA,2026-06-24
13454,2025,3,三菱ふそう,貨物車(登録車),2933,JADA,2026-06-24
13455,2025,3,UDトラックス,貨物車(登録車),1784,JADA,2026-06-24
13456,2025,3,ABARTH,乗用車(登録車),128,JADA,2026-06-24
13457,2025,3,Alfa Romeo,乗用車(登録車),102,JADA,2026-06-24
13458,2025,3,Aston Martin,乗用車(登録車),42,JADA,2026-06-24
13459,2025,3,Audi,乗用車(登録車),2517,JADA,2026-06-24
13460,2025,3,Bentley,乗用車(登録車),61,JADA,2026-06-24
13461,2025,3,BMW,乗用車(登録車),4518,JADA,2026-06-24
13462,2025,3,BMW Alpina,乗用車(登録車),39,JADA,2026-06-24
13463,2025,3,BMW MINI,乗用車(登録車),2304,JADA,2026-06-24
13464,2025,3,BYD,乗用車(登録車),327,JADA,2026-06-24
13465,2025,3,Cadillac,乗用車(登録車),71,JADA,2026-06-24
13466,2025,3,Chevrolet,乗用車(登録車),41,JADA,2026-06-24
13467,2025,3,Chevrolet,貨物車(登録車),3,JADA,2026-06-24
13468,2025,3,Chrysler,乗用車(登録車),2,JADA,2026-06-24
13469,2025,3,Citroen,乗用車(登録車),397,JADA,2026-06-24
13470,2025,3,Dodge,乗用車(登録車),10,JADA,2026-06-24
13471,2025,3,Dodge,貨物車(登録車),1,JADA,2026-06-24
13472,2025,3,DS,乗用車(登録車),59,JADA,2026-06-24
13473,2025,3,Ferrari,乗用車(登録車),149,JADA,2026-06-24
13474,2025,3,Fiat,乗用車(登録車),340,JADA,2026-06-24
13475,2025,3,Fiat,貨物車(登録車),36,JADA,2026-06-24
13476,2025,3,Ford,乗用車(登録車),13,JADA,2026-06-24
13477,2025,3,Ford,貨物車(登録車),4,JADA,2026-06-24
13478,2025,3,Hyundai,乗用車(登録車),41,JADA,2026-06-24
13479,2025,3,Jaguar,乗用車(登録車),115,JADA,2026-06-24
13480,2025,3,Jeep,乗用車(登録車),945,JADA,2026-06-24
13481,2025,3,Jeep,貨物車(登録車),11,JADA,2026-06-24
13482,2025,3,Lamborghini,乗用車(登録車),92,JADA,2026-06-24
13483,2025,3,Land Rover,乗用車(登録車),1056,JADA,2026-06-24
13484,2025,3,Lotus,乗用車(登録車),19,JADA,2026-06-24
13485,2025,3,Maserati,乗用車(登録車),134,JADA,2026-06-24
13486,2025,3,ＭcＬaren,乗用車(登録車),26,JADA,2026-06-24
13487,2025,3,Mercedes-Benz,乗用車(登録車),5939,JADA,2026-06-24
13488,2025,3,Opel,乗用車(登録車),1,JADA,2026-06-24
13489,2025,3,Peugeot,乗用車(登録車),787,JADA,2026-06-24
13490,2025,3,Porsche,乗用車(登録車),1426,JADA,2026-06-24
13491,2025,3,Renault,乗用車(登録車),538,JADA,2026-06-24
13492,2025,3,Renault,貨物車(登録車),1,JADA,2026-06-24
13493,2025,3,Roｌｌs Royce,乗用車(登録車),31,JADA,2026-06-24
13494,2025,3,Scania,貨物車(登録車),68,JADA,2026-06-24
13495,2025,3,Volvo,乗用車(登録車),1379,JADA,2026-06-24
13496,2025,3,Volvo,貨物車(登録車),70,JADA,2026-06-24
13497,2025,3,VW,乗用車(登録車),4430,JADA,2026-06-24
13498,2025,2,ダイハツ,乗用車(登録車),2161,JADA,2026-06-24
13499,2025,2,ダイハツ,貨物車(登録車),6,JADA,2026-06-24
13500,2025,2,ダイハツ,乗用車(軽),31247,JADA,2026-06-24
13501,2025,2,ダイハツ,貨物車(軽),7960,JADA,2026-06-24
13502,2025,2,ホンダ,乗用車(登録車),32764,JADA,2026-06-24
13503,2025,2,ホンダ,乗用車(軽),22201,JADA,2026-06-24
13504,2025,2,ホンダ,貨物車(軽),2429,JADA,2026-06-24
13505,2025,2,レクサス,乗用車(登録車),6167,JADA,2026-06-24
13506,2025,2,マツダ,乗用車(登録車),12666,JADA,2026-06-24
13507,2025,2,マツダ,貨物車(登録車),261,JADA,2026-06-24
13508,2025,2,マツダ,乗用車(軽),2819,JADA,2026-06-24
13509,2025,2,マツダ,貨物車(軽),660,JADA,2026-06-24
13510,2025,2,三菱,乗用車(登録車),4026,JADA,2026-06-24
13511,2025,2,三菱,貨物車(登録車),362,JADA,2026-06-24
13512,2025,2,三菱,乗用車(軽),4808,JADA,2026-06-24
13513,2025,2,三菱,貨物車(軽),1144,JADA,2026-06-24
13514,2025,2,日産,乗用車(登録車),20675,JADA,2026-06-24
13515,2025,2,日産,貨物車(登録車),4317,JADA,2026-06-24
13516,2025,2,日産,乗用車(軽),13735,JADA,2026-06-24
13517,2025,2,日産,貨物車(軽),2443,JADA,2026-06-24
13518,2025,2,ＳＵＢＡＲＵ,乗用車(登録車),9267,JADA,2026-06-24
13519,2025,2,ＳＵＢＡＲＵ,乗用車(軽),785,JADA,2026-06-24
13520,2025,2,ＳＵＢＡＲＵ,貨物車(軽),399,JADA,2026-06-24
13521,2025,2,スズキ,乗用車(登録車),13227,JADA,2026-06-24
13522,2025,2,スズキ,乗用車(軽),43892,JADA,2026-06-24
13523,2025,2,スズキ,貨物車(軽),10429,JADA,2026-06-24
13524,2025,2,トヨタ,乗用車(登録車),114879,JADA,2026-06-24
13525,2025,2,トヨタ,貨物車(登録車),10315,JADA,2026-06-24
13526,2025,2,トヨタ,乗用車(軽),827,JADA,2026-06-24
13527,2025,2,トヨタ,貨物車(軽),801,JADA,2026-06-24
13528,2025,2,日野,貨物車(登録車),3156,JADA,2026-06-24
13529,2025,2,いすゞ,貨物車(登録車),5938,JADA,2026-06-24
13530,2025,2,三菱ふそう,貨物車(登録車),2027,JADA,2026-06-24
13531,2025,2,UDトラックス,貨物車(登録車),959,JADA,2026-06-24
13532,2025,2,ABARTH,乗用車(登録車),92,JADA,2026-06-24
13533,2025,2,Alfa Romeo,乗用車(登録車),55,JADA,2026-06-24
13534,2025,2,Aston Martin,乗用車(登録車),30,JADA,2026-06-24
13535,2025,2,Audi,乗用車(登録車),1438,JADA,2026-06-24
13536,2025,2,Bentley,乗用車(登録車),37,JADA,2026-06-24
13537,2025,2,BMW,乗用車(登録車),2783,JADA,2026-06-24
13538,2025,2,BMW Alpina,乗用車(登録車),21,JADA,2026-06-24
13539,2025,2,BMW MINI,乗用車(登録車),1549,JADA,2026-06-24
13540,2025,2,BYD,乗用車(登録車),173,JADA,2026-06-24
13541,2025,2,Cadillac,乗用車(登録車),47,JADA,2026-06-24
13542,2025,2,Chevrolet,乗用車(登録車),34,JADA,2026-06-24
13543,2025,2,Chevrolet,貨物車(登録車),1,JADA,2026-06-24
13544,2025,2,Citroen,乗用車(登録車),198,JADA,2026-06-24
13545,2025,2,Dodge,乗用車(登録車),11,JADA,2026-06-24
13546,2025,2,Dodge,貨物車(登録車),3,JADA,2026-06-24
13547,2025,2,DS,乗用車(登録車),35,JADA,2026-06-24
13548,2025,2,Ferrari,乗用車(登録車),119,JADA,2026-06-24
13549,2025,2,Fiat,乗用車(登録車),248,JADA,2026-06-24
13550,2025,2,Fiat,貨物車(登録車),25,JADA,2026-06-24
13551,2025,2,Ford,乗用車(登録車),13,JADA,2026-06-24
13552,2025,2,Ford,貨物車(登録車),3,JADA,2026-06-24
13553,2025,2,Hyundai,乗用車(登録車),34,JADA,2026-06-24
13554,2025,2,Jaguar,乗用車(登録車),24,JADA,2026-06-24
13555,2025,2,Jeep,乗用車(登録車),722,JADA,2026-06-24
13556,2025,2,Jeep,貨物車(登録車),10,JADA,2026-06-24
13557,2025,2,Lamborghini,乗用車(登録車),70,JADA,2026-06-24
13558,2025,2,Land Rover,乗用車(登録車),839,JADA,2026-06-24
13559,2025,2,Lotus,乗用車(登録車),32,JADA,2026-06-24
13560,2025,2,Maserati,乗用車(登録車),50,JADA,2026-06-24
13561,2025,2,ＭcＬaren,乗用車(登録車),24,JADA,2026-06-24
13562,2025,2,Mercedes-Benz,乗用車(登録車),3590,JADA,2026-06-24
13563,2025,2,Peugeot,乗用車(登録車),531,JADA,2026-06-24
13564,2025,2,Porsche,乗用車(登録車),1043,JADA,2026-06-24
13565,2025,2,Renault,乗用車(登録車),253,JADA,2026-06-24
13566,2025,2,Roｌｌs Royce,乗用車(登録車),36,JADA,2026-06-24
13567,2025,2,Scania,貨物車(登録車),35,JADA,2026-06-24
13568,2025,2,Volvo,乗用車(登録車),900,JADA,2026-06-24
13569,2025,2,Volvo,貨物車(登録車),43,JADA,2026-06-24
13570,2025,2,VW,乗用車(登録車),2836,JADA,2026-06-24
13571,2025,1,ダイハツ,乗用車(登録車),2161,JADA,2026-06-24
13572,2025,1,ダイハツ,貨物車(登録車),9,JADA,2026-06-24
13573,2025,1,ダイハツ,乗用車(軽),30452,JADA,2026-06-24
13574,2025,1,ダイハツ,貨物車(軽),8309,JADA,2026-06-24
13575,2025,1,ホンダ,乗用車(登録車),28407,JADA,2026-06-24
13576,2025,1,ホンダ,乗用車(軽),19395,JADA,2026-06-24
13577,2025,1,ホンダ,貨物車(軽),2533,JADA,2026-06-24
13578,2025,1,レクサス,乗用車(登録車),6291,JADA,2026-06-24
13579,2025,1,マツダ,乗用車(登録車),9496,JADA,2026-06-24
13580,2025,1,マツダ,貨物車(登録車),257,JADA,2026-06-24
13581,2025,1,マツダ,乗用車(軽),2819,JADA,2026-06-24
13582,2025,1,マツダ,貨物車(軽),469,JADA,2026-06-24
13583,2025,1,三菱,乗用車(登録車),4148,JADA,2026-06-24
13584,2025,1,三菱,貨物車(登録車),305,JADA,2026-06-24
13585,2025,1,三菱,乗用車(軽),4376,JADA,2026-06-24
13586,2025,1,三菱,貨物車(軽),1406,JADA,2026-06-24
13587,2025,1,日産,乗用車(登録車),19969,JADA,2026-06-24
13588,2025,1,日産,貨物車(登録車),3302,JADA,2026-06-24
13589,2025,1,日産,乗用車(軽),13921,JADA,2026-06-24
13590,2025,1,日産,貨物車(軽),2446,JADA,2026-06-24
13591,2025,1,ＳＵＢＡＲＵ,乗用車(登録車),7001,JADA,2026-06-24
13592,2025,1,ＳＵＢＡＲＵ,乗用車(軽),758,JADA,2026-06-24
13593,2025,1,ＳＵＢＡＲＵ,貨物車(軽),465,JADA,2026-06-24
13594,2025,1,スズキ,乗用車(登録車),12662,JADA,2026-06-24
13595,2025,1,スズキ,乗用車(軽),39232,JADA,2026-06-24
13596,2025,1,スズキ,貨物車(軽),9411,JADA,2026-06-24
13597,2025,1,トヨタ,乗用車(登録車),111835,JADA,2026-06-24
13598,2025,1,トヨタ,貨物車(登録車),6915,JADA,2026-06-24
13599,2025,1,トヨタ,乗用車(軽),583,JADA,2026-06-24
13600,2025,1,トヨタ,貨物車(軽),735,JADA,2026-06-24
13601,2025,1,日野,貨物車(登録車),3001,JADA,2026-06-24
13602,2025,1,いすゞ,貨物車(登録車),5172,JADA,2026-06-24
13603,2025,1,三菱ふそう,貨物車(登録車),1611,JADA,2026-06-24
13604,2025,1,UDトラックス,貨物車(登録車),859,JADA,2026-06-24
13605,2025,1,ABARTH,乗用車(登録車),103,JADA,2026-06-24
13606,2025,1,Alfa Romeo,乗用車(登録車),67,JADA,2026-06-24
13607,2025,1,Aston Martin,乗用車(登録車),26,JADA,2026-06-24
13608,2025,1,Audi,乗用車(登録車),1309,JADA,2026-06-24
13609,2025,1,Bentley,乗用車(登録車),11,JADA,2026-06-24
13610,2025,1,BMW,乗用車(登録車),1657,JADA,2026-06-24
13611,2025,1,BMW Alpina,乗用車(登録車),9,JADA,2026-06-24
13612,2025,1,BMW MINI,乗用車(登録車),912,JADA,2026-06-24
13613,2025,1,BYD,乗用車(登録車),42,JADA,2026-06-24
13614,2025,1,Cadillac,乗用車(登録車),31,JADA,2026-06-24
13615,2025,1,Chevrolet,乗用車(登録車),18,JADA,2026-06-24
13616,2025,1,Chevrolet,貨物車(登録車),1,JADA,2026-06-24
13617,2025,1,Chrysler,乗用車(登録車),1,JADA,2026-06-24
13618,2025,1,Citroen,乗用車(登録車),177,JADA,2026-06-24
13619,2025,1,Dodge,乗用車(登録車),3,JADA,2026-06-24
13620,2025,1,DS,乗用車(登録車),39,JADA,2026-06-24
13621,2025,1,Ferrari,乗用車(登録車),67,JADA,2026-06-24
13622,2025,1,Fiat,乗用車(登録車),222,JADA,2026-06-24
13623,2025,1,Fiat,貨物車(登録車),28,JADA,2026-06-24
13624,2025,1,Ford,乗用車(登録車),8,JADA,2026-06-24
13625,2025,1,Ford,貨物車(登録車),2,JADA,2026-06-24
13626,2025,1,Hyundai,乗用車(登録車),41,JADA,2026-06-24
13627,2025,1,Jaguar,乗用車(登録車),23,JADA,2026-06-24
13628,2025,1,Jeep,乗用車(登録車),588,JADA,2026-06-24
13629,2025,1,Jeep,貨物車(登録車),10,JADA,2026-06-24
13630,2025,1,Lamborghini,乗用車(登録車),48,JADA,2026-06-24
13631,2025,1,Land Rover,乗用車(登録車),781,JADA,2026-06-24
13632,2025,1,Lotus,乗用車(登録車),33,JADA,2026-06-24
13633,2025,1,Maserati,乗用車(登録車),35,JADA,2026-06-24
13634,2025,1,ＭcＬaren,乗用車(登録車),28,JADA,2026-06-24
13635,2025,1,Mercedes-Benz,乗用車(登録車),3466,JADA,2026-06-24
13636,2025,1,Peugeot,乗用車(登録車),334,JADA,2026-06-24
13637,2025,1,Porsche,乗用車(登録車),789,JADA,2026-06-24
13638,2025,1,Renault,乗用車(登録車),228,JADA,2026-06-24
13639,2025,1,Roｌｌs Royce,乗用車(登録車),33,JADA,2026-06-24
13640,2025,1,Saab,乗用車(登録車),1,JADA,2026-06-24
13641,2025,1,Scania,貨物車(登録車),34,JADA,2026-06-24
13642,2025,1,Volvo,乗用車(登録車),625,JADA,2026-06-24
13643,2025,1,Volvo,貨物車(登録車),37,JADA,2026-06-24
13644,2025,1,VW,乗用車(登録車),2608,JADA,2026-06-24
13645,2025,1,VW,貨物車(登録車),1,JADA,2026-06-24
13646,2026,5,ダイハツ,乗用車(登録車),2235,JADA,2026-06-24
13647,2026,5,ダイハツ,貨物車(登録車),30,JADA,2026-06-24
13648,2026,5,ダイハツ,乗用車(軽),23820,JADA,2026-06-24
13649,2026,5,ダイハツ,貨物車(軽),12108,JADA,2026-06-24
13650,2026,5,ホンダ,乗用車(登録車),23989,JADA,2026-06-24
13651,2026,5,ホンダ,乗用車(軽),16811,JADA,2026-06-24
13652,2026,5,ホンダ,貨物車(軽),2291,JADA,2026-06-24
13653,2026,5,レクサス,乗用車(登録車),6352,JADA,2026-06-24
13654,2026,5,マツダ,乗用車(登録車),6753,JADA,2026-06-24
13655,2026,5,マツダ,貨物車(登録車),345,JADA,2026-06-24
13656,2026,5,マツダ,乗用車(軽),1571,JADA,2026-06-24
13657,2026,5,マツダ,貨物車(軽),310,JADA,2026-06-24
13658,2026,5,三菱,乗用車(登録車),3858,JADA,2026-06-24
13659,2026,5,三菱,貨物車(登録車),126,JADA,2026-06-24
13660,2026,5,三菱,乗用車(軽),3796,JADA,2026-06-24
13661,2026,5,三菱,貨物車(軽),347,JADA,2026-06-24
13662,2026,5,日産,乗用車(登録車),11729,JADA,2026-06-24
13663,2026,5,日産,貨物車(登録車),2257,JADA,2026-06-24
13664,2026,5,日産,乗用車(軽),10311,JADA,2026-06-24
13665,2026,5,日産,貨物車(軽),1638,JADA,2026-06-24
13666,2026,5,ＳＵＢＡＲＵ,乗用車(登録車),6359,JADA,2026-06-24
13667,2026,5,ＳＵＢＡＲＵ,乗用車(軽),565,JADA,2026-06-24
13668,2026,5,ＳＵＢＡＲＵ,貨物車(軽),356,JADA,2026-06-24
13669,2026,5,スズキ,乗用車(登録車),12317,JADA,2026-06-24
13670,2026,5,スズキ,乗用車(軽),31681,JADA,2026-06-24
13671,2026,5,スズキ,貨物車(軽),10443,JADA,2026-06-24
13672,2026,5,トヨタ,乗用車(登録車),96124,JADA,2026-06-24
13673,2026,5,トヨタ,貨物車(登録車),13532,JADA,2026-06-24
13674,2026,5,トヨタ,乗用車(軽),858,JADA,2026-06-24
13675,2026,5,トヨタ,貨物車(軽),1086,JADA,2026-06-24
13676,2026,5,日野,貨物車(登録車),2525,JADA,2026-06-24
13677,2026,5,いすゞ,貨物車(登録車),4290,JADA,2026-06-24
13678,2026,5,三菱ふそう,貨物車(登録車),2602,JADA,2026-06-24
13679,2026,5,UDトラックス,貨物車(登録車),782,JADA,2026-06-24
13680,2026,5,ABARTH,乗用車(登録車),16,JADA,2026-06-24
13681,2026,5,Alfa Romeo,乗用車(登録車),137,JADA,2026-06-24
13682,2026,5,Aston Martin,乗用車(登録車),25,JADA,2026-06-24
13683,2026,5,Audi,乗用車(登録車),1535,JADA,2026-06-24
13684,2026,5,Bentley,乗用車(登録車),37,JADA,2026-06-24
13685,2026,5,BMW,乗用車(登録車),2132,JADA,2026-06-24
13686,2026,5,BMW Alpina,乗用車(登録車),52,JADA,2026-06-24
13687,2026,5,BMW MINI,乗用車(登録車),1282,JADA,2026-06-24
13688,2026,5,BYD,乗用車(登録車),363,JADA,2026-06-24
13689,2026,5,Cadillac,乗用車(登録車),39,JADA,2026-06-24
13690,2026,5,Chevrolet,乗用車(登録車),31,JADA,2026-06-24
13691,2026,5,Chevrolet,貨物車(登録車),5,JADA,2026-06-24
13692,2026,5,Citroen,乗用車(登録車),226,JADA,2026-06-24
13693,2026,5,Dodge,乗用車(登録車),6,JADA,2026-06-24
13694,2026,5,DS,乗用車(登録車),28,JADA,2026-06-24
13695,2026,5,Ferrari,乗用車(登録車),122,JADA,2026-06-24
13696,2026,5,Fiat,乗用車(登録車),259,JADA,2026-06-24
13697,2026,5,Fiat,貨物車(登録車),18,JADA,2026-06-24
13698,2026,5,Ford,乗用車(登録車),18,JADA,2026-06-24
13699,2026,5,Ford,貨物車(登録車),1,JADA,2026-06-24
13700,2026,5,Hyundai,乗用車(登録車),78,JADA,2026-06-24
13701,2026,5,Jeep,乗用車(登録車),627,JADA,2026-06-24
13702,2026,5,Lamborghini,乗用車(登録車),74,JADA,2026-06-24
13703,2026,5,Land Rover,乗用車(登録車),485,JADA,2026-06-24
13704,2026,5,Lotus,乗用車(登録車),5,JADA,2026-06-24
13705,2026,5,Maserati,乗用車(登録車),41,JADA,2026-06-24
13706,2026,5,ＭcＬaren,乗用車(登録車),3,JADA,2026-06-24
13707,2026,5,Mercedes-Benz,乗用車(登録車),3671,JADA,2026-06-24
13708,2026,5,Mercedes-Benz,貨物車(登録車),2,JADA,2026-06-24
13709,2026,5,Peugeot,乗用車(登録車),552,JADA,2026-06-24
13710,2026,5,Porsche,乗用車(登録車),671,JADA,2026-06-24
13711,2026,5,Renault,乗用車(登録車),164,JADA,2026-06-24
13712,2026,5,Roｌｌs Royce,乗用車(登録車),40,JADA,2026-06-24
13713,2026,5,Scania,貨物車(登録車),42,JADA,2026-06-24
13714,2026,5,Volvo,乗用車(登録車),824,JADA,2026-06-24
13715,2026,5,Volvo,貨物車(登録車),32,JADA,2026-06-24
13716,2026,5,VW,乗用車(登録車),2220,JADA,2026-06-24
13717,2026,4,ダイハツ,乗用車(登録車),2457,JADA,2026-06-24
13718,2026,4,ダイハツ,貨物車(登録車),33,JADA,2026-06-24
13719,2026,4,ダイハツ,乗用車(軽),24910,JADA,2026-06-24
13720,2026,4,ダイハツ,貨物車(軽),12866,JADA,2026-06-24
13721,2026,4,ホンダ,乗用車(登録車),27937,JADA,2026-06-24
13722,2026,4,ホンダ,乗用車(軽),15835,JADA,2026-06-24
13723,2026,4,ホンダ,貨物車(軽),1973,JADA,2026-06-24
13724,2026,4,レクサス,乗用車(登録車),8820,JADA,2026-06-24
13725,2026,4,マツダ,乗用車(登録車),8138,JADA,2026-06-24
13726,2026,4,マツダ,貨物車(登録車),242,JADA,2026-06-24
13727,2026,4,マツダ,乗用車(軽),1520,JADA,2026-06-24
13728,2026,4,マツダ,貨物車(軽),410,JADA,2026-06-24
13729,2026,4,三菱,乗用車(登録車),4464,JADA,2026-06-24
13730,2026,4,三菱,貨物車(登録車),203,JADA,2026-06-24
13731,2026,4,三菱,乗用車(軽),3864,JADA,2026-06-24
13732,2026,4,三菱,貨物車(軽),414,JADA,2026-06-24
13733,2026,4,日産,乗用車(登録車),11771,JADA,2026-06-24
13734,2026,4,日産,貨物車(登録車),2493,JADA,2026-06-24
13735,2026,4,日産,乗用車(軽),9263,JADA,2026-06-24
13736,2026,4,日産,貨物車(軽),1367,JADA,2026-06-24
13737,2026,4,ＳＵＢＡＲＵ,乗用車(登録車),8442,JADA,2026-06-24
13738,2026,4,ＳＵＢＡＲＵ,乗用車(軽),756,JADA,2026-06-24
13739,2026,4,ＳＵＢＡＲＵ,貨物車(軽),541,JADA,2026-06-24
13740,2026,4,スズキ,乗用車(登録車),14332,JADA,2026-06-24
13741,2026,4,スズキ,乗用車(軽),34279,JADA,2026-06-24
13742,2026,4,スズキ,貨物車(軽),8280,JADA,2026-06-24
13743,2026,4,トヨタ,乗用車(登録車),121679,JADA,2026-06-24
13744,2026,4,トヨタ,貨物車(登録車),16674,JADA,2026-06-24
13745,2026,4,トヨタ,乗用車(軽),1004,JADA,2026-06-24
13746,2026,4,トヨタ,貨物車(軽),1281,JADA,2026-06-24
13747,2026,4,日野,貨物車(登録車),2980,JADA,2026-06-24
13748,2026,4,いすゞ,貨物車(登録車),4287,JADA,2026-06-24
13749,2026,4,三菱ふそう,貨物車(登録車),3128,JADA,2026-06-24
13750,2026,4,UDトラックス,貨物車(登録車),749,JADA,2026-06-24
13751,2026,4,ABARTH,乗用車(登録車),17,JADA,2026-06-24
13752,2026,4,Alfa Romeo,乗用車(登録車),124,JADA,2026-06-24
13753,2026,4,Aston Martin,乗用車(登録車),44,JADA,2026-06-24
13754,2026,4,Audi,乗用車(登録車),1105,JADA,2026-06-24
13755,2026,4,Bentley,乗用車(登録車),15,JADA,2026-06-24
13756,2026,4,BMW,乗用車(登録車),2088,JADA,2026-06-24
13757,2026,4,BMW Alpina,乗用車(登録車),96,JADA,2026-06-24
13758,2026,4,BMW MINI,乗用車(登録車),1094,JADA,2026-06-24
13759,2026,4,BYD,乗用車(登録車),215,JADA,2026-06-24
13760,2026,4,Cadillac,乗用車(登録車),21,JADA,2026-06-24
13761,2026,4,Chevrolet,乗用車(登録車),34,JADA,2026-06-24
13762,2026,4,Chevrolet,貨物車(登録車),4,JADA,2026-06-24
13763,2026,4,Chrysler,乗用車(登録車),1,JADA,2026-06-24
13764,2026,4,Citroen,乗用車(登録車),181,JADA,2026-06-24
13765,2026,4,Dodge,乗用車(登録車),11,JADA,2026-06-24
13766,2026,4,DS,乗用車(登録車),32,JADA,2026-06-24
13767,2026,4,Ferrari,乗用車(登録車),226,JADA,2026-06-24
13768,2026,4,Fiat,乗用車(登録車),156,JADA,2026-06-24
13769,2026,4,Fiat,貨物車(登録車),48,JADA,2026-06-24
13770,2026,4,Ford,乗用車(登録車),13,JADA,2026-06-24
13771,2026,4,Ford,貨物車(登録車),2,JADA,2026-06-24
13772,2026,4,Hyundai,乗用車(登録車),60,JADA,2026-06-24
13773,2026,4,Jeep,乗用車(登録車),546,JADA,2026-06-24
13774,2026,4,Jeep,貨物車(登録車),2,JADA,2026-06-24
13775,2026,4,Lamborghini,乗用車(登録車),62,JADA,2026-06-24
13776,2026,4,Land Rover,乗用車(登録車),688,JADA,2026-06-24
13777,2026,4,Lotus,乗用車(登録車),13,JADA,2026-06-24
13778,2026,4,Maserati,乗用車(登録車),33,JADA,2026-06-24
13779,2026,4,ＭcＬaren,乗用車(登録車),11,JADA,2026-06-24
13780,2026,4,Mercedes-Benz,乗用車(登録車),3087,JADA,2026-06-24
13781,2026,4,Peugeot,乗用車(登録車),346,JADA,2026-06-24
13782,2026,4,Porsche,乗用車(登録車),1191,JADA,2026-06-24
13783,2026,4,Renault,乗用車(登録車),246,JADA,2026-06-24
13784,2026,4,Roｌｌs Royce,乗用車(登録車),48,JADA,2026-06-24
13785,2026,4,Scania,貨物車(登録車),73,JADA,2026-06-24
13786,2026,4,Volvo,乗用車(登録車),713,JADA,2026-06-24
13787,2026,4,Volvo,貨物車(登録車),40,JADA,2026-06-24
13788,2026,4,VW,乗用車(登録車),1748,JADA,2026-06-24
13789,2026,3,ダイハツ,乗用車(登録車),2963,JADA,2026-06-24
13790,2026,3,ダイハツ,貨物車(登録車),40,JADA,2026-06-24
13791,2026,3,ダイハツ,乗用車(軽),41111,JADA,2026-06-24
13792,2026,3,ダイハツ,貨物車(軽),18377,JADA,2026-06-24
13793,2026,3,ホンダ,乗用車(登録車),41544,JADA,2026-06-24
13794,2026,3,ホンダ,乗用車(軽),25921,JADA,2026-06-24
13795,2026,3,ホンダ,貨物車(軽),2572,JADA,2026-06-24
13796,2026,3,レクサス,乗用車(登録車),6062,JADA,2026-06-24
13797,2026,3,マツダ,乗用車(登録車),13880,JADA,2026-06-24
13798,2026,3,マツダ,貨物車(登録車),380,JADA,2026-06-24
13799,2026,3,マツダ,乗用車(軽),3499,JADA,2026-06-24
13800,2026,3,マツダ,貨物車(軽),798,JADA,2026-06-24
13801,2026,3,三菱,乗用車(登録車),5883,JADA,2026-06-24
13802,2026,3,三菱,貨物車(登録車),212,JADA,2026-06-24
13803,2026,3,三菱,乗用車(軽),8524,JADA,2026-06-24
13804,2026,3,三菱,貨物車(軽),1800,JADA,2026-06-24
13805,2026,3,日産,乗用車(登録車),24203,JADA,2026-06-24
13806,2026,3,日産,貨物車(登録車),4674,JADA,2026-06-24
13807,2026,3,日産,乗用車(軽),19012,JADA,2026-06-24
13808,2026,3,日産,貨物車(軽),4410,JADA,2026-06-24
13809,2026,3,ＳＵＢＡＲＵ,乗用車(登録車),7437,JADA,2026-06-24
13810,2026,3,ＳＵＢＡＲＵ,乗用車(軽),995,JADA,2026-06-24
13811,2026,3,ＳＵＢＡＲＵ,貨物車(軽),522,JADA,2026-06-24
13812,2026,3,スズキ,乗用車(登録車),17587,JADA,2026-06-24
13813,2026,3,スズキ,乗用車(軽),42068,JADA,2026-06-24
13814,2026,3,スズキ,貨物車(軽),12878,JADA,2026-06-24
13815,2026,3,トヨタ,乗用車(登録車),118686,JADA,2026-06-24
13816,2026,3,トヨタ,貨物車(登録車),15025,JADA,2026-06-24
13817,2026,3,トヨタ,乗用車(軽),988,JADA,2026-06-24
13818,2026,3,トヨタ,貨物車(軽),1177,JADA,2026-06-24
13819,2026,3,日野,貨物車(登録車),3698,JADA,2026-06-24
13820,2026,3,いすゞ,貨物車(登録車),9593,JADA,2026-06-24
13821,2026,3,三菱ふそう,貨物車(登録車),3510,JADA,2026-06-24
13822,2026,3,UDトラックス,貨物車(登録車),1716,JADA,2026-06-24
13823,2026,3,ABARTH,乗用車(登録車),23,JADA,2026-06-24
13824,2026,3,Alfa Romeo,乗用車(登録車),248,JADA,2026-06-24
13825,2026,3,Aston Martin,乗用車(登録車),43,JADA,2026-06-24
13826,2026,3,Audi,乗用車(登録車),2488,JADA,2026-06-24
13827,2026,3,Bentley,乗用車(登録車),73,JADA,2026-06-24
13828,2026,3,BMW,乗用車(登録車),3728,JADA,2026-06-24
13829,2026,3,BMW Alpina,乗用車(登録車),30,JADA,2026-06-24
13830,2026,3,BMW MINI,乗用車(登録車),2269,JADA,2026-06-24
13831,2026,3,BYD,乗用車(登録車),625,JADA,2026-06-24
13832,2026,3,Cadillac,乗用車(登録車),38,JADA,2026-06-24
13833,2026,3,Chevrolet,乗用車(登録車),48,JADA,2026-06-24
13834,2026,3,Chevrolet,貨物車(登録車),6,JADA,2026-06-24
13835,2026,3,Chrysler,乗用車(登録車),1,JADA,2026-06-24
13836,2026,3,Citroen,乗用車(登録車),430,JADA,2026-06-24
13837,2026,3,Dodge,乗用車(登録車),1,JADA,2026-06-24
13838,2026,3,Dodge,貨物車(登録車),1,JADA,2026-06-24
13839,2026,3,DS,乗用車(登録車),23,JADA,2026-06-24
13840,2026,3,Ferrari,乗用車(登録車),99,JADA,2026-06-24
13841,2026,3,Fiat,乗用車(登録車),339,JADA,2026-06-24
13842,2026,3,Fiat,貨物車(登録車),24,JADA,2026-06-24
13843,2026,3,Ford,乗用車(登録車),16,JADA,2026-06-24
13844,2026,3,Ford,貨物車(登録車),2,JADA,2026-06-24
13845,2026,3,Hyundai,乗用車(登録車),121,JADA,2026-06-24
13846,2026,3,Jaguar,乗用車(登録車),24,JADA,2026-06-24
13847,2026,3,Jeep,乗用車(登録車),792,JADA,2026-06-24
13848,2026,3,Jeep,貨物車(登録車),1,JADA,2026-06-24
13849,2026,3,Lamborghini,乗用車(登録車),149,JADA,2026-06-24
13850,2026,3,Land Rover,乗用車(登録車),978,JADA,2026-06-24
13851,2026,3,Land Rover,貨物車(登録車),2,JADA,2026-06-24
13852,2026,3,Lotus,乗用車(登録車),8,JADA,2026-06-24
13853,2026,3,Maserati,乗用車(登録車),81,JADA,2026-06-24
13854,2026,3,ＭcＬaren,乗用車(登録車),9,JADA,2026-06-24
13855,2026,3,Mercedes-Benz,乗用車(登録車),5249,JADA,2026-06-24
13856,2026,3,Peugeot,乗用車(登録車),654,JADA,2026-06-24
13857,2026,3,Porsche,乗用車(登録車),963,JADA,2026-06-24
13858,2026,3,Renault,乗用車(登録車),533,JADA,2026-06-24
13859,2026,3,Roｌｌs Royce,乗用車(登録車),16,JADA,2026-06-24
13860,2026,3,Scania,貨物車(登録車),60,JADA,2026-06-24
13861,2026,3,Volvo,乗用車(登録車),1431,JADA,2026-06-24
13862,2026,3,Volvo,貨物車(登録車),103,JADA,2026-06-24
13863,2026,3,VW,乗用車(登録車),3127,JADA,2026-06-24
13864,2026,2,ダイハツ,乗用車(登録車),2264,JADA,2026-06-24
13865,2026,2,ダイハツ,貨物車(登録車),54,JADA,2026-06-24
13866,2026,2,ダイハツ,乗用車(軽),32031,JADA,2026-06-24
13867,2026,2,ダイハツ,貨物車(軽),14696,JADA,2026-06-24
13868,2026,2,ホンダ,乗用車(登録車),30086,JADA,2026-06-24
13869,2026,2,ホンダ,乗用車(軽),22155,JADA,2026-06-24
13870,2026,2,ホンダ,貨物車(軽),2175,JADA,2026-06-24
13871,2026,2,レクサス,乗用車(登録車),5493,JADA,2026-06-24
13872,2026,2,マツダ,乗用車(登録車),9918,JADA,2026-06-24
13873,2026,2,マツダ,貨物車(登録車),289,JADA,2026-06-24
13874,2026,2,マツダ,乗用車(軽),2658,JADA,2026-06-24
13875,2026,2,マツダ,貨物車(軽),422,JADA,2026-06-24
13876,2026,2,三菱,乗用車(登録車),5069,JADA,2026-06-24
13877,2026,2,三菱,貨物車(登録車),159,JADA,2026-06-24
13878,2026,2,三菱,乗用車(軽),5686,JADA,2026-06-24
13879,2026,2,三菱,貨物車(軽),905,JADA,2026-06-24
13880,2026,2,日産,乗用車(登録車),18866,JADA,2026-06-24
13881,2026,2,日産,貨物車(登録車),3518,JADA,2026-06-24
13882,2026,2,日産,乗用車(軽),15939,JADA,2026-06-24
13883,2026,2,日産,貨物車(軽),2998,JADA,2026-06-24
13884,2026,2,ＳＵＢＡＲＵ,乗用車(登録車),6904,JADA,2026-06-24
13885,2026,2,ＳＵＢＡＲＵ,乗用車(軽),917,JADA,2026-06-24
13886,2026,2,ＳＵＢＡＲＵ,貨物車(軽),502,JADA,2026-06-24
13887,2026,2,スズキ,乗用車(登録車),15555,JADA,2026-06-24
13888,2026,2,スズキ,乗用車(軽),36958,JADA,2026-06-24
13889,2026,2,スズキ,貨物車(軽),11185,JADA,2026-06-24
13890,2026,2,トヨタ,乗用車(登録車),99856,JADA,2026-06-24
13891,2026,2,トヨタ,貨物車(登録車),14748,JADA,2026-06-24
13892,2026,2,トヨタ,乗用車(軽),825,JADA,2026-06-24
13893,2026,2,トヨタ,貨物車(軽),1239,JADA,2026-06-24
13894,2026,2,日野,貨物車(登録車),2914,JADA,2026-06-24
13895,2026,2,いすゞ,貨物車(登録車),6392,JADA,2026-06-24
13896,2026,2,三菱ふそう,貨物車(登録車),2249,JADA,2026-06-24
13897,2026,2,UDトラックス,貨物車(登録車),1031,JADA,2026-06-24
13898,2026,2,ABARTH,乗用車(登録車),25,JADA,2026-06-24
13899,2026,2,Alfa Romeo,乗用車(登録車),126,JADA,2026-06-24
13900,2026,2,Aston Martin,乗用車(登録車),27,JADA,2026-06-24
13901,2026,2,Audi,乗用車(登録車),1601,JADA,2026-06-24
13902,2026,2,Bentley,乗用車(登録車),34,JADA,2026-06-24
13903,2026,2,BMW,乗用車(登録車),2162,JADA,2026-06-24
13904,2026,2,BMW Alpina,乗用車(登録車),51,JADA,2026-06-24
13905,2026,2,BMW MINI,乗用車(登録車),1361,JADA,2026-06-24
13906,2026,2,BYD,乗用車(登録車),439,JADA,2026-06-24
13907,2026,2,Cadillac,乗用車(登録車),17,JADA,2026-06-24
13908,2026,2,Chevrolet,乗用車(登録車),24,JADA,2026-06-24
13909,2026,2,Chevrolet,貨物車(登録車),4,JADA,2026-06-24
13910,2026,2,Chrysler,乗用車(登録車),2,JADA,2026-06-24
13911,2026,2,Citroen,乗用車(登録車),186,JADA,2026-06-24
13912,2026,2,Dodge,乗用車(登録車),1,JADA,2026-06-24
13913,2026,2,Dodge,貨物車(登録車),1,JADA,2026-06-24
13914,2026,2,DS,乗用車(登録車),18,JADA,2026-06-24
13915,2026,2,Ferrari,乗用車(登録車),124,JADA,2026-06-24
13916,2026,2,Fiat,乗用車(登録車),221,JADA,2026-06-24
13917,2026,2,Fiat,貨物車(登録車),36,JADA,2026-06-24
13918,2026,2,Ford,乗用車(登録車),15,JADA,2026-06-24
13919,2026,2,Ford,貨物車(登録車),5,JADA,2026-06-24
13920,2026,2,Hyundai,乗用車(登録車),89,JADA,2026-06-24
13921,2026,2,Jaguar,乗用車(登録車),1,JADA,2026-06-24
13922,2026,2,Jeep,乗用車(登録車),458,JADA,2026-06-24
13923,2026,2,Jeep,貨物車(登録車),1,JADA,2026-06-24
13924,2026,2,Lamborghini,乗用車(登録車),92,JADA,2026-06-24
13925,2026,2,Land Rover,乗用車(登録車),619,JADA,2026-06-24
13926,2026,2,Land Rover,貨物車(登録車),1,JADA,2026-06-24
13927,2026,2,Lotus,乗用車(登録車),2,JADA,2026-06-24
13928,2026,2,Maserati,乗用車(登録車),36,JADA,2026-06-24
13929,2026,2,ＭcＬaren,乗用車(登録車),11,JADA,2026-06-24
13930,2026,2,Mercedes-Benz,乗用車(登録車),3511,JADA,2026-06-24
13931,2026,2,Mercedes-Benz,貨物車(登録車),1,JADA,2026-06-24
13932,2026,2,Peugeot,乗用車(登録車),551,JADA,2026-06-24
13933,2026,2,Porsche,乗用車(登録車),913,JADA,2026-06-24
13934,2026,2,Renault,乗用車(登録車),270,JADA,2026-06-24
13935,2026,2,Roｌｌs Royce,乗用車(登録車),44,JADA,2026-06-24
13936,2026,2,Scania,貨物車(登録車),37,JADA,2026-06-24
13937,2026,2,Volvo,乗用車(登録車),875,JADA,2026-06-24
13938,2026,2,Volvo,貨物車(登録車),36,JADA,2026-06-24
13939,2026,2,VW,乗用車(登録車),1912,JADA,2026-06-24
13940,2026,1,ダイハツ,乗用車(登録車),2154,JADA,2026-06-24
13941,2026,1,ダイハツ,貨物車(登録車),34,JADA,2026-06-24
13942,2026,1,ダイハツ,乗用車(軽),29514,JADA,2026-06-24
13943,2026,1,ダイハツ,貨物車(軽),13549,JADA,2026-06-24
13944,2026,1,ホンダ,乗用車(登録車),27138,JADA,2026-06-24
13945,2026,1,ホンダ,乗用車(軽),19889,JADA,2026-06-24
13946,2026,1,ホンダ,貨物車(軽),2384,JADA,2026-06-24
13947,2026,1,レクサス,乗用車(登録車),7048,JADA,2026-06-24
13948,2026,1,マツダ,乗用車(登録車),8319,JADA,2026-06-24
13949,2026,1,マツダ,貨物車(登録車),223,JADA,2026-06-24
13950,2026,1,マツダ,乗用車(軽),2695,JADA,2026-06-24
13951,2026,1,マツダ,貨物車(軽),420,JADA,2026-06-24
13952,2026,1,三菱,乗用車(登録車),3710,JADA,2026-06-24
13953,2026,1,三菱,貨物車(登録車),136,JADA,2026-06-24
13954,2026,1,三菱,乗用車(軽),5503,JADA,2026-06-24
13955,2026,1,三菱,貨物車(軽),534,JADA,2026-06-24
13956,2026,1,日産,乗用車(登録車),16270,JADA,2026-06-24
13957,2026,1,日産,貨物車(登録車),3017,JADA,2026-06-24
13958,2026,1,日産,乗用車(軽),13879,JADA,2026-06-24
13959,2026,1,日産,貨物車(軽),2099,JADA,2026-06-24
13960,2026,1,ＳＵＢＡＲＵ,乗用車(登録車),6259,JADA,2026-06-24
13961,2026,1,ＳＵＢＡＲＵ,乗用車(軽),1146,JADA,2026-06-24
13962,2026,1,ＳＵＢＡＲＵ,貨物車(軽),386,JADA,2026-06-24
13963,2026,1,スズキ,乗用車(登録車),15873,JADA,2026-06-24
13964,2026,1,スズキ,乗用車(軽),34460,JADA,2026-06-24
13965,2026,1,スズキ,貨物車(軽),10530,JADA,2026-06-24
13966,2026,1,トヨタ,乗用車(登録車),100387,JADA,2026-06-24
13967,2026,1,トヨタ,貨物車(登録車),13613,JADA,2026-06-24
13968,2026,1,トヨタ,乗用車(軽),703,JADA,2026-06-24
13969,2026,1,トヨタ,貨物車(軽),1197,JADA,2026-06-24
13970,2026,1,日野,貨物車(登録車),2502,JADA,2026-06-24
13971,2026,1,いすゞ,貨物車(登録車),5185,JADA,2026-06-24
13972,2026,1,三菱ふそう,貨物車(登録車),2412,JADA,2026-06-24
13973,2026,1,UDトラックス,貨物車(登録車),870,JADA,2026-06-24
13974,2026,1,ABARTH,乗用車(登録車),20,JADA,2026-06-24
13975,2026,1,Alfa Romeo,乗用車(登録車),128,JADA,2026-06-24
13976,2026,1,Aston Martin,乗用車(登録車),31,JADA,2026-06-24
13977,2026,1,Audi,乗用車(登録車),1068,JADA,2026-06-24
13978,2026,1,Bentley,乗用車(登録車),18,JADA,2026-06-24
13979,2026,1,BMW,乗用車(登録車),1383,JADA,2026-06-24
13980,2026,1,BMW Alpina,乗用車(登録車),56,JADA,2026-06-24
13981,2026,1,BMW MINI,乗用車(登録車),849,JADA,2026-06-24
13982,2026,1,BYD,乗用車(登録車),156,JADA,2026-06-24
13983,2026,1,Cadillac,乗用車(登録車),14,JADA,2026-06-24
13984,2026,1,Chevrolet,乗用車(登録車),31,JADA,2026-06-24
13985,2026,1,Chevrolet,貨物車(登録車),8,JADA,2026-06-24
13986,2026,1,Citroen,乗用車(登録車),132,JADA,2026-06-24
13987,2026,1,Dodge,乗用車(登録車),4,JADA,2026-06-24
13988,2026,1,DS,乗用車(登録車),12,JADA,2026-06-24
13989,2026,1,Ferrari,乗用車(登録車),110,JADA,2026-06-24
13990,2026,1,Fiat,乗用車(登録車),108,JADA,2026-06-24
13991,2026,1,Fiat,貨物車(登録車),32,JADA,2026-06-24
13992,2026,1,Ford,乗用車(登録車),13,JADA,2026-06-24
13993,2026,1,Ford,貨物車(登録車),1,JADA,2026-06-24
13994,2026,1,Hyundai,乗用車(登録車),71,JADA,2026-06-24
13995,2026,1,Jeep,乗用車(登録車),311,JADA,2026-06-24
13996,2026,1,Jeep,貨物車(登録車),2,JADA,2026-06-24
13997,2026,1,Lamborghini,乗用車(登録車),38,JADA,2026-06-24
13998,2026,1,Land Rover,乗用車(登録車),406,JADA,2026-06-24
13999,2026,1,Land Rover,貨物車(登録車),1,JADA,2026-06-24
14000,2026,1,Lotus,乗用車(登録車),8,JADA,2026-06-24
14001,2026,1,Maserati,乗用車(登録車),35,JADA,2026-06-24
14002,2026,1,ＭcＬaren,乗用車(登録車),19,JADA,2026-06-24
14003,2026,1,Mercedes-Benz,乗用車(登録車),3031,JADA,2026-06-24
14004,2026,1,Peugeot,乗用車(登録車),344,JADA,2026-06-24
14005,2026,1,Porsche,乗用車(登録車),976,JADA,2026-06-24
14006,2026,1,Renault,乗用車(登録車),193,JADA,2026-06-24
14007,2026,1,Roｌｌs Royce,乗用車(登録車),51,JADA,2026-06-24
14008,2026,1,Scania,貨物車(登録車),30,JADA,2026-06-24
14009,2026,1,Volvo,乗用車(登録車),653,JADA,2026-06-24
14010,2026,1,Volvo,貨物車(登録車),23,JADA,2026-06-24
14011,2026,1,VW,乗用車(登録車),1528,JADA,2026-06-24
