id,brand,model,price_total,price_vehicle,year,mileage,displacement,transmission,prefecture,category,link,crawl_date,year_ce,mileage_wan_km,displacement_cc,vehicle_class,brand_clean,brand_origin
1,日産,リーフ X Vセレクション 40kW/h 電気自動車 プロパイロット 衝突被害軽減ブレーキ 踏み間違い防止アシスト EV専用ナビ Bluetooth DVDビデオ再生 フルセグTVアラウンドビューモニター 12セグメント LEDヘッドライト,128.0,112.0,"2019
(R01)","1.5
万km",,AT,Osaka,国产车,/usedcar/detail/AU7074473484/index.html,2026-06-21,2019,1.5,,Luxury (3001cc+),Nissan,Domestic
2,スバル,インプレッサG4 2.0 i-S アイサイト 4WD ESコアテクノロジー/ESセイフティプラス(運転支援/視界拡張)/アクティブトルクベクタリング/クリアビューパック/18インチAW/Pシート/DOP純正ナビ/フルセグTV/DVD再生/Bluetooth/バックカメラ/純正ドラレコ,99.9,85.6,"2018
(H30)","8.2
万km",2000CC,MT,Chiba,国产车,/usedcar/detail/AU7083034068/index.html,2026-06-21,2018,8.2,2000.0,Mid-size (1501-2000cc),Subaru,Domestic
3,日産,ノート 1.2 S SDナビ 全周囲カメラ 衝突被害軽減システム デジタルインナーミラー 禁煙車 コーナーセンサー スマートキー ETC オートハイビーム オートライト オートエアコン Bluetooth CD DVD,99.9,84.6,"2022
(R04)","8.7
万km",1200CC,AT,Ibaraki,国产车,/usedcar/detail/AU6972803269/index.html,2026-06-21,2022,8.7,1200.0,Compact (<=1500cc),Nissan,Domestic
4,日産,スカイライン 3.0 GT タイプP 後期 ツインターボ 1オーナー 禁煙車 純正18インチAW 黒革 シートヒーター シートメモリ パワーシート 全方位運転支援システム LEDヘッド 革巻きステアリング スマートキー ETC,242.9,229.3,"2020
(R02)","2.7
万km",3000CC,7AT,Aichi,国产车,/usedcar/detail/AU6953959849/index.html,2026-06-21,2020,2.7,3000.0,Large (2001-3000cc),Nissan,Domestic
5,ホンダ,N-BOX 660 届出済未使用車 電動スライドドア 衝突被害軽減システム レーダークルーズ コーナーセンサー スマートキー LEDヘッド 純正16インチアルミ 車線逸脱警報 オートライト オートエアコン,152.9,143.1,"2026
(R08)","10
km",660CC,CVT,Osaka,国产车,/usedcar/detail/AU7085728606/index.html,2026-06-21,2026,0.001,660.0,K-car (<=660cc),Honda,Domestic
6,日産,デイズルークス 660 ハイウェイスター ターボ 純正ナビ 全周囲カメラ 両側電動ドア 衝突被害軽減システム 禁煙車 ドラレコ スマートキー HIDヘッド ETC 純正15インチAW オートライト オートエアコン Bluetooth CD DVD再生,49.9,39.2,"2015
(H27)","5.8
万km",660CC,CVT,Ibaraki,国产车,/usedcar/detail/AU6950024768/index.html,2026-06-21,2015,5.8,660.0,K-car (<=660cc),Nissan,Domestic
7,スズキ,ハスラー 660 ハイブリッド G 4WD SDナビ 衝突被害軽減 アダプティブクルーズ 禁煙車 シートヒーター コーナーセンサー LEDヘッド ETC オートハイビーム 車線逸脱警報 オートライト オートエアコン Bluetooth,159.9,151.4,"2025
(R07)","0.9
万km",660CC,CVT,Niigata,国产车,/usedcar/detail/AU7066581295/index.html,2026-06-21,2025,0.9,660.0,K-car (<=660cc),Suzuki,Domestic
8,ダイハツ,ミラココア 660 プラス X 純正ナビ ETC オートエアコン スマートキー アイドリングストップ LEDヘッドライト ルーフレール 電動格納ミラー 運転席&助手席エアバッグ 盗難防止システム 衝突安全ボディ,59.9,51.9,"2014
(H26)","3.7
万km",660CC,CVT,Gunma,国产车,/usedcar/detail/AU6963782272/index.html,2026-06-21,2014,3.7,660.0,K-car (<=660cc),Daihatsu,Domestic
9,日産,リーフ AUTECH メーカーナビ 前後ドラレコ ETC2.0 プロパイロット シートヒーター 全周囲カメラ 障害物センサー 衝突被害軽減ブレーキ アクセル踏み間違い防止,107.9,98.0,"2020
(R02)","8
万km",,AT,Fukuoka,国产车,/usedcar/detail/AU7084990035/index.html,2026-06-21,2020,8.0,,Luxury (3001cc+),Nissan,Domestic
10,ダイハツ,ミライース 660 L キーレス エコアイドル,59.8,51.0,"2022
(R04)","1
万km",660CC,CVT,Aichi,国产车,/usedcar/detail/AU6806808054/index.html,2026-06-21,2022,1.0,660.0,K-car (<=660cc),Daihatsu,Domestic
11,日産,キャラバン 2.0 グランド プレミアムGX ロングボディ 15インチアルミ/ベッドキット/アラウンドビューモニター/インテリジェントルームミラー/衝突軽減ブレーキ/LEDヘッドライト/純正7インチナビ/ETC/両側小窓付きスライドドア/キャンピングカー,337.0,319.8,"2024
(R06)","0.8
万km",2000CC,7AT,Aichi,国产车,/usedcar/detail/AU6956742316/index.html,2026-06-21,2024,0.8,2000.0,Mid-size (1501-2000cc),Nissan,Domestic
12,スズキ,アルトラパン 660 アンセルバージョン AM/FMラジオ付CD キーレスエントリー,39.8,30.6,"2005
(H17)","0.4
万km",660CC,4AT,Kanagawa,国产车,/usedcar/detail/AU6952153074/index.html,2026-06-21,2005,0.4,660.0,K-car (<=660cc),Suzuki,Domestic
13,ホンダ,N-BOX 660 L 純正ディスプレイオーディオ バックカメラ 衝突被害軽減システム 電動スライド 禁煙車 コーナーセンサー スマートキー LEDヘッド ビルトインETC オートハイビーム 車線逸脱警報 オートライト,89.9,79.4,"2021
(R03)","8
万km",660CC,CVT,Ibaraki,国产车,/usedcar/detail/AU7019128400/index.html,2026-06-21,2021,8.0,660.0,K-car (<=660cc),Honda,Domestic
14,日産,ティアナ 2.5 XL コネクトナビゲーションシステム(SDナビ・CD・DVD・地デジ・アラウンドビュー・LDW・BSW・クルコン)/衝突軽減/踏み間違い防止/HIDヘッドランプ/オートライト/前席パワーシート/助手席オットマン/ビルトインETC,84.9,69.9,"2015
(H27)","3
万km",2500CC,CVT,Chiba,国产车,/usedcar/detail/AU7015936607/index.html,2026-06-21,2015,3.0,2500.0,Large (2001-3000cc),Nissan,Domestic
15,日産,リーフ S メモリーナビ バックカメラ シートヒーター LEDヘッドライト,115.7,103.0,"2021
(R03)","3.9
万km",,AT,Mie,国产车,/usedcar/detail/AU7005773456/index.html,2026-06-21,2021,3.9,,Luxury (3001cc+),Nissan,Domestic
16,トヨタ,ハイエースバン 2.7 スーパーGL ダークプライムII ワイド ミドルルーフ ロングボディ 1オーナー/ナビTV/Bカメラ/ETC/デジタルインナーM/パノラミックビューM/両側パワスラ/フロントスポイラー/17inアルミ/ローダウン/LEDテール/BOXタイプベッド,448.0,429.8,"2022
(R04)","1.5
万km",2700CC,MT,Aichi,国产车,/usedcar/detail/AU6917845578/index.html,2026-06-21,2022,1.5,2700.0,Large (2001-3000cc),Toyota,Domestic
17,ホンダ,N-BOX 660 G ターボLパッケージ 2トーンカラースタイル 両側電動ドア 純正ナビ バックカメラ bluetooth フルセグ クルーズコントロール ETC オートライト オートエアコン スマートキー 電動格納ミラー バニティミラー,46.9,40.3,"2015
(H27)","11.7
万km",660CC,CVT,Aichi,国产车,/usedcar/detail/AU7024899459/index.html,2026-06-21,2015,11.7,660.0,K-car (<=660cc),Honda,Domestic
18,日産,デイズルークス 660 X Vセレクション +SafetyII 純正ナビ/DVD対応/アラウンドビューモニタ-/ETC/両側オートスライドドア/,55.8,48.0,"2015
(H27)","6.3
万km",660CC,CVT,Fukuoka,国产车,/usedcar/detail/AU7069126263/index.html,2026-06-21,2015,6.3,660.0,K-car (<=660cc),Nissan,Domestic
19,ダイハツ,ミライース 660 G リミテッド SAIII 特別仕様車 禁煙車 衝突軽減 SDナビ バックカメラ Bluetooth ドライブレコーダー LEDヘッド オートライト スマートキー 前席シートヒーター USB入力端子 電動格納ミラー CD再生,82.9,75.5,"2021
(R03)","1.8
万km",660CC,CVT,Aichi,国产车,/usedcar/detail/AU7090871484/index.html,2026-06-21,2021,1.8,660.0,K-car (<=660cc),Daihatsu,Domestic
20,スバル,インプレッサスポーツ HV 2.0i-S アイサイト 4WD 純正ナビ ETC Bカメラ 追従クルコン,119.8,112.8,"2016
(H28)","4.6
万km",2000CC,MT,Akita,国产车,/usedcar/detail/AU7068101639/index.html,2026-06-21,2016,4.6,2000.0,Mid-size (1501-2000cc),Subaru,Domestic
21,スバル,インプレッサG4 2.0 i-L アイサイト 4WD 純正ナビ ETC ドラレコ 衝突軽減,159.8,152.6,"2022
(R04)","5.9
万km",2000CC,MT,Akita,国产车,/usedcar/detail/AU7040012430/index.html,2026-06-21,2022,5.9,2000.0,Mid-size (1501-2000cc),Subaru,Domestic
22,トヨタ,クラウンアスリート ハイブリッド 2.5 S Four 4WD 障害物センサー シートヒーター 4WD ハイブリッド ナビ&TV メモリーナビ フルセグ バックカメラ ドラレコ DVD再生 ミュージックプレイヤー接続可 衝突被害軽減システム ETC 電動シート,273.2,262.9,"2016
(H28)","3.2
万km",2500CC,CVT,Gifu,国产车,/usedcar/detail/AU6978305659/index.html,2026-06-21,2016,3.2,2500.0,Large (2001-3000cc),Toyota,Domestic
23,日産,ノート 1.2 X 純正ナビ/CD/DVD再生/Bluetooth/フルセグ/全方位カメラ/デジタルインナーミラー/ドライブレコーダー/ETC/衝突軽減ブレーキ/レーンキープアシスト/ブラインドスポットモニター/電動格納ミラー/横滑り防止機能/禁煙車,136.2,129.8,"2022
(R04)","5.6
万km",1200CC,AT,Hokkaido,国产车,/usedcar/detail/AU7043497858/index.html,2026-06-21,2022,5.6,1200.0,Compact (<=1500cc),Nissan,Domestic
24,マツダ,デミオ 1.3 13S ミッド センチュリー 禁煙車 マツダコネクトナビ バックカメラ ドラレコ ETC 衝突軽減装備 シートヒーター スマートキー シートヒーター CD/DVD/フルセグ Bluetooth接続可 LEDヘッド オートライト オートエアコン 純正15インチAW,74.9,58.2,"2015
(H27)","5.5
万km",1300CC,MT,Miyagi,国产车,/usedcar/detail/AU7067639763/index.html,2026-06-21,2015,5.5,1300.0,Compact (<=1500cc),Mazda,Domestic
25,ダイハツ,ミラココア 660 L 純正ラジオオーディオ CD再生 禁煙車,49.9,39.3,"2017
(H29)","4
万km",660CC,CVT,Tochigi,国产车,/usedcar/detail/AU6884590527/index.html,2026-06-21,2017,4.0,660.0,K-car (<=660cc),Daihatsu,Domestic
26,日産,ノート 1.2 X 禁煙車 純正7型ナビ フルセグTV Bluetooth バックカメラ ETC クリアランスソナー スマートキー 前後ドラレコ 衝突被害軽減ブレーキ アイドリングストップ,79.8,72.1,"2020
(R02)","3.2
万km",1200CC,CVT,Okayama,国产车,/usedcar/detail/AU7091031400/index.html,2026-06-21,2020,3.2,1200.0,Compact (<=1500cc),Nissan,Domestic
27,トヨタ,パッソ 1.0 X Lパッケージ 純正メモリーナビ Bluetooth機能 スマートキー ベンチシート 電動格納ミラー マニュアルエアコン 車検整備二年付,39.7,30.3,"2015
(H27)","2.7
万km",1000CC,CVT,Osaka,国产车,/usedcar/detail/AU7046878100/index.html,2026-06-21,2015,2.7,1000.0,Compact (<=1500cc),Toyota,Domestic
28,日産,リーフ X Vセレクション プロパイロット・ハイビームアシスト・スマートルームミラー・アルミホイール・フロントリアシートヒーター・ハンドルウォーマー・オートライト,122.4,109.0,"2021
(R03)","5.4
万km",,AT,Osaka,国产车,/usedcar/detail/AU7015956040/index.html,2026-06-21,2021,5.4,,Luxury (3001cc+),Nissan,Domestic
29,トヨタ,ヴィッツ 1.3 F LEDエディション 純正SDナビ バックカメラ 衝突被害軽減システム 禁煙車 スマートキー LEDヘッド ETC オートライト オートエアコン Bluetooth 地デジ,67.9,55.9,"2016
(H28)","2.6
万km",1300CC,CVT,Tochigi,国产车,/usedcar/detail/AU6921088493/index.html,2026-06-21,2016,2.6,1300.0,Compact (<=1500cc),Toyota,Domestic
30,トヨタ,クラウンロイヤル ハイブリッド 2.5 ロイヤル Four 4WD 純正ナビ(BT・TV・DVD・USB) 前後ドライブレコーダー アダプティブクルーズコントロール レーンキープアシスト プリクラッシュセーフティ バックカメラ 前席シートヒーター ETC スペアキー,218.8,208.0,"2017
(H29)","3.9
万km",2500CC,MT,Gifu,国产车,/usedcar/detail/AU7057984426/index.html,2026-06-21,2017,3.9,2500.0,Large (2001-3000cc),Toyota,Domestic
31,トヨタ,クラウンロイヤル ハイブリッド 2.5 ロイヤルサルーン 最終後期型/セーフティセンスP(衝突軽減ブレーキ・車線逸脱警報・レーダークルコン・ATハイビーム)/LEDヘッドランプ/前席パワーシート/TコネクトSDナビ(ブルーレイ対応)/ビルトインETC2.0/ドラレコ/バックカメラ,187.4,174.9,"2018
(H30)","9.6
万km",2500CC,MT,Saitama,国产车,/usedcar/detail/AU6952312981/index.html,2026-06-21,2018,9.6,2500.0,Large (2001-3000cc),Toyota,Domestic
32,トヨタ,ヴァンガード 2.4 240S Sパッケージ アルカンターラ リミテッド バックカメラ 禁煙車 左右独立型フルオートエアコン ハーフレザーシート ドラレコ スマートキー HIDヘッド ETC 純正18インチアルミ オートライト CD DVD再生 フルセグ パドルシフト,137.9,125.1,"2013
(H25)","2.6
万km",2400CC,MT,Osaka,国产车,/usedcar/detail/AU7052424194/index.html,2026-06-21,2013,2.6,2400.0,Large (2001-3000cc),Toyota,Domestic
33,日産,セレナ 2.0 ハイウェイスター VセレクションII セーフティパックB フリップダウンモニター 純正9型ナビ デジタルインナーミラー エマージェンシーブレーキ プロパイロット ハンズフリー機能付両側電動ドア リアオートエアコン LEDヘッド,102.9,85.0,"2019
(R01)","11.4
万km",2000CC,CVT,Shiga,国产车,/usedcar/detail/AU7024896828/index.html,2026-06-21,2019,11.4,2000.0,Mid-size (1501-2000cc),Nissan,Domestic
34,ホンダ,N-BOX 660 G EX ターボ ホンダセンシング GoGoチラシ対象車 メモリーナビ バックアイカメラ 両側電動スライドドア ドラレコ ETC LEDヘッドランプ パワースイッチ スマートキー アダプティブクルーズコントロール オーディオスイッチ,115.1,104.8,"2019
(H31)","1.4
万km",660CC,CVT,Kanagawa,国产车,/usedcar/detail/AU7015941628/index.html,2026-06-21,2019,1.4,660.0,K-car (<=660cc),Honda,Domestic
35,スズキ,スイフト 1.2 XL 寒冷地仕様 禁煙車 スマートキー ETC オートライト オートエアコン CD/DVD再生 革巻きステアリング ステアリングスイッチ,59.9,47.6,"2016
(H28)","2.6
万km",1200CC,CVT,Gunma,国产车,/usedcar/detail/AU7001940913/index.html,2026-06-21,2016,2.6,1200.0,Compact (<=1500cc),Suzuki,Domestic
36,ダイハツ,タフト 660 G 衝突軽減B スカイルーフ 電子パーキング 前席シートヒーター LEDヘッドライト フォグライト 革巻きステアリング スマートキー プッシュスタート アイドリングストップ ステアリングスイッチ 純正アルミホイール,119.9,111.7,"2024
(R06)","1
万km",660CC,CVT,Osaka,国产车,/usedcar/detail/AU6915580136/index.html,2026-06-21,2024,1.0,660.0,K-car (<=660cc),Daihatsu,Domestic
37,日産,ティアナ 2.5 XL ナビAVMパッケージ 本革電動シート アラウンドビューモニター 日産コネクトナビゲーション エマージェンシーブレーキ 踏み間違い衝突防止アシスト シートエアコン インテリジェントキー HIDヘッドライト フォグランプ ETC,158.7,145.0,"2020
(R02)","3.2
万km",2500CC,CVT,Hyogo,国产车,/usedcar/detail/AU7069765957/index.html,2026-06-21,2020,3.2,2500.0,Large (2001-3000cc),Nissan,Domestic
38,スズキ,ハスラー 660 ハイブリッド G 禁煙車 セーフティサポート レーダークルーズ クリアランスソナー シートヒーター LEDライト オートライト,134.9,126.8,"2024
(R06)","1
万km",660CC,CVT,Chiba,国产车,/usedcar/detail/AU6989907314/index.html,2026-06-21,2024,1.0,660.0,K-car (<=660cc),Suzuki,Domestic
39,トヨタ,ヤリス 1.5 ハイブリッド X 純正ナビ バックカメラ 衝突軽減システム レーダークルーズ 禁煙車 コーナーセンサー ETC オートハイビーム 車線逸脱警報 オートライト オートエアコン Bluetooth CD キーレスエントリー,184.9,172.9,"2024
(R06)","1.7
万km",1500CC,CVT,Aichi,国产车,/usedcar/detail/AU7065227683/index.html,2026-06-21,2024,1.7,1500.0,Compact (<=1500cc),Toyota,Domestic
40,日産,ノート 1.2 X 禁煙車/純正9型ディスプレイオーディオナビ/全周囲カメラ/コーナーセンサー/ブラインドスポットモニター/インテリジェントミラー/オートマチックハイビーム/ワイヤレス充電/衝突軽減ブレーキ/車線逸脱警報,119.8,110.7,"2021
(R03)","5.1
万km",1200CC,AT,Chiba,国产车,/usedcar/detail/AU7094971504/index.html,2026-06-21,2021,5.1,1200.0,Compact (<=1500cc),Nissan,Domestic
41,ホンダ,N-BOX 660 届出済未使用車 電動スライドドア ホンダセンシング 前席シートヒーター コーナーセンサー スマートキー LEDヘッドライト オートハイビーム 車線逸脱警報 オートライト オートエアコン,165.9,156.1,"2026
(R08)","6
km",660CC,CVT,Ehime,国产车,/usedcar/detail/AU7083458469/index.html,2026-06-21,2026,0.0006,660.0,K-car (<=660cc),Honda,Domestic
42,ホンダ,N-BOX 660 L ホンダセンシング 禁煙 HONDA純正ナビ シートヒーター バックモニター コーナーセンサー 追従走行機能付きクルーズコントロール 車線逸脱警報 誤発進抑制機能 標識認識機能 オートLEDライト,109.8,106.3,"2022
(R04)","3.9
万km",660CC,CVT,Chiba,国产车,/usedcar/detail/AU6976589080/index.html,2026-06-21,2022,3.9,660.0,K-car (<=660cc),Honda,Domestic
43,日産,スカイライン 3.0 GT タイプP 純正ナビ・TV・全方位カメラ・ETC2.0・エマージェンシーブレーキ・ブラインドスポットモニター・レーンキープアシスト・アダプティブクルーズコントロール・本革シート・シートヒーター・パワーシート,340.6,319.9,"2023
(R05)","2
万km",3000CC,MT,Aichi,国产车,/usedcar/detail/AU6972205736/index.html,2026-06-21,2023,2.0,3000.0,Large (2001-3000cc),Nissan,Domestic
44,トヨタ,ルーミー 1.0 G 禁煙車 スマートアシスト ナビ フルセグ バックモニター オートライト 両側パワースライドドア 障害物センサー ETC スマートキー LEDヘッドライト ウィンカーミラー アルミホイール,131.3,120.5,"2021
(R03)","2.4
万km",1000CC,CVT,Hokkaido,国产车,/usedcar/detail/AU7005458995/index.html,2026-06-21,2021,2.4,1000.0,Compact (<=1500cc),Toyota,Domestic
45,レクサス,HS 250h 純正HDDナビ FM/AM/CD/DVD/BT/USB/AUX/フルセグ パワーシート バックカメラ AFS LEDヘッドライト フォグランプ 純正AW17インチ 電動格納ミラー 純正フロアマット,109.0,97.6,"2013
(H25)","6.9
万km",2400CC,CVT,Aichi,国产车,/usedcar/detail/AU7093779708/index.html,2026-06-21,2013,6.9,2400.0,Large (2001-3000cc),Lexus,Domestic
46,ダイハツ,タフト 660 X SDナビ バックカメラ 衝突被害軽減システム 禁煙車 コーナーセンサー スマートキー LEDヘッド ETC 純正15インチAW オートハイビーム 車線逸脱警報 オートライト オートエアコン,132.9,124.4,"2025
(R07)","0.8
万km",660CC,CVT,Ibaraki,国产车,/usedcar/detail/AU7018662204/index.html,2026-06-21,2025,0.8,660.0,K-car (<=660cc),Daihatsu,Domestic
47,スズキ,アルトラパン 660 X 純正8型ナビ 全周囲カメラ 衝突軽減 禁煙車 ドラレコ ETC コーナーセンサー シートヒーター スマートキー オートライト/エアコン HIDヘッド Bluetooth 車線逸脱警報,89.9,81.9,"2020
(R02)","5.4
万km",660CC,CVT,Hiroshima,国产车,/usedcar/detail/AU6918860716/index.html,2026-06-21,2020,5.4,660.0,K-car (<=660cc),Suzuki,Domestic
48,日産,リーフ X Vセレクション 90周年記念車 日産コネクトナビ ETC2.0 シートヒーター プロパイロット 全周囲カメラ スマートルームミラー 衝突被害軽減ブレーキ アクセル踏み間違い防止,192.9,183.0,"2023
(R05)","1.2
万km",,AT,Fukuoka,国产车,/usedcar/detail/AU7040345134/index.html,2026-06-21,2023,1.2,,Luxury (3001cc+),Nissan,Domestic
49,スズキ,スイフト 1.2 XG FF 保証3年距離無制限,101.1,92.0,"2021
(R03)","2.9
万km",1200CC,5MT,Aomori,国产车,/usedcar/detail/AU6728647567/index.html,2026-06-21,2021,2.9,1200.0,Compact (<=1500cc),Suzuki,Domestic
50,マツダ,デミオ 1.3 13S ツーリング 純正コネクトナビ Bluetooth対応 360℃モニター ヘッドアップディスプレイ スマートキー プッシュスタート クルーズコントロール 革巻きステアリング LEDヘッドライト 純正アルミホイール 障害物センサー,85.9,74.1,"2018
(H30)","2
万km",1300CC,MT,Osaka,国产车,/usedcar/detail/AU6877267132/index.html,2026-06-21,2018,2.0,1300.0,Compact (<=1500cc),Mazda,Domestic
51,スズキ,ハスラー 660 ハイブリッド G 禁煙車 LEDライト スズキセーフティーサポート アダプティブクルーズコントロール スマートキー シートヒーター シートリフター SRSエアバック パワーウインドウ パワーステアリング,119.9,114.0,"2025
(R07)","0.4
万km",660CC,CVT,Yamagata,国产车,/usedcar/detail/AU6931955937/index.html,2026-06-21,2025,0.4,660.0,K-car (<=660cc),Suzuki,Domestic
52,ホンダ,N-BOX カスタム 660 ターボ マイナーチェンジ前モデル HondaSENSING アダプティブクルーズコントロール 電子パーキング 左パワースライドドア LEDヘッドライト スマートキー アイドリングストップ 前席シートヒーター 純正アルミホイール,179.9,170.0,"2026
(R08)","4
km",660CC,MT,Nara,国产车,/usedcar/detail/AU7093221114/index.html,2026-06-21,2026,0.0004,660.0,K-car (<=660cc),Honda,Domestic
53,日産,ティアナ 2.5 XL 走行1.6万キロ/ワンオーナー/コネクトナビ/アラウンドビューモニター/衝突軽減ブレ-キ/車線逸脱警報/後側方検知警報/踏み間違防止/クルコン/HIDライト/パワーオットマン/パワーシート/純正16インチアルミホイール,109.9,94.9,"2015
(H27)","1.6
万km",2500CC,CVT,Chiba,国产车,/usedcar/detail/AU6971686219/index.html,2026-06-21,2015,1.6,2500.0,Large (2001-3000cc),Nissan,Domestic
54,ホンダ,シャトル 1.5 ハイブリッド X スタイルエディション 純正インターナビ フルセグ バックカメラ シティブレーキアクティブシステム クルーズコントロール LEDヘッドライト オートライト ETC スマートキー 革巻きステアリング パドルシフト,89.9,77.6,"2016
(H28)","3.7
万km",1500CC,7AT,Chiba,国产车,/usedcar/detail/AU6949905523/index.html,2026-06-21,2016,3.7,1500.0,Compact (<=1500cc),Honda,Domestic
55,日産,ルークス 660 ハイウェイスターX 新型 両側電動スライドドア 衝突被害軽減ブレーキ コーナーセンサー スマートキー アイドリングストップ アルミホイール オートエアコン 電動格納ドアミラー ベンチシート LEDヘッドライト,169.9,160.9,"2026
(R08)","7
km",660CC,CVT,Aichi,国产车,/usedcar/detail/AU6901787675/index.html,2026-06-21,2026,0.0007,660.0,K-car (<=660cc),Nissan,Domestic
56,ホンダ,N-BOX カスタム 660 L ターボ 車両品質評価書付/ナビ/バックカメラ/衝突軽減ブレーキ/両側パワースライドドア/ETC車載器/アダプティブクルーズコントロール/シートヒーター/テレビ/Bluetooth/プッシュスタート/スマートキー/ステアリングリモコン,119.6,109.8,"2021
(R03)","5.1
万km",660CC,MT,Wakayama,国产车,/usedcar/detail/AU7091202636/index.html,2026-06-21,2021,5.1,660.0,K-car (<=660cc),Honda,Domestic
57,トヨタ,エスティマ 2.4 アエラス プレミアム エディション サンルーフ・ナビ・バックカメラ・ETC・後席モニター,105.0,95.0,"2013
(H25)","8.6
万km",2400CC,MT,Fukuoka,国产车,/usedcar/detail/AU7093210882/index.html,2026-06-21,2013,8.6,2400.0,Large (2001-3000cc),Toyota,Domestic
58,マツダ,プレマシー 2.0 20C スカイアクティブ ナビ バックカメラ パワースライドドア Bluetooth再生 ETC リモコンキー 電動格納ミラー TV再生 フロアマット 7人乗り ドアバイザー オートエアコン 禁煙車,58.9,46.2,"2013
(H25)","2.4
万km",2000CC,6AT,Osaka,国产车,/usedcar/detail/AU6922885816/index.html,2026-06-21,2013,2.4,2000.0,Mid-size (1501-2000cc),Mazda,Domestic
59,トヨタ,アクア 1.5 S 社外ナビ/フルセグTV/CD/DVD/Bluetooth/運転席+助手席シートヒーター/バックカメラ/スマートキー/プッシュスタート/ワイパーデアイサー/純正フロアマット/社外17インチアルミホイール/電動格納式ミラー/禁煙車,40.8,34.2,"2014
(H26)","11.6
万km",1500CC,CVT,Hokkaido,国产车,/usedcar/detail/AU7086543962/index.html,2026-06-21,2014,11.6,1500.0,Compact (<=1500cc),Toyota,Domestic
60,ホンダ,N-BOX 660 G L ホンダセンシング レーダークルーズ SDナビ バックカメラ 両側電動ドア シートヒーター コーナーセンサー スマートキー LEDヘッド ETC オートハイビーム 車線逸脱警報 誤発進抑制機能 オートエアコン 先行車発進告知機能,99.9,91.9,"2020
(R02)","4.8
万km",660CC,CVT,Miyagi,国产车,/usedcar/detail/AU6826985833/index.html,2026-06-21,2020,4.8,660.0,K-car (<=660cc),Honda,Domestic
61,日産,ノート 1.2 e-POWER X 純正ナビ 全周囲カメラ 衝突被害軽減システム 禁煙車 コーナーセンサー スマートキー LEDヘッド ETC オートライト オートエアコン 純正15インチAW Bluetooth CD/DVD フルセグ,79.9,63.4,"2016
(H28)","4.1
万km",1200CC,AT,Ibaraki,国产车,/usedcar/detail/AU6946493394/index.html,2026-06-21,2016,4.1,1200.0,Compact (<=1500cc),Nissan,Domestic
62,マツダ,アテンザ 2.2 XD Lパッケージ ディーゼルターボ 禁煙車 BOSEサウンド ターボ ディーゼル(軽油) 純正SDナビ バックカメラ アドバンスドスマートシティブレーキサポート レーダークルーズ LEDヘッドライト シートヒーター,149.9,131.3,"2019
(R01)","9.6
万km",2200CC,MT,Osaka,国产车,/usedcar/detail/AU6980421741/index.html,2026-06-21,2019,9.6,2200.0,Large (2001-3000cc),Mazda,Domestic
63,トヨタ,マークX 2.5 プレミアム 禁煙車 純正ナビ Bカメラ ETC クルコン,168.8,157.1,"2014
(H26)","0.3
万km",2500CC,MT,Saitama,国产车,/usedcar/detail/AU7062481897/index.html,2026-06-21,2014,0.3,2500.0,Large (2001-3000cc),Toyota,Domestic
64,マツダ,デミオ 1.5 XD ブラック レザー リミテッド ディーゼルターボ 4WD ディーゼル ターボ マツダコネクトナビ ブラインドスポットモニタリング 衝突被害軽減システム 禁煙車 ハーフレザーシート スマートキー LEDヘッド ETC クルコン,75.9,63.6,"2016
(H28)","8.4
万km",1500CC,MT,Hokkaido,国产车,/usedcar/detail/AU7045242946/index.html,2026-06-21,2016,8.4,1500.0,Compact (<=1500cc),Mazda,Domestic
65,ホンダ,フィット 1.5 e:HEV ベーシック ホンダセンシング CD ETC スマートキー アダプティブクルーズコントロール CMBS コーナーセンサー,105.0,93.0,"2020
(R02)","3.9
万km",1500CC,AT,Fukuoka,国产车,/usedcar/detail/AU7093463023/index.html,2026-06-21,2020,3.9,1500.0,Compact (<=1500cc),Honda,Domestic
66,日産,マーチ 1.2 X Vセレクション 純正ナビ バックカメラ インテリキー プッシュスタート オートライト アイドリングストップ Bluetooth 横滑り防止装置 ヘッドライトレベライザー,54.9,39.1,"2017
(H29)","5.5
万km",1200CC,CVT,Fukuoka,国产车,/usedcar/detail/AU7041354194/index.html,2026-06-21,2017,5.5,1200.0,Compact (<=1500cc),Nissan,Domestic
67,日産,ルークス 660 ハイウェイスターGターボ プロパイロット エディション 純正9型ナビ 全周囲カメラ 衝突軽減 禁煙車 プロパイロット 両側電動ドア コーナーセンサー スマートキー LEDヘッド&フォグ オートライト ETC 電動格納ミラー 盗難防止システム,134.9,127.2,"2022
(R04)","1.1
万km",660CC,CVT,Ibaraki,国产车,/usedcar/detail/AU6982635650/index.html,2026-06-21,2022,1.1,660.0,K-car (<=660cc),Nissan,Domestic
68,ダイハツ,ミラトコット 660 G リミテッド SAIII SDナビ フルセグ 全方位カメラ ETC,75.8,71.1,"2021
(R03)","7
万km",660CC,CVT,Hokkaido,国产车,/usedcar/detail/AU7017291507/index.html,2026-06-21,2021,7.0,660.0,K-car (<=660cc),Daihatsu,Domestic
69,レクサス,IS 300h 純正10.3型ナビ 全方位モニター レクサスセーフティシステム+ BSM ドラレコ前後 純正ビルトインETC2.0 レザーシート パワーシート前席 シートヒーター前席 自動防眩ミラー パドルシフト,399.8,392.2,"2022
(R04)","0.9
万km",2500CC,MT,Kanagawa,国产车,/usedcar/detail/AU7093464980/index.html,2026-06-21,2022,0.9,2500.0,Large (2001-3000cc),Lexus,Domestic
70,レクサス,CT 200h クリエイティブ テキスタイル インテリア 禁煙車 メーカーナビ バックカメラ 純正17インチAW LEDヘッド クルコン 革巻きステアリング パドルシフト 黒革 シートヒーター パワーシート シートメモリ スマートキー オートエアコン,106.9,90.0,"2013
(H25)","7.9
万km",1800CC,CVT,Aichi,国产车,/usedcar/detail/AU6967038555/index.html,2026-06-21,2013,7.9,1800.0,Mid-size (1501-2000cc),Lexus,Domestic
71,日産,ノート 1.2 X ナビ 禁煙車 エマージェンシーブレーキ バックカメラ Bluetooth ETC LEDランプ 電動パーキング インテリキー,159.9,148.4,"2025
(R07)","2.1
万km",1200CC,AT,Okayama,国产车,/usedcar/detail/AU6747276059/index.html,2026-06-21,2025,2.1,1200.0,Compact (<=1500cc),Nissan,Domestic
72,日産,ノート 1.2 X 純正9型ナビ 全周囲カメラ 衝突被害軽減システム 禁煙車 コーナーセンサー スマートキー LEDヘッド オートハイビーム オートライト オートエアコン Bluetooth CD/DVD再生 フルセグ,144.9,133.5,"2022
(R04)","1.6
万km",1200CC,AT,Ibaraki,国产车,/usedcar/detail/AU6976568617/index.html,2026-06-21,2022,1.6,1200.0,Compact (<=1500cc),Nissan,Domestic
73,日産,ノート 1.2 X ワンオーナー/9型DA/デジタルミラー/全周囲カメラ/アップルカープレイ/アンドロイドオート/USB端子/ステアリングスイッチ/LEDヘッドライト/ブラインドスポット/ETC,169.8,161.8,"2024
(R06)","2.4
万km",1200CC,AT,Aichi,国产车,/usedcar/detail/AU6838380003/index.html,2026-06-21,2024,2.4,1200.0,Compact (<=1500cc),Nissan,Domestic
74,トヨタ,アクア 1.5 クロスオーバー グラム 純正SDナビ バックカメラ 衝突被害軽減システム 禁煙車 コーナーセンサー スマートキー LEDヘッド ビルトインETC 純正16インチアルミ オートハイビーム 車線逸脱警報 オートライト,117.9,105.5,"2018
(H30)","6.9
万km",1500CC,CVT,Aichi,国产车,/usedcar/detail/AU6900469007/index.html,2026-06-21,2018,6.9,1500.0,Compact (<=1500cc),Toyota,Domestic
75,日産,ノート 1.2 X ワンオーナー車・認定中古車,137.8,127.0,"2021
(R03)","3.3
万km",1200CC,AT,Fukuoka,国产车,/usedcar/detail/AU7076907489/index.html,2026-06-21,2021,3.3,1200.0,Compact (<=1500cc),Nissan,Domestic
76,日産,ノート 1.2 X メーカーSDナビ 全周囲カメラ 被害軽減BK,133.6,124.0,"2021
(R03)","6
万km",1200CC,AT,Tochigi,国产车,/usedcar/detail/AU7093617726/index.html,2026-06-21,2021,6.0,1200.0,Compact (<=1500cc),Nissan,Domestic
77,トヨタ,スペイド 1.5 F 電動スライドドア 純正SDナビ バックカメラ 禁煙車 ドラレコ スマートキー ETC Bluetooth CD DVD再生 フルセグ,47.9,36.1,"2015
(H27)","9.2
万km",1500CC,CVT,Aichi,国产车,/usedcar/detail/AU7088358765/index.html,2026-06-21,2015,9.2,1500.0,Compact (<=1500cc),Toyota,Domestic
78,マツダ,CX-30 2.0 20S プロアクティブ ツーリングセレクション フルエアロ 8.8インチナビ 禁煙車 全周囲カメラ スマートブレーキサポート ブラインドスポットモニター レーダークルーズ 運転席パワーシート 前席シートヒーター パワーバックドア LEDヘッドライト,169.9,157.4,"2020
(R02)","3.2
万km",2000CC,6AT,Osaka,国产车,/usedcar/detail/AU6988438403/index.html,2026-06-21,2020,3.2,2000.0,Mid-size (1501-2000cc),Mazda,Domestic
79,スバル,WRX STI 2.0 4WD 最終F型 BBS製18インチアルミ STIスタイルパッケージ LEDライナー 大型ウイング アドバンスドセーフティパッケージ 純正8型ビルトインナビ フロント・サイド・バックカメラ シートヒーター,526.9,514.5,"2020
(R02)","0.7
万km",2000CC,6MT,Aichi,国产车,/usedcar/detail/AU7091865456/index.html,2026-06-21,2020,0.7,2000.0,Mid-size (1501-2000cc),Subaru,Domestic
80,トヨタ,プリウス 1.8 A プレミアム モデリスタフルエアロ 純正9型ナビ バックカメラ セーフティセンス レーダークルーズ クリアランスソナー BSM パーキングアシスト AC100V 黒革シート パワーシート シートヒーター,179.9,166.6,"2017
(H29)","1.2
万km",1800CC,CVT,Chiba,国产车,/usedcar/detail/AU7096069841/index.html,2026-06-21,2017,1.2,1800.0,Mid-size (1501-2000cc),Toyota,Domestic
81,レクサス,HS 250h ハーモニアス スタイル エディション 純正ナビ シートヒーター 禁煙 バックカメラ フルセグTV DVD ドラレコ ETC プリクラッシュセーフティ 衝突軽減 追従クルコン LEDオートライト コーナーセンサー 純正マット,177.9,170.5,"2018
(H30)","6.8
万km",2400CC,CVT,Aichi,国产车,/usedcar/detail/AU7000203289/index.html,2026-06-21,2018,6.8,2400.0,Large (2001-3000cc),Lexus,Domestic
82,ホンダ,N-BOX 660 ホンダセンシング ナビ・TV・Bluetooth バックカメラ スマートキー パワースライドドア ETC アダプティブクルーズコントロール,117.8,109.8,"2024
(R06)","3.5
万km",660CC,CVT,Saga,国产车,/usedcar/detail/AU7032027225/index.html,2026-06-21,2024,3.5,660.0,K-car (<=660cc),Honda,Domestic
83,日産,ノート 1.2 X 全方位運転支援システム/禁煙車/エマージェンシーブレーキ/車線逸脱警報/クリアランスソナー/純正ナビ&フルセグTV&BT&バックカメラ/LEDヘッドライト/オートライト/オートハイビーム/純正アルミホイール,161.8,148.2,"2023
(R05)","2.6
万km",1200CC,AT,Miyagi,国产车,/usedcar/detail/AU6978460563/index.html,2026-06-21,2023,2.6,1200.0,Compact (<=1500cc),Nissan,Domestic
84,ダイハツ,ミライース 660 X リミテッド SAIII 4WD カロッツェリアナビ バックカメラ Bluetooth スマートアシスト3 車線逸脱警報 オートハイビーム LEDヘッド コーナーセンサー ETC オートエアコン,79.9,71.7,"2019
(H31)","3.9
万km",660CC,CVT,Hokkaido,国产车,/usedcar/detail/AU7078652473/index.html,2026-06-21,2019,3.9,660.0,K-car (<=660cc),Daihatsu,Domestic
85,日産,エクストレイル 2.0 20X ハイブリッド エマージェンシーブレーキパッケージ 純正8型ナビ フルセグTV Bカメ 衝突軽減 コーナーセンサー 先行車発進告知 シートヒーター 純正マット 純正アルミホイール Aスト レーダー探知機 パワーバックドア LEDヘッド オートライト,69.8,62.8,"2016
(H28)","9.4
万km",2000CC,CVT,Hokkaido,国产车,/usedcar/detail/AU7087340312/index.html,2026-06-21,2016,9.4,2000.0,Mid-size (1501-2000cc),Nissan,Domestic
86,ダイハツ,ミライース 660 L ナビ フルセグ BT BT ドラレコ,39.8,35.1,"2019
(R01)","8.1
万km",660CC,CVT,Saitama,国产车,/usedcar/detail/AU7065905656/index.html,2026-06-21,2019,8.1,660.0,K-car (<=660cc),Daihatsu,Domestic
87,ホンダ,フリードハイブリッド 1.5 ジャストセレクション+ 特別仕様車 禁煙車 7人乗り 純正ナビ 両側電動スライドドア バックカメラ ETC HIDヘッドライト クルーズコントロール オートエアコン スマートキー Bluetooth接続,54.9,42.7,"2014
(H26)","10.1
万km",1500CC,CVT,Aichi,国产车,/usedcar/detail/AU7093777385/index.html,2026-06-21,2014,10.1,1500.0,Compact (<=1500cc),Honda,Domestic
88,スズキ,ハスラー 660 G 衝突軽減 禁煙車 シートヒーター スマートキー 車線逸脱警報 オートエアコン ステアリングスイッチ オーディオ CD再生 アイドリングストップ 電動格納ミラー アームレスト,79.9,71.5,"2019
(H31)","7
万km",660CC,CVT,Gifu,国产车,/usedcar/detail/AU7038384566/index.html,2026-06-21,2019,7.0,660.0,K-car (<=660cc),Suzuki,Domestic
89,スズキ,ジムニー 660 XL 4WD 4WD 衝突被害軽減システム 禁煙車 ドラレコ コーナーセンサー スマートキー ビルトインETC 純正16インチアルミ 車線逸脱警報 オートライト オートエアコン Bluetooth,197.9,190.2,"2024
(R06)","1.1
万km",660CC,5MT,Aichi,国产车,/usedcar/detail/AU7022230581/index.html,2026-06-21,2024,1.1,660.0,K-car (<=660cc),Suzuki,Domestic
90,スズキ,スイフト 1.2 RS 5MT 純正ナビ クルーズコントロール プッシュスタート,58.6,49.6,"2015
(H27)","5.7
万km",1200CC,5MT,Toyama,国产车,/usedcar/detail/AU7069997026/index.html,2026-06-21,2015,5.7,1200.0,Compact (<=1500cc),Suzuki,Domestic
91,日産,ノート 1.2 e-POWER X Vセレクション 純正ナビ Bluetooth CD DVD フルセグ アラウンドビューモニター インテリジェントルームミラー ドライブレコーダー ETC エマージェンシーブレーキ 車線逸脱警報 クリアランスソナー,99.8,91.6,"2020
(R02)","5
万km",1200CC,AT,Chiba,国产车,/usedcar/detail/AU7063489867/index.html,2026-06-21,2020,5.0,1200.0,Compact (<=1500cc),Nissan,Domestic
92,ホンダ,N-WGN 660 G プッシュスタート/スマートキー/ヘッドライトレベライザー/電動ミラー/横滑り防止システム/フロアマット/ECONシステム/サイドバイザー,19.7,14.8,"2014
(H26)","9.7
万km",660CC,CVT,Kagawa,国产车,/usedcar/detail/AU6301967096/index.html,2026-06-21,2014,9.7,660.0,K-car (<=660cc),Honda,Domestic
93,トヨタ,カローラツーリング 1.8 ハイブリッド WxB ナビ バックモニター ETC,221.2,209.8,"2022
(R04)","6
万km",1800CC,CVT,則岐阜県,国产车,/usedcar/detail/AU7074836163/index.html,2026-06-21,2022,6.0,1800.0,Mid-size (1501-2000cc),Toyota,Domestic
94,ダイハツ,タフト 660 X ecoIDLE非装着車 4WD 4WD SDナビ バックカメラ,135.9,127.8,"2023
(R05)","1.1
万km",660CC,CVT,Yamagata,国产车,/usedcar/detail/AU7049856509/index.html,2026-06-21,2023,1.1,660.0,K-car (<=660cc),Daihatsu,Domestic
95,スズキ,スペーシア 660 ハイブリッド X 両側電動ドア SDナビ バックカメラ 衝突軽減システム 禁煙車 2トーンカラー コーナーセンサー スマートキー LEDヘッド ビルトインETC 純正14インチアルミ オートライト オートエアコン,152.9,145.2,"2024
(R06)","1.9
万km",660CC,CVT,Chiba,国产车,/usedcar/detail/AU7087013510/index.html,2026-06-21,2024,1.9,660.0,K-car (<=660cc),Suzuki,Domestic
96,日産,リーフ X Vセレクション 日産コネクトナビ・プロパイロット・アラウンドビュー・スマートルームミラー・ドライブレコーダー・ETC,188.8,179.0,"2024
(R06)","0.8
万km",,AT,Fukuoka,国产车,/usedcar/detail/AU6899752855/index.html,2026-06-21,2024,0.8,,Luxury (3001cc+),Nissan,Domestic
97,スズキ,ハスラー 660 X 禁煙車 SDナビ バックカメラ 衝突被害軽減システム スマートキー シートヒーター HIDヘッドライト ビルトインETC 純正15インチアルミ 車線逸脱警報 オートライト オートエアコン CD DVD再生 地デジ,54.9,46.8,"2016
(H28)","9.1
万km",660CC,CVT,Saga,国产车,/usedcar/detail/AU6875570127/index.html,2026-06-21,2016,9.1,660.0,K-car (<=660cc),Suzuki,Domestic
98,スバル,フォレスター 2.0XT アイサイト 4WD 社外ナビ バックカメラ 純正前方ドライブレコーダー ETC アイサイト レーンキープアシスト 誤発進抑制機能 レーダークルーズコントロール パワーバッグドア オートライト スペアキー 保証書,124.8,117.6,"2014
(H26)","2.3
万km",2000CC,MT,Hokkaido,国产车,/usedcar/detail/AU7010492660/index.html,2026-06-21,2014,2.3,2000.0,Mid-size (1501-2000cc),Subaru,Domestic
99,トヨタ,プリウスα 1.8 S Lセレクション 純正ナビ Bluetooth対応 Bカメラ スマートキー プッシュスタート ETC ステアリングスイッチ 電動格納ミラー オートエアコン,69.9,57.4,"2014
(H26)","10.6
万km",1800CC,CVT,Hyogo,国产车,/usedcar/detail/AU7028600249/index.html,2026-06-21,2014,10.6,1800.0,Mid-size (1501-2000cc),Toyota,Domestic
100,ホンダ,フィット 1.5 ハイブリッド Fパッケージ 純正SDナビ バックカメラ 禁煙車 スマートキー LEDヘッド ETC オートエアコン CD 横滑り防止装置 オートライト,69.9,58.0,"2013
(H25)","3.6
万km",1500CC,7AT,Nagasaki,国产车,/usedcar/detail/AU6921089126/index.html,2026-06-21,2013,3.6,1500.0,Compact (<=1500cc),Honda,Domestic
101,日産,シルフィ 1.8 G メモリーナビ バックカメラ ETC2.0,115.8,104.1,"2019
(H31)","3.1
万km",1800CC,CVT,Tochigi,国产车,/usedcar/detail/AU7093617744/index.html,2026-06-21,2019,3.1,1800.0,Mid-size (1501-2000cc),Nissan,Domestic
102,日産,スカイライン 3.0 GT ナビ フルセグ Bluetooth 全方位カメラ プロパイロット ブラインドスポットモニター ハーフレザーシート パワーシート USB ビルトインETC 純正ドライブレコーダー レーンキープ,364.8,356.5,"2025
(R07)","0.4
万km",3000CC,MT,Gifu,国产车,/usedcar/detail/AU7047947886/index.html,2026-06-21,2025,0.4,3000.0,Large (2001-3000cc),Nissan,Domestic
103,トヨタ,ハイエースバン 2.7 スーパーGL ダークプライムII ワイド ミドルルーフ ロングボディ ナビ&TV/バックモニター/デジタルインナーミラー/ETC/ベッドキット/社外アルミ/スマートキー&プッシュスタート/サイドバイザー/LEDヘッドライト/ハーフレザーシート/スライドドア小窓なし,306.0,289.8,"2019
(R01)","4.5
万km",2700CC,6AT,Aichi,国产车,/usedcar/detail/AU6997965330/index.html,2026-06-21,2019,4.5,2700.0,Large (2001-3000cc),Toyota,Domestic
104,日産,セレナ 2.0 ハイウェイスター Vセレクション+Safety S-HYBRID 後席フリップダウンモニター 8インチメモリーナビ フルセグTV DVD再生 Bluetooth接続 バックカメラ クルーズコントロール 両側電動スライド 純正16インチアルミホイール フォグランプ リアロールサンシェード ETC,66.8,49.8,"2015
(H27)","7.7
万km",2000CC,CVT,Shiga,国产车,/usedcar/detail/AU7028927992/index.html,2026-06-21,2015,7.7,2000.0,Mid-size (1501-2000cc),Nissan,Domestic
105,ホンダ,N-BOX 660 G HondaSENSING 社外ナビ Bカメラ ETC アダプティブクルーズコントロール LEDヘッドライト 両側スライドドア スマートキー プッシュスタート ステアリングスイッチ 電動格納ミラー オートエアコン,96.9,87.8,"2022
(R04)","3.4
万km",660CC,CVT,Kumamoto,国产车,/usedcar/detail/AU6995704478/index.html,2026-06-21,2022,3.4,660.0,K-car (<=660cc),Honda,Domestic
106,トヨタ,カローラスポーツ 2.0 G ナビ付ディスプレイオーディオ バックカメラ レーダークルーズ 禁煙 コーナーセンサー スマートキー LEDヘッド ETC2.0 純正16インチアルミ オートハイビーム 車線逸脱警報 オートライト,214.9,202.6,"2024
(R06)","0.9
万km",2000CC,CVT,Tochigi,国产车,/usedcar/detail/AU7083036064/index.html,2026-06-21,2024,0.9,2000.0,Mid-size (1501-2000cc),Toyota,Domestic
107,トヨタ,スペイド 1.5 F 禁煙車 純正SDナビ バックカメラ ETC Bluetooth再生 スマートキー ステアリングスイッチ オートエアコン アイドリングストップ 横滑り防止装置 バニティミラー 衝突安全ボディ,43.7,32.0,"2015
(H27)","8.1
万km",1500CC,CVT,Aichi,国产车,/usedcar/detail/AU7022230792/index.html,2026-06-21,2015,8.1,1500.0,Compact (<=1500cc),Toyota,Domestic
108,スズキ,スペーシア 660 ハイブリッド X 禁煙車 電動スライドドア バ,57.9,50.3,"2017
(H29)","8.3
万km",660CC,CVT,Fukuoka,国产车,/usedcar/detail/AU7098954568/index.html,2026-06-21,2017,8.3,660.0,K-car (<=660cc),Suzuki,Domestic
109,日産,デイズ 660 J 後期型 純正SDナビ CD/フルセグ再生,54.9,44.4,"2017
(H29)","4
万km",660CC,CVT,Niigata,国产车,/usedcar/detail/AU7093778369/index.html,2026-06-21,2017,4.0,660.0,K-car (<=660cc),Nissan,Domestic
110,スズキ,スペーシア 660 G SDナビ ドラレコ ETC 禁煙車 シートヒーター LEDヘッド オートエアコン スマートキー アイドリングストップ 電動格納ミラー Bluetooth CD/DVD 横滑り防止 盗難防止,62.9,52.1,"2017
(H29)","4.8
万km",660CC,CVT,Fukuoka,国产车,/usedcar/detail/AU7066580642/index.html,2026-06-21,2017,4.8,660.0,K-car (<=660cc),Suzuki,Domestic
111,トヨタ,プリウス 1.8 S 純正SDナビ バックカメラ 禁煙車,94.5,82.2,"2015
(H27)","3.6
万km",1800CC,CVT,Kanagawa,国产车,/usedcar/detail/AU7061131784/index.html,2026-06-21,2015,3.6,1800.0,Mid-size (1501-2000cc),Toyota,Domestic
112,日産,ノート 1.2 AUTECH クロスオーバー FOUR プラス アクティブ 4WD 純正9型ナビ 全周囲カメラ シートヒーター ステアリングヒーター デジタルインナーミラー BSM Bluetooth ドラレコ ETC オートハイビーム LEDヘッド&フォグ 禁煙車,209.9,198.4,"2024
(R06)","1
万km",1200CC,AT,Gunma,国产车,/usedcar/detail/AU6921972412/index.html,2026-06-21,2024,1.0,1200.0,Compact (<=1500cc),Nissan,Domestic
113,マツダ,MX-30 2.0 禁煙車/内外装仕上済/カーセンサー認定書有/ハーフレザーシート/純正ナビ/フルTV/Bカメラ/ETC/クルコン/シートメモリー/パワーシート/シートヒーター/ステアリングヒーター/衝突軽減システム/BSM/車線逸脱防止機能,167.8,160.8,"2020
(R02)","3.4
万km",2000CC,6AT,Mie,国产车,/usedcar/detail/AU6995855543/index.html,2026-06-21,2020,3.4,2000.0,Mid-size (1501-2000cc),Mazda,Domestic
114,マツダ,デミオ 1.5 XD ツーリング ディーゼルターボ 純正7型ナビ 地デジTV バックカメラ シートヒーター 衝突軽減ブレーキ LED オートライト クルーズコントロール ETC ヘッドアップディスプレイ 純正AW 横滑り防止装置 衝突軽減ブレーキ,78.8,72.5,"2016
(H28)","6.6
万km",1500CC,MT,Okayama,国产车,/usedcar/detail/AU7071391290/index.html,2026-06-21,2016,6.6,1500.0,Compact (<=1500cc),Mazda,Domestic
115,ホンダ,N-BOX 660 G 社外ナビ ETC 両側スライドドア LEDヘッドライト スマートキー プッシュスタート 電動格納ミラー オートエアコン,49.9,42.3,"2017
(H29)","9.4
万km",660CC,CVT,Hyogo,国产车,/usedcar/detail/AU7094961549/index.html,2026-06-21,2017,9.4,660.0,K-car (<=660cc),Honda,Domestic
116,日産,エクストレイル 2.0 20X 3列車 禁煙車/純正SDナビ/バックカメラ/シートヒーター/ドラレコ/スマートキー/LEDヘッド/ルーフレール/ビルトインETC/純正17インチアルミ/オートライト/デュアルエアコン,65.9,53.1,"2014
(H26)","7.3
万km",2000CC,CVT,Osaka,国产车,/usedcar/detail/AU6924485378/index.html,2026-06-21,2014,7.3,2000.0,Mid-size (1501-2000cc),Nissan,Domestic
117,ダイハツ,タントエグゼ 660 カスタムRS ターボ 禁煙車 ナビフルセグ HIDヘッド 純正15インチAW スマートキー Bluetooth ETC オートエアコン 革巻ステアリング 6スピーカー DVD再生,39.9,29.2,"2013
(H25)","5.6
万km",660CC,CVT,Kumamoto,国产车,/usedcar/detail/AU6955607925/index.html,2026-06-21,2013,5.6,660.0,K-car (<=660cc),Daihatsu,Domestic
118,トヨタ,シエンタ ハイブリッド 1.5 X 車両品質評価書付/純正ナビ/バックカメラ/パワースライドドア/ETC車載器/シートヒーター/フルセグテレビ/Bluetooth/プッシュスタート/スマートキー/スペアスマートキー/ステアリングリモコン/オートエアコン,120.5,104.8,"2018
(H30)","5.3
万km",1500CC,CVT,Wakayama,国产车,/usedcar/detail/AU7019677155/index.html,2026-06-21,2018,5.3,1500.0,Compact (<=1500cc),Toyota,Domestic
119,ホンダ,N-BOX 660 G L ターボ ホンダセンシング 車両品質評価書付・衝突軽減ブレーキ・両側パワースライドドア・クルーズコントロール・ビルトインETC・ステアリングリモコン・プッシュスタート・オートエアコン・LEDヘッドライト・オートライト,65.5,54.8,"2019
(H31)","9.7
万km",660CC,MT,Wakayama,国产车,/usedcar/detail/AU7052614103/index.html,2026-06-21,2019,9.7,660.0,K-car (<=660cc),Honda,Domestic
120,スズキ,ソリオ 1.2 バンディット ハイブリッド MV 登録済未使用車 純正9型ナビ 全周囲カメラ 両側電動ドア レーダークルーズ セーフティサポート ブラインドスポットモニター LEDヘッド コーナーセンサー シートヒーター,264.9,251.7,"2026
(R08)","10
km",1200CC,CVT,Kochi,国产车,/usedcar/detail/AU7077361387/index.html,2026-06-21,2026,0.001,1200.0,Compact (<=1500cc),Suzuki,Domestic
121,ダイハツ,ミライース 660 X SAIII 4WD 4WD /社外ナビ /ドライブレコーダー,78.8,74.1,"2020
(R02)","3.6
万km",660CC,CVT,Hokkaido,国产车,/usedcar/detail/AU7089561277/index.html,2026-06-21,2020,3.6,660.0,K-car (<=660cc),Daihatsu,Domestic
122,日産,リーフ X メーカーナビ ETC アラウンドビューモニター オートクルーズ スマートルームミラー ハンドルヒーター 前席シートヒーター エマブレ 踏み間違防止 車線逸脱警報,92.7,79.6,"2019
(H31)","7.4
万km",,AT,Tochigi,国产车,/usedcar/detail/AU6902772937/index.html,2026-06-21,2019,7.4,,Luxury (3001cc+),Nissan,Domestic
123,トヨタ,プリウスα 1.8 G 禁煙/Bluetooth/電動シート/ハーフレザー/Bカメ/レーダークルコン/車線逸脱/衝突軽減/オートHビーム/LED/フォグ/純正16AW,159.9,145.2,"2018
(H30)","6
万km",1800CC,CVT,Fukuoka,国产车,/usedcar/detail/AU6928909639/index.html,2026-06-21,2018,6.0,1800.0,Mid-size (1501-2000cc),Toyota,Domestic
124,スバル,フォレスター 2.0 S リミテッド 4WD 後期E型 アドバンストセイフティパッケージ リアビークル STIフロント&リアエアロ 純正SDナビ バックカメラ ETC 禁煙車 プッシュスタート LEDヘッドライト 純正18インチアルミホイール,114.9,102.3,"2017
(H29)","9.6
万km",2000CC,MT,Osaka,国产车,/usedcar/detail/AU7006099646/index.html,2026-06-21,2017,9.6,2000.0,Mid-size (1501-2000cc),Subaru,Domestic
125,ホンダ,N-BOX カスタム 660 届出済未使用車 電動ドア 衝突軽減 レ,159.9,150.2,"2026
(R08)","30
km",660CC,CVT,Aichi,国产车,/usedcar/detail/AU7055011476/index.html,2026-06-21,2026,0.003,660.0,K-car (<=660cc),Honda,Domestic
126,ホンダ,N-BOXスラッシュ 660 X ターボパッケージ 純正7型ナビ Bカメ ワイヤレス充電 ETC ドラレコ シートヒーター ステアリングヒーター パドルシフト クルコン 純正AW 電子パーキングシステム 純正フロアマット オートライト ウインカーミラー,53.3,48.4,"2015
(H27)","8.2
万km",660CC,MT,Hokkaido,国产车,/usedcar/detail/AU7022085231/index.html,2026-06-21,2015,8.2,660.0,K-car (<=660cc),Honda,Domestic
127,ホンダ,フリード 1.5 G ホンダセンシング 純正7型SDナビ(フルセグTV/CD/DVD/BT) ホンダセンシング レーダークルコン 両側パワスラ ドラレコ ETC バックモニタ LEDライト 純正フロアマット スマートキー プッシュスタート,149.8,141.1,"2019
(R01)","6
万km",1500CC,CVT,Fukuoka,国产车,/usedcar/detail/AU7095311788/index.html,2026-06-21,2019,6.0,1500.0,Compact (<=1500cc),Honda,Domestic
128,ホンダ,N-BOX 660 禁煙車 電動スライドドア コーナーセンサー レーダークルーズコントロール シートヒーター スマートキー LEDヘッドライト オートハイビーム 車線逸脱警報 オートライト オートエアコン,130.9,122.2,"2024
(R06)","0.7
万km",660CC,CVT,Aichi,国产车,/usedcar/detail/AU7079302866/index.html,2026-06-21,2024,0.7,660.0,K-car (<=660cc),Honda,Domestic
129,トヨタ,ヴェルファイア 2.5 Z Gエディション 両側電動ドア サンルーフ SDナビ バックカメラ 禁煙車 電動リアゲート 前後席パワーシート コーナーセンサー スマートキー LEDヘッド ビルトインETC クルコン 純正18インチアルミ,259.9,246.0,"2016
(H28)","5.5
万km",2500CC,CVT,Osaka,国产车,/usedcar/detail/AU7071387854/index.html,2026-06-21,2016,5.5,2500.0,Large (2001-3000cc),Toyota,Domestic
130,トヨタ,ヤリス 1.5 X 4WD 衝突被害軽減ブレーキ・メモリーナビ付,108.2,98.0,"2022
(R04)","8.1
万km",1500CC,CVT,Hokkaido,国产车,/usedcar/detail/AU7084391783/index.html,2026-06-21,2022,8.1,1500.0,Compact (<=1500cc),Toyota,Domestic
131,日産,エクストレイル 2.0 20S 4WD 4WD SDナビ バックカメラ,89.9,77.6,"2013
(H25)","3.5
万km",2000CC,CVT,Kyoto,国产车,/usedcar/detail/AU7064316856/index.html,2026-06-21,2013,3.5,2000.0,Mid-size (1501-2000cc),Nissan,Domestic
132,トヨタ,ライズ 1.0 X 4WD 4WD 登録済未使用車 寒冷地仕様 スマート,239.9,227.2,"2026
(R08)","10
km",1000CC,MT,Hokkaido,国产车,/usedcar/detail/AU7092014445/index.html,2026-06-21,2026,0.001,1000.0,Compact (<=1500cc),Toyota,Domestic
133,トヨタ,クラウンロイヤル ハイブリッド 2.5 ロイヤルサルーン 禁煙車 純正ナビ バックカメラ モデリスタエアロ アドバンストパッケージ レザーシートパッケージ 純正16インチAW HIDヘッド パワーシート シートベンチレーション 革巻きステアリング ETC,204.9,191.6,"2014
(H26)","1.4
万km",2500CC,MT,Osaka,国产车,/usedcar/detail/AU7006099918/index.html,2026-06-21,2014,1.4,2500.0,Large (2001-3000cc),Toyota,Domestic
134,トヨタ,アクア 1.5 S フルセグ・ETC・ドラレコ・ワンオーナー,61.8,49.5,"2015
(H27)","6.4
万km",1500CC,CVT,Osaka,国产车,/usedcar/detail/AU7101973936/index.html,2026-06-21,2015,6.4,1500.0,Compact (<=1500cc),Toyota,Domestic
135,スズキ,ジムニー 660 XC 4WD 禁煙 MT車 8インチナビ 衝突軽減 バックカメラ ドラレコ ETC フルセグ LEDヘッド クルーズコントロール オートエアコン スマートキー,179.9,169.5,"2023
(R05)","3
万km",660CC,5MT,Oita,国产车,/usedcar/detail/AU6854932029/index.html,2026-06-21,2023,3.0,660.0,K-car (<=660cc),Suzuki,Domestic
136,ダイハツ,ウェイク 660 Gターボ リミテッド SAIII 禁煙車 純正ナビ 全周囲カメラ 両側電動スライド 衝突軽減装置 ETC ドライブレコーダー Bluetooth再生 スマートキー LEDヘッド/フォグ サンシェード オートエアコン オートライト,109.9,101.3,"2019
(R01)","2.5
万km",660CC,CVT,Oita,国产车,/usedcar/detail/AU7062640149/index.html,2026-06-21,2019,2.5,660.0,K-car (<=660cc),Daihatsu,Domestic
137,トヨタ,アクア 1.5 X E-Four 4WD 寒冷地仕様・純正ナビ・トヨタセーフティセンス・運転席&助手席シートヒーター・ワイパーデアイサー・レーダークルーズコントロール・エマージェンシーブレーキ・車線逸脱警報・社外ドライブレコーダー,204.9,196.1,"2024
(R06)","2.5
万km",1500CC,CVT,Hokkaido,国产车,/usedcar/detail/AU7061055422/index.html,2026-06-21,2024,2.5,1500.0,Compact (<=1500cc),Toyota,Domestic
138,スズキ,ハスラー 660 JスタイルII 4WD 純正ナビ/バックカメラ/衝突軽減ブレーキ/レーダークルーズコントロール/レーンキープアシスト/横滑り防止装置/アイドリングストップ/前席シートヒーター/ドライブレコーダー/社外エンジンスターター/冬タイヤ,149.8,146.9,"2023
(R05)","3.7
万km",660CC,CVT,Hokkaido,国产车,/usedcar/detail/AU7007845919/index.html,2026-06-21,2023,3.7,660.0,K-car (<=660cc),Suzuki,Domestic
139,日産,ノート 1.2 X LEDヘッドライト アラウンドモニター,152.0,145.0,"2023
(R05)","2.4
万km",1200CC,AT,Gifu,国产车,/usedcar/detail/AU7084564935/index.html,2026-06-21,2023,2.4,1200.0,Compact (<=1500cc),Nissan,Domestic
140,日産,ルークス 660 ハイウェイスターX 禁煙車/衝突軽減/全周囲カメラ/両電動Pスラ/,95.4,88.0,"2021
(R03)","5.7
万km",660CC,CVT,Chiba,国产车,/usedcar/detail/AU7089068037/index.html,2026-06-21,2021,5.7,660.0,K-car (<=660cc),Nissan,Domestic
141,スバル,BRZ 2.4 STIスポーツ ディスプレイオーディオ/シートヒーター/車線逸脱防止支援システム/シート ハーフレザー/ヘッドランプ LED/Bluetooth接続/ETC/EBD付ABS/横滑り防止装置,394.0,380.4,"2026
(R08)","0.4
万km",2400CC,6MT,Okayama,国产车,/usedcar/detail/AU6962765197/index.html,2026-06-21,2026,0.4,2400.0,Large (2001-3000cc),Subaru,Domestic
142,トヨタ,アクア 1.5 S スタイルブラック 後期 TRDエアロ 純正ナビ バックカメラ トヨタセーフティセンス 純正オプション15インチAW 禁煙車 LEDヘッド スマートキー ETC クリアランスソナー オートハイビーム 車線逸脱警報,92.9,77.2,"2019
(R01)","11.7
万km",1500CC,CVT,Gunma,国产车,/usedcar/detail/AU7089561785/index.html,2026-06-21,2019,11.7,1500.0,Compact (<=1500cc),Toyota,Domestic
143,日産,リーフ X Vセレクション 90周年記念車 社用車アップ,193.8,184.0,"2023
(R05)","1.7
万km",,AT,Fukuoka,国产车,/usedcar/detail/AU7056512957/index.html,2026-06-21,2023,1.7,,Luxury (3001cc+),Nissan,Domestic
144,日産,ティアナ 2.5 XL SDナビ 全周囲カメラ 禁煙車 スマートキー HIDヘッド ビルトインETC クルコン 純正16インチアルミ オートライト オートエアコン CD フルセグ,79.9,66.9,"2014
(H26)","3.8
万km",2500CC,CVT,Tochigi,国产车,/usedcar/detail/AU7094788675/index.html,2026-06-21,2014,3.8,2500.0,Large (2001-3000cc),Nissan,Domestic
145,スバル,インプレッサスポーツ 2.0 i-S アイサイト 純正8型ナビ 禁煙車 アイサイト レーダークルーズ バックカメラ Bluetooth ドラレコ ETC LEDヘッドランプ 純正18インチアルミ 電動パーキング パドルシフト オートエアコン,139.9,127.6,"2019
(R01)","3.4
万km",2000CC,MT,Okayama,国产车,/usedcar/detail/AU7041927241/index.html,2026-06-21,2019,3.4,2000.0,Mid-size (1501-2000cc),Subaru,Domestic
146,トヨタ,クラウンアスリート 2.5 S 認定中古車 フルエアロ バックカメラ ETC フルセグTV HDDナビ 本革シート サンルーフ 純正アルミ,138.2,121.0,"2013
(H25)","11
万km",2500CC,6AT,Yamaguchi,国产车,/usedcar/detail/AU7086366643/index.html,2026-06-21,2013,11.0,2500.0,Large (2001-3000cc),Toyota,Domestic
147,日産,ルークス 660 ハイウェイスターGターボ 衝突軽減B 純正9インチナビ Bluetooth対応 アラウンドビューモニター ETC 両側自動ドア 革巻きステアリング LEDヘッドライト フォグライト スマートキー プッシュスタート アイドリングストップ 純正アルミホイール,119.9,111.0,"2021
(R03)","1.9
万km",660CC,CVT,Hyogo,国产车,/usedcar/detail/AU7069596219/index.html,2026-06-21,2021,1.9,660.0,K-car (<=660cc),Nissan,Domestic
148,トヨタ,ハイエースバン 2.0 スーパーGL ダークプライム ロングボディ ワンオーナー/カロッツェリア7インチナビ/バックカメラ/ビルトインETC/ドライブレコーダー/助手席エアバック/バックカメラ内蔵自動防眩ミラー,243.5,225.8,"2016
(H28)","8.4
万km",2000CC,MT,Gunma,国产车,/usedcar/detail/AU6650363145/index.html,2026-06-21,2016,8.4,2000.0,Mid-size (1501-2000cc),Toyota,Domestic
149,スバル,インプレッサG4 2.0 i-L アイサイト 走行8900キロ/8型専用ナビ/アイサイトVer3/アドバンスドセイフティPKG(後側方検知警報/ハイビームアシスト)/ステアリング連動LEDライト/クリアビューパック/コーナーカメラ/バックカメラ/ETC2.0/スマートキー,124.9,109.9,"2017
(H29)","0.9
万km",2000CC,MT,Chiba,国产车,/usedcar/detail/AU6962770475/index.html,2026-06-21,2017,0.9,2000.0,Mid-size (1501-2000cc),Subaru,Domestic
150,スバル,フォレスター 2.0 ツーリング 4WD 禁煙車 純正8型パナソニックSDナビ バックカメラ ETC シートヒーター ハンドルヒーター シートポジションメモリ XMODE スマートキー LEDヘッドライト 純正17インチルミホイール,229.9,212.1,"2021
(R03)","4.1
万km",2000CC,MT,Aichi,国产车,/usedcar/detail/AU7087012726/index.html,2026-06-21,2021,4.1,2000.0,Mid-size (1501-2000cc),Subaru,Domestic
151,スバル,インプレッサG4 2.0 i-S アイサイト 4WD 純正DIATONE SOUNDナビ・TV ・Bluetooth・バックカメラ・レーダークルーズコントロール・後方コーナーセンサー・アイドリングストップ・両側パワーシート・純正アルミホイール・ABS・純正フロアマット・ETC,150.9,143.6,"2018
(H30)","2
万km",2000CC,MT,Hokkaido,国产车,/usedcar/detail/AU7018940964/index.html,2026-06-21,2018,2.0,2000.0,Mid-size (1501-2000cc),Subaru,Domestic
152,三菱,デリカD：5 2.2 G パワーパッケージ ディーゼルターボ 4WD 登録済み未使用車 保証付 バックカメラ 両側電動スライドドア 電動パーキング リアエアコン シートヒーター コーナーセンサー LEDヘッドライト フォグランプ アダプティブクルーズコントロール,462.2,451.3,"2026
(R08)","23
km",2300CC,MT,Osaka,国产车,/usedcar/detail/AU7050348347/index.html,2026-06-21,2026,0.0023,2300.0,Large (2001-3000cc),Mitsubishi,Domestic
153,日産,マーチ 1.2 S SDナビ バックカメラ ETC ドラレコ Bluetooth,69.9,58.4,"2020
(R02)","2.5
万km",1200CC,CVT,Nagano,国产车,/usedcar/detail/AU7083036010/index.html,2026-06-21,2020,2.5,1200.0,Compact (<=1500cc),Nissan,Domestic
154,ホンダ,N-WGN 660 L ホンダ センシング 純正ナビ 衝突軽減ブレーキ アダプティブクルーズコントロール バックカメラ ETC Bluetooth LEDヘッドライト 14インチアルミホイール オートライト オートエアコン,92.9,84.9,"2020
(R02)","1.3
万km",660CC,CVT,Kyoto,国产车,/usedcar/detail/AU7077053696/index.html,2026-06-21,2020,1.3,660.0,K-car (<=660cc),Honda,Domestic
155,マツダ,MAZDA3ファストバック 2.0 20S プロアクティブ ツーリング セレクション 禁煙車 純正8.8インチナビ 全方位カメラ 前席シートヒーター パワーシート コーナーセンサー 追従型クルーズコントロール ステアリングヒーター 前方ドラレコ LEDヘッドライト パドルシフト ETC,166.8,157.2,"2019
(R01)","3
万km",2000CC,MT,Shiga,国产车,/usedcar/detail/AU6955720647/index.html,2026-06-21,2019,3.0,2000.0,Mid-size (1501-2000cc),Mazda,Domestic
156,日産,リーフ X Vセレクション 日産コネクトナビ・プロパイロット・アラウンドビューモニター・ドライブレコーダー・スマートルームミラー・シートヒーター・ETC・エマージェンシーブレーキ・踏み間違い防止,176.3,164.0,"2023
(R05)","3.7
万km",,AT,Fukuoka,国产车,/usedcar/detail/AU7005801094/index.html,2026-06-21,2023,3.7,,Luxury (3001cc+),Nissan,Domestic
157,スバル,インプレッサG4 2.0 i-S アイサイト 禁煙車 後期D型 セイフティプラス 純正ダイアトーン8インチナビ 黒革シート フロント&サイド&バックカメラ ETC シートヒーター オートブレーキホールド シートポジションメモリ 純正18インチAW,135.9,123.9,"2020
(R02)","2.8
万km",2000CC,MT,Aichi,国产车,/usedcar/detail/AU6953813963/index.html,2026-06-21,2020,2.8,2000.0,Mid-size (1501-2000cc),Subaru,Domestic
158,スズキ,スペーシア 660 ハイブリッド G セーフティサポート 禁煙車 ドラレコ ETC ハイビームアシスト 車線逸脱警報 誤発進抑制機能 先行車発進通知機能 リアパーキングセンサー オートライト オートエアコン,89.9,79.2,"2021
(R03)","3.2
万km",660CC,CVT,Gunma,国产车,/usedcar/detail/AU6905829705/index.html,2026-06-21,2021,3.2,660.0,K-car (<=660cc),Suzuki,Domestic
159,トヨタ,ピクシスエポック ピクシスエポック GF SA 4WD,59.0,53.0,"2015
(H27)","5.6
万km",660CC,AT,Hokkaido,国产车,/usedcar/detail/AU7088373666/index.html,2026-06-21,2015,5.6,660.0,K-car (<=660cc),Toyota,Domestic
160,日産,リーフ X Vセレクション 90周年記念車 社用車UP/9インチナビ/アラウンドビューモニタ-/プロパイロット/スマ-トルームミラ-/シートヒ-タ-/ETC,188.8,179.0,"2023
(R05)","1.7
万km",,AT,Fukuoka,国产车,/usedcar/detail/AU7036745489/index.html,2026-06-21,2023,1.7,,Luxury (3001cc+),Nissan,Domestic
161,スバル,インプレッサスポーツ 2.0 i-L アイサイト 4WD 4WD セーフティプラス 純正8型ビルトインナビ バックカメラ ETC レーダークルーズコントロール LEDヘッドライト スマートキー 寒冷地仕様 純正17インチアルミホイール,89.9,77.4,"2017
(H29)","4.8
万km",2000CC,MT,Aichi,国产车,/usedcar/detail/AU6917984306/index.html,2026-06-21,2017,4.8,2000.0,Mid-size (1501-2000cc),Subaru,Domestic
162,スズキ,ハスラー 660 ハイブリッド G セーフティサポート 前後誤発進抑制機能 パーキングセンサー シートヒーター ハイビームアシスト/オートライト スマートキー オートエアコン 軽自動車,119.9,114.9,"2024
(R06)","1.3
万km",660CC,CVT,Aichi,国产车,/usedcar/detail/AU6989776281/index.html,2026-06-21,2024,1.3,660.0,K-car (<=660cc),Suzuki,Domestic
163,スズキ,ハスラー 660 Xターボ 衝突軽減B 社外ナビ TV Bluetooth対応 HIDヘッドライト フォグライト スマートキー プッシュスタート アイドリングストップ ETC 純正アルミホイール 電動格納ミラー オートエアコン,33.9,26.1,"2014
(H26)","10.2
万km",660CC,CVT,Osaka,国产车,/usedcar/detail/AU6968901994/index.html,2026-06-21,2014,10.2,660.0,K-car (<=660cc),Suzuki,Domestic
164,トヨタ,ルーミー 1.0 X 車両品質評価書付・衝突軽減ブレーキ・ナビ・バックカメラ・Bluetooth・パワースライドドア・トヨタセーフティセンス・クリアランスソナー・プッシュスタート・スマートキー・オートエアコン,84.8,68.8,"2022
(R04)","8.2
万km",1000CC,CVT,Wakayama,国产车,/usedcar/detail/AU7050169825/index.html,2026-06-21,2022,8.2,1000.0,Compact (<=1500cc),Toyota,Domestic
165,スズキ,ワゴンR 660 ハイブリッド FX GoGoチラシ対象車 メモリーナビ キーレスプッシュスタート アンブレラホルダー Mハイブリッド 衝突被害軽減ブレーキ 後退時ブレーキサポート シートヒーター フルオートエアコン リクエストスイッチ,85.2,75.8,"2021
(R03)","2.3
万km",660CC,CVT,Kanagawa,国产车,/usedcar/detail/AU7064301305/index.html,2026-06-21,2021,2.3,660.0,K-car (<=660cc),Suzuki,Domestic
166,日産,ノート 1.2 X SDナビ バックカメラ 衝突被害軽減システム スマートキー ETC オートライト CD 地デジ,59.9,47.9,"2017
(H29)","4.3
万km",1200CC,CVT,Osaka,国产车,/usedcar/detail/AU6984185216/index.html,2026-06-21,2017,4.3,1200.0,Compact (<=1500cc),Nissan,Domestic
167,スズキ,ハスラー 660 G 禁煙車 衝突軽減 純正ナビ バックカメラ Bluetooth ETC ドライブレコーダー 前席シートヒーター ドアバイザー スマートキー 電動格納ミラー ベンチシート オートエアコン,59.9,52.0,"2016
(H28)","8.4
万km",660CC,CVT,Aichi,国产车,/usedcar/detail/AU7054955175/index.html,2026-06-21,2016,8.4,660.0,K-car (<=660cc),Suzuki,Domestic
168,レクサス,LS 500h Iパッケージ サンルーフ 純正12.3インチナビ 全周囲カメラ 衝突被害軽減システム レーダークルーズ 禁煙車 レザーシート 前席シートエアコン ドラレコ コーナーセンサー スマートキー LEDヘッド,539.3,524.7,"2023
(R05)","8.5
万km",3500CC,CVT,Ibaraki,国产车,/usedcar/detail/AU6989770616/index.html,2026-06-21,2023,8.5,3500.0,Luxury (3001cc+),Lexus,Domestic
169,トヨタ,タウンエースバン 1.5 GL 4WD 登録済未使用車/4WD/BOXベッドキット/シートカバー/カロッツェリアナビ/バックカメラ/ETC/衝突軽減ブレーキ/純正ホイール/コーナーセンサー/キャンピングカー,297.0,279.8,"2026
(R08)","15
km",1500CC,4AT,Aichi,国产车,/usedcar/detail/AU7064647011/index.html,2026-06-21,2026,0.0015,1500.0,Compact (<=1500cc),Toyota,Domestic
170,スズキ,ハスラー 660 G 4WD SDナビ バックカメラ 寒冷地仕様 シートヒーター 衝突被害軽減システム 禁煙車 スマートキー LEDヘッド オートライト オートエアコン Bluetooth CD DVD再生 15インチAW,104.9,96.7,"2018
(H30)","5.7
万km",660CC,CVT,Hokkaido,国产车,/usedcar/detail/AU7082136454/index.html,2026-06-21,2018,5.7,660.0,K-car (<=660cc),Suzuki,Domestic
171,日産,キャラバン 2.5 EX スーパーロングボディ ワイド ハイルーフ 4WD 登録済未使用車/パートタイム4WD/ハイルーフ/ワイドボディ/クルーズコントロール/アラウンドビューモニター/インテリジェントルームミラー/リアイージークローザー/リアクーラー/スクラッチシールド,407.0,389.8,"2026
(R08)","40
km",2500CC,MT,Aichi,国产车,/usedcar/detail/AU7088559833/index.html,2026-06-21,2026,0.004,2500.0,Large (2001-3000cc),Nissan,Domestic
172,日産,デイズ 660 S 衝突被害軽減システム クリアランスソナー ドラレコ キーレスエントリー アイドリングストップ アイボリーインテリア ヘッドライトレベライザー ステアリングスイッチ 禁煙車,79.9,69.5,"2023
(R05)","1.9
万km",660CC,CVT,Shiga,国产车,/usedcar/detail/AU7032881460/index.html,2026-06-21,2023,1.9,660.0,K-car (<=660cc),Nissan,Domestic
173,スズキ,ハスラー 660 ハイブリッド Xターボ 衝突軽減装置 禁煙車 ナビ シートヒーター レーダークルーズコントロール ステアリングスイッチスマートキー LEDヘッドライト スマートキー コーナーセンサー オートライト オートエアコン,159.9,149.4,"2023
(R05)","0.4
万km",660CC,MT,Fukuoka,国产车,/usedcar/detail/AU6974904663/index.html,2026-06-21,2023,0.4,660.0,K-car (<=660cc),Suzuki,Domestic
174,ホンダ,N-BOX 660 4WD 電動スライドドア オーディオ 衝突被害軽減 渋滞追従クルーズ 禁煙車 コーナーセンサー シートヒーター オートブレーキホールド スマートキー オートハイビーム 車線逸脱警報 オートエアコン,152.9,144.1,"2024
(R06)","1.4
万km",660CC,CVT,Niigata,国产车,/usedcar/detail/AU7018660896/index.html,2026-06-21,2024,1.4,660.0,K-car (<=660cc),Honda,Domestic
175,三菱,デリカD：5 2.2 G パワーパッケージ ディーゼルターボ 4WD 登録済み未使用車 保証付 バックカメラ 両側電動スライドドア 電動パーキング リアエアコン シートヒーター コーナーセンサー LEDヘッドライト フォグランプ アダプティブクルーズコントロール,466.2,455.3,"2026
(R08)","21
km",2300CC,MT,Osaka,国产车,/usedcar/detail/AU7050350484/index.html,2026-06-21,2026,0.0021,2300.0,Large (2001-3000cc),Mitsubishi,Domestic
176,ダイハツ,タント 660 カスタム RS スタイルセレクション 4WD 禁煙車 純正9型ナビ 全方位モニター 両側パワースライドドア 温熱シート,139.8,136.3,"2022
(R04)",54815km,660CC,CVT,Ehime,国产车,/usedcar/detail/AU6927431647/index.html,2026-06-21,2022,5.4815,660.0,K-car (<=660cc),Daihatsu,Domestic
177,日産,リーフ G メーカーナビ・アラウンドビューモニター・ドライブレコーダー・プロパイロット・スマートルームミラー・ETC・シートヒーター・ハンドルヒーター,164.9,155.0,"2022
(R04)","3.4
万km",,AT,Fukuoka,国产车,/usedcar/detail/AU6952483425/index.html,2026-06-21,2022,3.4,,Luxury (3001cc+),Nissan,Domestic
178,日産,デイズ 660 J 純正オーディオ/ETC/電動格納ミラー/ヘッドライトレベライザー/ベンチシート/フロアマット/サイドバイザー/パワーステアリング/パワーウィンドウ/エアコン/キーレスエントリー,24.7,19.8,"2014
(H26)","5.5
万km",660CC,CVT,Kagawa,国产车,/usedcar/detail/AU6179013665/index.html,2026-06-21,2014,5.5,660.0,K-car (<=660cc),Nissan,Domestic
179,トヨタ,アクア 1.5 L 禁煙車 セーフティセンス メモリーナビ バックカメラ オートエアコン ETC オートハイビーム 車線逸脱警報,112.9,96.5,"2021
(R03)","6.2
万km",1500CC,CVT,Shizuoka,国产车,/usedcar/detail/AU7034903518/index.html,2026-06-21,2021,6.2,1500.0,Compact (<=1500cc),Toyota,Domestic
180,トヨタ,プリウス 2.0 プラグインハイブリッド G 正8型ナビ バックカメラ シートヒーター セーフティセンス レーダークルーズコントロール BSM クリアランスソナー LEDヘッドライト ETC Bluetooth,319.9,306.6,"2025
(R07)","1.6
万km",2000CC,CVT,Yamaguchi,国产车,/usedcar/detail/AU7038619355/index.html,2026-06-21,2025,1.6,2000.0,Mid-size (1501-2000cc),Toyota,Domestic
181,ホンダ,N-BOX 660 G SSパッケージ 車検2年 両側電動スライドドア シティブレーキシステム アイドリングストップ アルミホイール 横滑り防止機能 Gathersナビ ドライブレコーダー スマートキー 電動格納ドアミラー 保証あり,49.9,41.3,"2014
(H26)","6.5
万km",660CC,CVT,Aichi,国产车,/usedcar/detail/AU7036749416/index.html,2026-06-21,2014,6.5,660.0,K-car (<=660cc),Honda,Domestic
182,ホンダ,ヴェゼル 1.5 ハイブリッド X ワンオーナー 社外SDナ BT/フルセグ/CD/DVD バックカメラ ドライブレコーダー ETC クルーズコントロール オートライト LED スマートキー2 純正16インチアルミ 保証書 取説,89.0,82.4,"2014
(H26)","6.1
万km",1500CC,7AT,Aichi,国产车,/usedcar/detail/AU6879489745/index.html,2026-06-21,2014,6.1,1500.0,Compact (<=1500cc),Honda,Domestic
183,日産,ノート 1.2 X 全方位カメラ/純正9型ディスプレイオーディオ/フルセグTV/HDMI/Bluetooth/ETC2.0/インテリジェントルームミラー/ドライブレコーダー/ワイヤレス充電/オートライト/衝突軽減ブレーキ/ステアリングリモコン/禁煙車,109.8,100.7,"2021
(R03)","9
万km",1200CC,AT,Miyagi,国产车,/usedcar/detail/AU6933187052/index.html,2026-06-21,2021,9.0,1200.0,Compact (<=1500cc),Nissan,Domestic
184,三菱,デリカD：5 2.2 P ディーゼルターボ 4WD 両側電動スライドドア 衝突軽減システム レーダークルーズ 全周囲カメラ パワーバックドア ナビ パワーシート シートヒーター ブラインドスポットモニター ETC 純正18インチアルミ LEDヘッド,352.9,334.3,"2022
(R04)","3.9
万km",2300CC,8AT,Saitama,国产车,/usedcar/detail/AU7082372866/index.html,2026-06-21,2022,3.9,2300.0,Large (2001-3000cc),Mitsubishi,Domestic
185,スバル,インプレッサスポーツ 1.6 i-S アイサイト E型 純正8型ビルトインナビ LEDヘッドライト 革巻きステアリング 純正17インチアルミホイール メモリー機能付きパワーシート レーダークルーズ スマートキー オートエアコン 禁煙車 アイサイト,139.9,123.1,"2021
(R03)","3.1
万km",1600CC,MT,Saitama,国产车,/usedcar/detail/AU6931704886/index.html,2026-06-21,2021,3.1,1600.0,Mid-size (1501-2000cc),Subaru,Domestic
186,日産,ノート 1.2 S 衝突軽減B 社外ナビ Bluetooth対応 アラウンドビューモニター プッシュスタート 電子パーキング ステアリングスイッチ 電動格納ミラー オートエアコン,138.9,125.7,"2023
(R05)","3.1
万km",1200CC,AT,Hyogo,国产车,/usedcar/detail/AU6946191135/index.html,2026-06-21,2023,3.1,1200.0,Compact (<=1500cc),Nissan,Domestic
187,トヨタ,ヤリス 1.5 X 4WD 衝突被害軽減ブレーキ・メモリーナビ付,113.2,103.0,"2022
(R04)","7.5
万km",1500CC,CVT,Hokkaido,国产车,/usedcar/detail/AU7090873026/index.html,2026-06-21,2022,7.5,1500.0,Compact (<=1500cc),Toyota,Domestic
188,日産,ノート 1.2 X DIG-S エマージェンシーブレーキ パッケージ 純正ナビ バックカメラ ETC 衝突被害軽減システム スマートキー&プッシュスタート LEDヘッドライト オートエアコン アイドリングストップ 電動格納ドアミラー 14インチアルミホイール 禁煙車,49.9,37.8,"2014
(H26)","4.3
万km",1200CC,CVT,Tochigi,国产车,/usedcar/detail/AU7068507482/index.html,2026-06-21,2014,4.3,1200.0,Compact (<=1500cc),Nissan,Domestic
189,ホンダ,N-BOX 660 メモリーナビ バックカメラ 衝突軽減 ETC アダプティブクルーズ 電動ドア 禁煙車 LEDヘッド 電動パーキング オートエアコン オートハイビーム スマートキー ロールサンシェード 電動格納ミラー,139.9,129.0,"2024
(R06)","1
万km",660CC,CVT,Ibaraki,国产车,/usedcar/detail/AU7010492598/index.html,2026-06-21,2024,1.0,660.0,K-car (<=660cc),Honda,Domestic
190,ホンダ,N-BOX 660 G ターボSSパッケージ 1年保証 バックカメラ 両側電動スライド シートヒーター ETC 横滑り防止 クルーズコントロール ステアリングリモコン パドルシフト パワーウインドウ,62.8,55.3,"2017
(H29)","7.7
万km",660CC,MT,Osaka,国产车,/usedcar/detail/AU7067633574/index.html,2026-06-21,2017,7.7,660.0,K-car (<=660cc),Honda,Domestic
191,トヨタ,シエンタ ハイブリッド 1.5 X ナビ・バックカメラ・ETC・Toyota Safety Sense・プリクラッシュセーフティ・レーントレーシングアシスト・レーンディパーチャーアラート・レーダークルーズコントロール・社外前後ドライブレコーダー,209.9,201.4,"2023
(R05)","4
万km",1500CC,CVT,Hyogo,国产车,/usedcar/detail/AU6919336490/index.html,2026-06-21,2023,4.0,1500.0,Compact (<=1500cc),Toyota,Domestic
192,スバル,レガシィB4 2.5 i Bスポーツ アイサイト 4WD 4WD BIG-X8型ナビ 衝突被害軽減システム レーダークルーズ 禁煙車 スマートキー HIDヘッド ETC 純正16インチアルミ オートライト オートエアコン Bluetooth CD DVD再生,69.9,52.0,"2013
(H25)","7.9
万km",2500CC,CVT,Nagasaki,国产车,/usedcar/detail/AU6963236214/index.html,2026-06-21,2013,7.9,2500.0,Large (2001-3000cc),Subaru,Domestic
193,トヨタ,プリウス 1.8 G アルパイン8インチナビ BT/フルセグ/CD/DVD/FM/AM バックカメラ リバース連動ミラー ビルトインETC ステアリングスイッチ クルコン フロントモデリスタ 革巻ステアリング ETC,100.8,90.8,"2013
(H25)","5.5
万km",1800CC,CVT,Osaka,国产车,/usedcar/detail/AU7013516088/index.html,2026-06-21,2013,5.5,1800.0,Mid-size (1501-2000cc),Toyota,Domestic
194,ホンダ,N-BOX 660 G L ホンダセンシング 禁煙車 純正ナビ バックカメラ アダプティブクルーズ 電動スライドドア ETC Bluetooth LEDヘッド クリアランスソナー レーンキープアシスト オートハイビーム ステアリングスイッチ,69.9,61.8,"2018
(H30)","7.9
万km",660CC,CVT,Gunma,国产车,/usedcar/detail/AU6947540203/index.html,2026-06-21,2018,7.9,660.0,K-car (<=660cc),Honda,Domestic
195,日産,エクストレイル 2.0 20Xt エマージェンシーブレーキパッケージ 2列車 4WD 純正ナビ 全方位カメラ ドライブレコーダー クルーズコントロール 電動リアゲート 社外マフラー 車高調 コーナーセンサー前後 LEDライト オートライト オートマチックハイビーム プッシュスタート,110.8,103.5,"2016
(H28)","6.8
万km",2000CC,CVT,Ibaraki,国产车,/usedcar/detail/AU6981771357/index.html,2026-06-21,2016,6.8,2000.0,Mid-size (1501-2000cc),Nissan,Domestic
196,トヨタ,シエンタ 1.5 X ナビ バックカメラ ビルトインETC 前後コーナーセンサー オートマチックハイビーム レーンキープアシスト アイドリングストップ ヘッドランプレベライザー 衝突被害軽減 片側電動スライドドア 禁煙車,139.8,131.1,"2021
(R03)","4.2
万km",1500CC,CVT,Gunma,国产车,/usedcar/detail/AU7024898452/index.html,2026-06-21,2021,4.2,1500.0,Compact (<=1500cc),Toyota,Domestic
197,日産,ノート 1.2 X 社外ナビTV/衝突軽減/インテリキー,39.8,33.0,"2014
(H26)","5.8
万km",1200CC,CVT,Aichi,国产车,/usedcar/detail/AU7087769258/index.html,2026-06-21,2014,5.8,1200.0,Compact (<=1500cc),Nissan,Domestic
198,日産,キックス 1.2 X (e-POWER) 修復歴なし 純正9インチナビ フルセグ Bluetooth 衝突軽減ブレーキ 障害物センサー レーンアシスト クルーズコントロール 全周囲カメラ バックカメラ スマートキー プッシュスタート ETC 整備保証付,149.9,139.9,"2021
(R03)","4.1
万km",1200CC,AT,Chiba,国产车,/usedcar/detail/AU7066777448/index.html,2026-06-21,2021,4.1,1200.0,Compact (<=1500cc),Nissan,Domestic
199,マツダ,MAZDA2 1.5 15MB 衝突安全装置/車線逸脱防止支援システム/ヘッドランプ LED/USBジャック/ETC/EBD付ABS/横滑り防止装置/アイドリングストップ/エアバッグ 運転席/エアバッグ 助手席,171.2,160.1,"2024
(R06)","0.8
万km",1500CC,6MT,Shizuoka,国产车,/usedcar/detail/AU6962769062/index.html,2026-06-21,2024,0.8,1500.0,Compact (<=1500cc),Mazda,Domestic
200,スズキ,スペーシア 660 X 7型ナビ/Bluetooth/フルセグTV/電動スライドドア/ドライブレコーダー/シートヒーター/オートエアコン/ステアリングリモコン/スマートキー/プッシュスタート/ロールサンシェード/社外14インチアルミホイール/禁煙車,47.8,42.8,"2015
(H27)","7.8
万km",660CC,CVT,Miyagi,国产车,/usedcar/detail/AU7082721621/index.html,2026-06-21,2015,7.8,660.0,K-car (<=660cc),Suzuki,Domestic
201,マツダ,デミオ 1.5 XD ツーリング ディーゼルターボ 4WD 純正ナビ バックカメラ 衝突軽減装置 BSM 禁煙車 シートヒーター 前後ドラレコ スマートキー LEDヘッド ETC クルコン オートハイビーム 誤発進抑制機能 純正AW,97.9,85.8,"2016
(H28)","4.1
万km",1500CC,MT,Fukushima,国产车,/usedcar/detail/AU7022074099/index.html,2026-06-21,2016,4.1,1500.0,Compact (<=1500cc),Mazda,Domestic
202,ホンダ,N-BOX 660 届出済未使用車 片側電動スライドドア 衝突被害軽減ブレーキ コーナーセンサー アダクティブクルーズコントロール アイドリングストップ スマートキー LEDヘッドライト シートヒーター バックカメラ,137.7,128.7,"2025
(R07)","7
km",660CC,CVT,Aichi,国产车,/usedcar/detail/AU6968558568/index.html,2026-06-21,2025,0.0007,660.0,K-car (<=660cc),Honda,Domestic
203,ホンダ,N-BOX カスタム 660 ターボ 8インチホンダコネクトナビ/DTV/Bluetooth/バックカメラ/車線逸脱警報/踏み間違い防止/アダプティブクルーズコントロール/Pセンサー/黒半革シート/シートヒーター/大型ルーフコンソール,189.9,186.1,"2024
(R06)","2.2
万km",660CC,CVT,Chiba,国产车,/usedcar/detail/AU7043334111/index.html,2026-06-21,2024,2.2,660.0,K-car (<=660cc),Honda,Domestic
204,トヨタ,アクア 1.5 Z 登録済未使用車 10型DAプラスナビ 全周囲 トヨタチームメイト アドバンストパーク パーキングサポートブレーキ 合成皮革コンフォートPKG レーダークルーズコントロール ステアリングヒーター,314.9,307.5,"2026
(R08)","12
km",1500CC,CVT,Tokyo,国产车,/usedcar/detail/AU6985615431/index.html,2026-06-21,2026,0.0012,1500.0,Compact (<=1500cc),Toyota,Domestic
205,マツダ,デミオ 1.5 XD ツーリング ディーゼルターボ ヘッドアップディスプレイ/バックカメラ/純正ナビ/フルセグTV/CD/DVD/Bluetooth/衝突軽減ブレーキ/クルーズコントロール/ETC/ドライブレコーダー/ステアリングスイッチ/LEDヘッドライト/禁煙車,59.8,50.3,"2015
(H27)","6.9
万km",1500CC,MT,Hokkaido,国产车,/usedcar/detail/AU6950670864/index.html,2026-06-21,2015,6.9,1500.0,Compact (<=1500cc),Mazda,Domestic
206,トヨタ,シエンタ 1.5 G 社外ナビ Bluetooth対応 バックカメラ ETC 片側電動スライドドア 電動格納式ミラー キーレス マニュアルレベリング機能 アイドリングストップ 横滑り防止 ステアリングスイッチ,97.9,83.2,"2017
(H29)","5
万km",1500CC,CVT,Shiga,国产车,/usedcar/detail/AU6750332724/index.html,2026-06-21,2017,5.0,1500.0,Compact (<=1500cc),Toyota,Domestic
207,トヨタ,ハイエースバン 2.0 スーパーGL ダークプライムII ロングボディ 厳選仕入/FLEXオリジナルフロントリップ/トヨタ純正7インチナビ/フルセグTV/CD/DVD/Bluetooth対応/バックカメラ/サイドバイザー/ETC/ドライブレコーダー/トヨタセーフティーセンス,247.5,229.8,"2019
(R01)","12.8
万km",2000CC,MT,Gunma,国产车,/usedcar/detail/AU6790013497/index.html,2026-06-21,2019,12.8,2000.0,Mid-size (1501-2000cc),Toyota,Domestic
208,日産,デイズルークス 660 ハイウェイスター Xターボ 車両品質評価書付・純正ナビ・衝突軽減ブレーキ・アラウンドビューモニター・バックカメラ・Bluetooth・パワースライドドア・DVD・オートハイビーム・オートライト・プッシュスタート・ステアリングスイッチ,60.5,49.8,"2019
(R01)","9.4
万km",660CC,CVT,Wakayama,国产车,/usedcar/detail/AU7050176291/index.html,2026-06-21,2019,9.4,660.0,K-car (<=660cc),Nissan,Domestic
209,日産,リーフ X Vセレクション 90周年記念車 メーカーナビ・アラウンドビューモニター・ETC・プロパイロット・スマートルームミラー・LEDヘッドライト・ハイビームアシスト・ハンドルシートヒーター,193.1,184.0,"2023
(R05)","1.2
万km",,AT,Fukuoka,国产车,/usedcar/detail/AU7040348913/index.html,2026-06-21,2023,1.2,,Luxury (3001cc+),Nissan,Domestic
210,日産,ノート 1.2 X 純正9型ナビ 全周囲カメラ 禁煙車 衝突軽減装置 踏み間違い防止装置 ブラインドスポットモニター デジタルインナーミラー LEDヘッド ドラレコ フルセグ Bluetooth再生 ETC スマートキー,140.9,129.2,"2022
(R04)","5.4
万km",1200CC,AT,Oita,国产车,/usedcar/detail/AU7035606823/index.html,2026-06-21,2022,5.4,1200.0,Compact (<=1500cc),Nissan,Domestic
211,レクサス,CT 200h バージョンC 禁煙車 LEDヘッドライト クリアランスソナー 純正7インチナビ バックカメラ クルーズコントロール 純正16インチアルミホイール パワーシート シートヒーター 純正革巻きステアリング,126.9,109.6,"2015
(H27)","8.4
万km",1800CC,MT,Osaka,国产车,/usedcar/detail/AU6884588196/index.html,2026-06-21,2015,8.4,1800.0,Mid-size (1501-2000cc),Lexus,Domestic
212,ダイハツ,タント 660 L 禁煙車 ディスプレイオーディオ スマートアシスト LEDヘッド スマートキー オートエアコン ETC ドライブレコーダー AppleCarPlay コーナーセンサ オートハイビーム オートライト,114.9,104.2,"2023
(R05)","0.8
万km",660CC,CVT,Kumamoto,国产车,/usedcar/detail/AU6969904513/index.html,2026-06-21,2023,0.8,660.0,K-car (<=660cc),Daihatsu,Domestic
213,トヨタ,プリウス 1.8 A 社外ナビ フルセグTV クルコン 前方ドラレコ Bカメラ BT接続 オートマチックハイビーム クリアランスソナー LEDヘッドライト ETC サマータイヤ(ホイール付き積込),153.2,138.8,"2019
(H31)","7.6
万km",1800CC,CVT,Osaka,国产车,/usedcar/detail/AU7074836901/index.html,2026-06-21,2019,7.6,1800.0,Mid-size (1501-2000cc),Toyota,Domestic
214,日産,ノート 1.2 X 純正ナビ 衝突軽減 禁煙 コーナーセンサー オートライト 車線逸脱警報 Bluetooth接続 オートエアコン スマートキー パワーウィンドウ アイドリングストップ 電動格納ミラー,82.9,66.3,"2019
(R01)","2.4
万km",1200CC,CVT,Ibaraki,国产车,/usedcar/detail/AU7008466994/index.html,2026-06-21,2019,2.4,1200.0,Compact (<=1500cc),Nissan,Domestic
215,スバル,インプレッサスポーツ 2.0 i-S アイサイト ワンオーナー/DIATONE専用ナビ/セイフティプラス(後側方検知警報/ハイビームアシスト/サイドビューモニター)/アイサイトコアテクノロジー/ステアリング連動LEDライト/パワーシート/バックカメラ/ETC/純正ドラレコ,134.5,119.9,"2019
(R01)","1.6
万km",2000CC,MT,Chiba,国产车,/usedcar/detail/AU6979947889/index.html,2026-06-21,2019,1.6,2000.0,Mid-size (1501-2000cc),Subaru,Domestic
216,スバル,フォレスター 1.8 スポーツ 4WD E型/8型専用ナビ/アイサイトコアテクノロジー/セイフティプラス(運転支援/視界拡張)/パワーバックドア/フロント・サイド・バックカメラ/スマートミラー/LEDライト/シートヒーター/Blu-ray再生/ETC/純正ドラレコ,241.7,229.9,"2023
(R05)","8.4
万km",1800CC,MT,Saitama,国产车,/usedcar/detail/AU7095126573/index.html,2026-06-21,2023,8.4,1800.0,Mid-size (1501-2000cc),Subaru,Domestic
217,ホンダ,N-ONE 660 RS 禁煙車 6速MT 衝突軽減装置 アダプティブクルコン LEDヘッド/フォグ オートハイビーム オートエアコン 前席シートヒーター スマートキー,214.9,205.4,"2026
(R08)","16
km",660CC,6MT,Niigata,国产车,/usedcar/detail/AU7081966774/index.html,2026-06-21,2026,0.0016,660.0,K-car (<=660cc),Honda,Domestic
218,トヨタ,パッソ 1.0 X 4WD 衝突被害軽減ブレーキ 純正SDナビTV バックカメラ スマートキー オートハイビーム 車線逸脱警報 コーナーセンサー 先行車発進告知機能 Bluetooth接続 電動格納ミラー 横滑り防止装置 ワンオーナー,81.2,69.8,"2021
(R03)","7.7
万km",1000CC,CVT,Gunma,国产车,/usedcar/detail/AU7102140558/index.html,2026-06-21,2021,7.7,1000.0,Compact (<=1500cc),Toyota,Domestic
219,日産,フーガハイブリッド 3.5 後期 ベージュ革 メーカー8型ナビ 全周囲カメラ 全方位運転支援システム メモリ付きパワーシート インテリジェントクルーズコントロール 純正18インチアルミ LEDヘッドライト ETC,142.9,128.6,"2018
(H30)","10.7
万km",3500CC,MT,Gunma,国产车,/usedcar/detail/AU7048824145/index.html,2026-06-21,2018,10.7,3500.0,Luxury (3001cc+),Nissan,Domestic
220,スバル,WRX STI 2.0 S207 4WD ワンオーナー 100台限定車 フルオリジナル車両 純正BBS19インチAW 純正ブレンボ 純正レカロレザーシート アドバンスドセーフティPKG 保証書 取扱説明書 スペアキー,609.8,598.8,"2016
(H28)","0.7
万km",2000CC,6MT,Chiba,国产车,/usedcar/detail/AU7024375285/index.html,2026-06-21,2016,0.7,2000.0,Mid-size (1501-2000cc),Subaru,Domestic
221,ホンダ,N-BOX 660 カスタムG SSパッケージ 両側電動ドア スマート,49.9,41.4,"2013
(H25)","8.6
万km",660CC,CVT,Saga,国产车,/usedcar/detail/AU6950990439/index.html,2026-06-21,2013,8.6,660.0,K-car (<=660cc),Honda,Domestic
222,ホンダ,N-BOX 660 オーディオ パワースライドドア ホンダセンシング レーダークルーズ 禁煙車 コーナーセンサー LEDヘッドライト スマートキー 電子パーキング オートブレーキホールド バックカメラ ステリモ,129.9,121.8,"2024
(R06)","1
万km",660CC,CVT,Aichi,国产车,/usedcar/detail/AU6721773681/index.html,2026-06-21,2024,1.0,660.0,K-car (<=660cc),Honda,Domestic
223,トヨタ,SAI 2.4 G バックモニター ETC 純正アルミ LED フルセグTV CD DVD USBメディア接続,98.0,85.0,"2015
(H27)","8.1
万km",2400CC,CVT,Toyama,国产车,/usedcar/detail/AU6888410443/index.html,2026-06-21,2015,8.1,2400.0,Large (2001-3000cc),Toyota,Domestic
224,トヨタ,エスティマ 3.5 アエラス 7人乗/ワンオーナー/ムーンルーフ/モデリスタフロントエアロ/両側パワースライドドア/HIDヘッドランプ/オートライト/クルーズコントロール/オートエアコン/リアクーラー/カロッツェリアナビ/ETC/Bカメラ/ドラレコ,111.9,94.9,"2015
(H27)","10.7
万km",3500CC,6AT,Chiba,国产车,/usedcar/detail/AU7031636312/index.html,2026-06-21,2015,10.7,3500.0,Luxury (3001cc+),Toyota,Domestic
225,ホンダ,N-BOX 660 G SSパッケージ 純正ナビ 両側電動スライド ETC ドラレコ オートエアコン LEDヘッド Bluetooth バックカメラ スマートキー プッシュスタート 電動格納ドアミラー サンシェード,62.9,52.1,"2015
(H27)","6.8
万km",660CC,CVT,Aichi,国产车,/usedcar/detail/AU7090870093/index.html,2026-06-21,2015,6.8,660.0,K-car (<=660cc),Honda,Domestic
226,マツダ,プレマシー 2.0 20C スカイアクティブ ナビ Bluetooth TV バックカメラ ETC 片側電動スライドドア 電動格納式ミラー パワーウィンドウ ステアリングリモコン アイドリングストップ 横滑り防止 マニュアルレベリング オートエアコン,59.9,48.4,"2015
(H27)","3.3
万km",2000CC,MT,Hyogo,国产车,/usedcar/detail/AU7046704870/index.html,2026-06-21,2015,3.3,2000.0,Mid-size (1501-2000cc),Mazda,Domestic
227,ホンダ,N-VAN 660 G 6速MT/ホンダセンシング/メモリーナビ/バックカメラ/Bluetooth/レーンキープアシスト/ETC/オートエアコン/両側スライドドア,110.7,99.9,"2021
(R03)","2
万km",660CC,6MT,Hyogo,国产车,/usedcar/detail/AU6670664149/index.html,2026-06-21,2021,2.0,660.0,K-car (<=660cc),Honda,Domestic
228,スズキ,アルトラパン 660 G オートギヤシフト 衝突被害軽減システム,59.9,52.0,"2018
(H30)","7.5
万km",660CC,5AT,Miyagi,国产车,/usedcar/detail/AU7066581988/index.html,2026-06-21,2018,7.5,660.0,K-car (<=660cc),Suzuki,Domestic
229,ホンダ,フリード+ 1.5 ハイブリッド G ホンダセンシング 禁煙車 純正7型SDナビ ホンダセンシング クルーズコントロール バックカメラ 両側パワースライド ETC ステアリングスイッチ 純正フロアマット 純正LEDオートライト スタッドレスタイヤ,129.8,122.5,"2018
(H30)","6.1
万km",1500CC,7AT,Fukuoka,国产车,/usedcar/detail/AU7079975345/index.html,2026-06-21,2018,6.1,1500.0,Compact (<=1500cc),Honda,Domestic
230,ダイハツ,ミライース 660 X リミテッド SA 禁煙車 純正SDナビ 衝突被害軽減システム 純正14インチアルミ プライバシーガラス アイドリングストップ キーレスエントリー CD DVD再生 地デジ,47.9,40.0,"2016
(H28)","4.2
万km",660CC,CVT,Fukuoka,国产车,/usedcar/detail/AU7083035600/index.html,2026-06-21,2016,4.2,660.0,K-car (<=660cc),Daihatsu,Domestic
231,トヨタ,アクア 1.5 S スタイルブラック 純正ナビ アラウンドビューモニター フルセグTV BT FM AM CD 前方ドライブレコーダー 衝突軽減装置 横滑り防止装置 車線逸脱警報装置 前後コーナーセンサー 純正マット サイドバイザー,129.9,123.5,"2020
(R02)","4.8
万km",1500CC,CVT,Tokyo,国产车,/usedcar/detail/AU6915744343/index.html,2026-06-21,2020,4.8,1500.0,Compact (<=1500cc),Toyota,Domestic
232,マツダ,CX-5 2.2 XD プロアクティブ ディーゼルターボ 4WD 禁煙車/純正ナビ/フルセグTV/全方位カメラ/レーダークルーズコントロール/ドラレコ/パワーシート/電動リアゲート/BSM/SCBS/SBS/レーンキープアシスト/LEDオートライト/オートマチックハイビーム/純正ETC2.0,184.8,176.7,"2018
(H30)","2.2
万km",2200CC,6AT,Mie,国产车,/usedcar/detail/AU6978629329/index.html,2026-06-21,2018,2.2,2200.0,Large (2001-3000cc),Mazda,Domestic
233,レクサス,CT 200h バージョンC 純正ナビ/バックカメラ/前後ドライブレコーダー/セーフティシステムプラス/レーダークルーズコントロール/クリアランスソナー/ETC2.0/シートヒーター/ステアリングヒーター/パワーシート/LEDヘッドライト/禁煙車,188.8,181.9,"2018
(H30)","5.7
万km",1800CC,MT,Miyagi,国产车,/usedcar/detail/AU6997245106/index.html,2026-06-21,2018,5.7,1800.0,Mid-size (1501-2000cc),Lexus,Domestic
234,ダイハツ,ハイゼットトラック 660 ジャンボ エクストラ 3方開 4WD ダイハツ認定中古車,148.3,142.0,"2025
(R07)","0.5
万km",660CC,CVT,Hokkaido,国产车,/usedcar/detail/AU7040949173/index.html,2026-06-21,2025,0.5,660.0,K-car (<=660cc),Daihatsu,Domestic
235,日産,ノート 1.2 X 衝突軽減B 純正9インチナビ Bluetooth対応 アラウンドビューモニター LEDヘッドライト スマートキー プッシュスタート 電子パーキング ステアリングスイッチ 電動格納ミラー オートエアコン,139.9,128.9,"2022
(R04)","4
万km",1200CC,AT,Kumamoto,国产车,/usedcar/detail/AU6932298076/index.html,2026-06-21,2022,4.0,1200.0,Compact (<=1500cc),Nissan,Domestic
236,トヨタ,カローラフィールダー カローラフィールダーHV Gエアロツア,85.9,75.9,"2015
(H27)","11.1
万km",1500CC,AT,Ibaraki,国产车,/usedcar/detail/AU7049286605/index.html,2026-06-21,2015,11.1,1500.0,Compact (<=1500cc),Toyota,Domestic
237,ホンダ,シャトル 1.5 ハイブリッド X スタイルエディション,81.4,74.3,"2016
(H28)","10.4
万km",2000CC,MT,Miyazaki,国产车,/usedcar/detail/AU7034540574/index.html,2026-06-21,2016,10.4,2000.0,Mid-size (1501-2000cc),Honda,Domestic
238,スバル,レガシィアウトバック 2.5 i アイサイト EXエディションII 4WD 後期E型 黒革シート メモリ付きパワーシート シートヒーター 純正SDナビ バックカメラ ETC ドライブレコーダー 禁煙車 ルーフレール プッシュスタート HIDヘッドライト 純正17インチAW,79.9,66.7,"2014
(H26)","8.6
万km",2500CC,MT,Osaka,国产车,/usedcar/detail/AU7004617671/index.html,2026-06-21,2014,8.6,2500.0,Large (2001-3000cc),Subaru,Domestic
239,トヨタ,ヴィッツ 1.5 RS MT車 7型ナビ バックカメラ Bluetooth 衝突軽減ブレーキ LED ビルトインETC レーンキープアシスト ドライブレコーダー 純正16インチAW,118.8,109.0,"2015
(H27)","1.8
万km",1500CC,5MT,Aichi,国产车,/usedcar/detail/AU7042719153/index.html,2026-06-21,2015,1.8,1500.0,Compact (<=1500cc),Toyota,Domestic
240,日産,エクストレイル 2.0 20S Vセレクション 2列車 4WD ワンオーナー 純正ナビ フルセグTV バックカメラ 寒冷地仕様 ETC2.0 純正ドラレコ 衝突軽減 踏み間違い衝突防止アシスト 車線逸脱警報 進入禁止標識検知 アイドリングストップ 黒革シート 撥水シート,199.8,189.2,"2021
(R03)","2.1
万km",2000CC,CVT,Hokkaido,国产车,/usedcar/detail/AU6951667804/index.html,2026-06-21,2021,2.1,2000.0,Mid-size (1501-2000cc),Nissan,Domestic
241,トヨタ,プリウス 1.8 S セーフティ プラス 衝突被害軽減ブレーキ 純正SDナビ 地デジTV バックカメラ スマートキー ETC2.0 レーダークルーズ 車線逸脱警報 オートハイビーム クリアランスソナー LEDヘッドライト 横滑り防止装置 ワンオーナー,129.0,119.8,"2018
(H30)","6.8
万km",1800CC,CVT,Gunma,国产车,/usedcar/detail/AU7097584017/index.html,2026-06-21,2018,6.8,1800.0,Mid-size (1501-2000cc),Toyota,Domestic
242,ホンダ,ヴェゼル 1.5 ハイブリッド X ホンダセンシング 禁煙車 純正ナビ バックカメラ 衝突軽減 アダプティブクルーズ LEDヘッド ETC 純正16インチアルミ オートハイビーム レーンキープ オートライト パドルシフト CD・DVD再生 HDMI,122.9,105.9,"2016
(H28)","5.3
万km",1500CC,7AT,Kanagawa,国产车,/usedcar/detail/AU6931667543/index.html,2026-06-21,2016,5.3,1500.0,Compact (<=1500cc),Honda,Domestic
243,マツダ,CX-3 1.5 XD ツーリング ディーゼルターボ 禁煙車 純正SDナビ バックカメラ ドラレコ ETC BOSE Bluetooth再生 パドルシフト レーダークルーズ オートエアコン 純正18インチアルミ LEDヘッドライト 衝突被害軽減装置,76.9,65.2,"2015
(H27)","8.2
万km",1500CC,MT,Aichi,国产车,/usedcar/detail/AU6906936365/index.html,2026-06-21,2015,8.2,1500.0,Compact (<=1500cc),Mazda,Domestic
244,トヨタ,プリウス 1.8 S セーフティ プラスII 1オナ ACC LKA BSM ナビ TV 360カメラ,179.8,170.8,"2021
(R03)","5.2
万km",1800CC,CVT,Saitama,国产车,/usedcar/detail/AU7064645770/index.html,2026-06-21,2021,5.2,1800.0,Mid-size (1501-2000cc),Toyota,Domestic
245,ダイハツ,タント 660 X 衝突軽減B 電子パーキング 前席シートヒーター LEDヘッドライト 左パワースライドドア スマートキー プッシュスタート アイドリングストップ 障害物センサー 電動格納ミラー オートエアコン,115.9,107.5,"2024
(R06)","0.4
万km",660CC,CVT,Hyogo,国产车,/usedcar/detail/AU6944523545/index.html,2026-06-21,2024,0.4,660.0,K-car (<=660cc),Daihatsu,Domestic
246,トヨタ,SAI 2.4 G ナビ ETC バックカメラ 電動シート,124.6,115.0,"2016
(H28)","5.1
万km",2400CC,CVT,Kagoshima,国产车,/usedcar/detail/AU7084402368/index.html,2026-06-21,2016,5.1,2400.0,Large (2001-3000cc),Toyota,Domestic
247,トヨタ,アクア 1.5 L /禁煙車/純正メモリナビ(NSCP-W64/AM/FM/SD)/Bluetooth/パワーステアリング/バックカメラ/ETC/パワーウインドウ/ECO MODE/EV MODE/純正フロアマット/純正ドアバイザー/W+Sエアバッグ/キーレス/スペアキー/,69.8,63.8,"2015
(H27)","4.1
万km",1500CC,CVT,Aichi,国产车,/usedcar/detail/AU7079975670/index.html,2026-06-21,2015,4.1,1500.0,Compact (<=1500cc),Toyota,Domestic
248,トヨタ,ヤリス 1.5 X 4WD 衝突被害軽減ブレーキ・メモリーナビ付,108.2,98.0,"2022
(R04)","8.9
万km",1500CC,CVT,Hokkaido,国产车,/usedcar/detail/AU7084391786/index.html,2026-06-21,2022,8.9,1500.0,Compact (<=1500cc),Toyota,Domestic
249,日産,リーフ X Vセレクション 90周年記念車 社用車UP・認定中古車・プロパイロット,185.6,176.0,"2023
(R05)","1.9
万km",,AT,Fukuoka,国产车,/usedcar/detail/AU7037132778/index.html,2026-06-21,2023,1.9,,Luxury (3001cc+),Nissan,Domestic
250,日産,スカイライン 3.5 ハイブリッド GT タイプP サンルーフ/黒革/コネクトナビ/ETC2.0/ドラレコ/プロパイロット2.0/全周囲カメラ/衝突軽減/追従クルコン/踏み間違い防止/後側方衝突防止/後側方検知/ハイビームアシスト/前席パワーシート・シートヒーター,249.9,233.5,"2020
(R02)","6.4
万km",3500CC,MT,Saitama,国产车,/usedcar/detail/AU7087181352/index.html,2026-06-21,2020,6.4,3500.0,Luxury (3001cc+),Nissan,Domestic
251,トヨタ,シエンタ 1.5 G ウェルキャブ 車いす仕様車 タイプI 助手席側セカンドシート付 禁煙車 ウェルキャブ スロープ エアサス セーフティセンスC 両側パワースライドドア パノラミックビューモニター フルセグ純正ナビ ETC LEDヘッドライト,163.3,152.4,"2022
(R04)","4.3
万km",1500CC,CVT,Hokkaido,国产车,/usedcar/detail/AU7018039201/index.html,2026-06-21,2022,4.3,1500.0,Compact (<=1500cc),Toyota,Domestic
252,スズキ,スイフト 1.2 XGリミテッド SDナビ バックカメラ 衝突被害軽減システム アダプティブクルーズ 禁煙車 シートヒーター スマートキー LEDヘッド ETC オートハイビーム 車線逸脱警報 誤発進抑制機能 先行車発進告知,92.9,77.0,"2018
(H30)","6.3
万km",1200CC,CVT,Ibaraki,国产车,/usedcar/detail/AU7034904179/index.html,2026-06-21,2018,6.3,1200.0,Compact (<=1500cc),Suzuki,Domestic
253,ダイハツ,コペン セロ S 660 禁煙車 アクティブトップ 5速マニュアル ビルシュタインショック/Dスポーツスプリング PIVOTサブコン 前後タワーバー HKSマフラー RECAROシート MOMOステ シートヒーター LEDヘッドライト,152.7,145.1,"2021
(R03)","5.9
万km",660CC,5MT,Hokkaido,国产车,/usedcar/detail/AU6989778578/index.html,2026-06-21,2021,5.9,660.0,K-car (<=660cc),Daihatsu,Domestic
254,トヨタ,カローラツーリング 1.8 ハイブリッド G-X プラス トヨタ純正ディスプレイオーディオバックカメラETC2.0レーダークルーズコントロール先進ライト横滑り防止装置車線逸脱警報,186.3,175.0,"2021
(R03)","4.4
万km",1800CC,CVT,Aichi,国产车,/usedcar/detail/AU7084382675/index.html,2026-06-21,2021,4.4,1800.0,Mid-size (1501-2000cc),Toyota,Domestic
255,日産,ルークス 660 ハイウェイスターX プロパイロット エディション 禁煙 衝突軽減 全周囲カメラ 両電動Pスラ,113.0,105.6,"2021
(R03)","4.3
万km",660CC,CVT,Chiba,国产车,/usedcar/detail/AU6997971989/index.html,2026-06-21,2021,4.3,660.0,K-car (<=660cc),Nissan,Domestic
256,日産,セレナ 2.0 ハイウェイスター Vセレクション 純正9型メモリーナビ アラウンドビューモニター ドライブレコーダー 両側電動スライドドア 衝突軽減ブレーキ 純正アルミホイール リヤオートエアコン LEDライト,99.7,91.3,"2018
(H30)","8.3
万km",2000CC,CVT,Osaka,国产车,/usedcar/detail/AU7067443629/index.html,2026-06-21,2018,8.3,2000.0,Mid-size (1501-2000cc),Nissan,Domestic
257,日産,ノート 1.2 e-POWER X モードプレミア 純正ナビ 全周囲カメラ 衝突被害軽減システム レーダークルーズ ドラレコ コーナーセンサー スマートキー LEDヘッド ETC 純正16インチアルミ 車線逸脱警報 オートライト オートエアコン,103.8,91.8,"2018
(H30)","3.3
万km",1200CC,AT,Nagano,国产车,/usedcar/detail/AU7033110607/index.html,2026-06-21,2018,3.3,1200.0,Compact (<=1500cc),Nissan,Domestic
258,日産,デイズルークス 660 X CDオーディオ/スマートキー/プッシュスタート/衝突被害軽減システム/電動スライドドア/ヘッドライトレベライザー/アイドリングストップ/電動格納ミラー/オートエアコン/後席サーキュレーター,39.7,34.8,"2017
(H29)","6.3
万km",660CC,CVT,Kagawa,国产车,/usedcar/detail/AU6180355247/index.html,2026-06-21,2017,6.3,660.0,K-car (<=660cc),Nissan,Domestic
259,トヨタ,ヴィッツ 1.5 GR スポーツ ETC車載器 LED キーレスE 横滑り防止装置 衝突被害軽減ブレーキ バックモニター ABS パワーウィンドウ エアバッグ 両席エアバック フルセグ 盗難防止装置 オ-トエアコン メモリーナビ,137.8,129.0,"2018
(H30)","3.6
万km",1500CC,CVT,Gunma,国产车,/usedcar/detail/AU6966352173/index.html,2026-06-21,2018,3.6,1500.0,Compact (<=1500cc),Toyota,Domestic
260,マツダ,フレアワゴン 660 ハイブリッド XS 4WD 両側電動ドア SDナビ スマートブレーキサポート 禁煙車 コーナーセンサー スマートキー ETC 車線逸脱警報 オートライト オートエアコン Bluetooth CD/DVD再生 フルセグ,109.9,102.5,"2021
(R03)","3.8
万km",660CC,CVT,Ishikawa,国产车,/usedcar/detail/AU6901184235/index.html,2026-06-21,2021,3.8,660.0,K-car (<=660cc),Mazda,Domestic
261,トヨタ,ルーミー 1.0 G ワンオーナー/スマートアシストIII/クルーズコントロール/エコアイドル/両側パワースライドドア/純正SDナビ/バックカメラ/ETC/LEDヘッドライト/コーナーセンサー/スマートキー/衝突軽減ブレーキ/禁煙車,109.8,101.6,"2019
(R01)","2.4
万km",1000CC,CVT,Chiba,国产车,/usedcar/detail/AU7094971377/index.html,2026-06-21,2019,2.4,1000.0,Compact (<=1500cc),Toyota,Domestic
262,スズキ,アルト 660 S ナビ バックカメラ 衝突被害軽減システム 禁煙車 コーナーセンサー ETC オートライト Bluetooth CD DVD再生,69.9,62.4,"2019
(R01)","3.9
万km",660CC,CVT,Nagasaki,国产车,/usedcar/detail/AU6943361525/index.html,2026-06-21,2019,3.9,660.0,K-car (<=660cc),Suzuki,Domestic
263,スズキ,スペーシア 660 ハイブリッド G 社外ナビ Bluetooth TV バックカメラ 両側スライドドア 衝突被害軽減ブレーキ パーキングセンサー レーンキープアシスト スマートキー オートライト アイドリングストップ マニュアルレベリング,72.9,64.0,"2019
(R01)","4.8
万km",660CC,CVT,Kyoto,国产车,/usedcar/detail/AU6981616871/index.html,2026-06-21,2019,4.8,660.0,K-car (<=660cc),Suzuki,Domestic
264,日産,ルークス 660 S 衝突軽減B 社外ナビ Bluetooth対応 ETC 両側スライドドア アイドリングストップ ヘッドライトレベライザー ステアリングスイッチ 電動格納ミラー,99.9,91.7,"2023
(R05)","2.3
万km",660CC,CVT,Kyoto,国产车,/usedcar/detail/AU7094960185/index.html,2026-06-21,2023,2.3,660.0,K-car (<=660cc),Nissan,Domestic
265,トヨタ,アクア 1.5 クロスオーバー SDナビ バックカメラ 寒冷地,119.5,107.8,"2019
(R01)","7.8
万km",1500CC,CVT,Hokkaido,国产车,/usedcar/detail/AU7020371653/index.html,2026-06-21,2019,7.8,1500.0,Compact (<=1500cc),Toyota,Domestic
266,ダイハツ,タント 660 Xターボ 電動スライドドア SDナビ 全周囲カメラ スマートアシスト レーダークルーズ 禁煙車 ドラレコ コーナーセンサー スマートキー LEDヘッドライト ビルトインETC オートハイビーム ドアバイザー,87.9,80.5,"2019
(R01)","7.1
万km",660CC,CVT,Shizuoka,国产车,/usedcar/detail/AU7060737815/index.html,2026-06-21,2019,7.1,660.0,K-car (<=660cc),Daihatsu,Domestic
267,ダイハツ,ミライース 660 L SAIII 衝突軽減B 純正ナビ TV Bluetooth対応 Bカメラ アイドリングストップ 障害物センサー オートハイビーム,59.9,51.0,"2021
(R03)","3.6
万km",660CC,CVT,Osaka,国产车,/usedcar/detail/AU6997631655/index.html,2026-06-21,2021,3.6,660.0,K-car (<=660cc),Daihatsu,Domestic
268,トヨタ,ルーミー 1.0 X,108.7,96.8,"2021
(R03)","1.3
万km",1000CC,AT,Aichi,国产车,/usedcar/detail/AU7098768964/index.html,2026-06-21,2021,1.3,1000.0,Compact (<=1500cc),Toyota,Domestic
269,トヨタ,プリウスα 1.8 G トヨタ認定中古車・メモリ-ナビ・フルセグTV・DVD再生・Bluetooth接続・スマートキー・LEDヘッドランプ付き,161.5,148.8,"2017
(H29)","3.9
万km",1800CC,CVT,Okayama,国产车,/usedcar/detail/AU7040346215/index.html,2026-06-21,2017,3.9,1800.0,Mid-size (1501-2000cc),Toyota,Domestic
270,レクサス,NX 350h 4WD 禁煙車 パノラマルーフ 純正14ナビ 全周囲カメラ フルセグ 電動リアゲート レーダークルーズ ブラインドスポットモニター ヘッドアップディスプレイ LEDライト,559.9,546.1,"2024
(R06)","1
万km",2500CC,MT,Chiba,国产车,/usedcar/detail/AU7075686388/index.html,2026-06-21,2024,1.0,2500.0,Large (2001-3000cc),Lexus,Domestic
271,マツダ,CX-5 2.2 XD プロアクティブ ディーゼルターボ ディーゼル ターボ マツダコネクトナビ バックカメラ 電動リアゲート 衝突軽減 レーダークルーズ 禁煙車 パワーシート シートヒーター ドラレコ コーナーセンサー スマートキー LEDヘッド ETC,129.9,115.8,"2017
(H29)","8.6
万km",2200CC,MT,Gifu,国产车,/usedcar/detail/AU7041291643/index.html,2026-06-21,2017,8.6,2200.0,Large (2001-3000cc),Mazda,Domestic
272,三菱,ミラージュ 1.2 G 禁煙車 純正SDナビ バックカメラ 衝突被害軽減システム ETC Bluetooth フルセグ スマートキー LEDヘッド クルーズコントロール 純正15インチアルミ 車線逸脱警報 オートエアコン,127.9,116.1,"2022
(R04)","1.9
万km",1200CC,CVT,Fukuoka,国产车,/usedcar/detail/AU6932458827/index.html,2026-06-21,2022,1.9,1200.0,Compact (<=1500cc),Mitsubishi,Domestic
273,ホンダ,N-WGN 660 G 4WD 社外ナビ AM FM CD BT 純正ETC,44.8,40.7,"2018
(H30)","11.5
万km",660CC,CVT,Aomori,国产车,/usedcar/detail/AU7082892224/index.html,2026-06-21,2018,11.5,660.0,K-car (<=660cc),Honda,Domestic
274,スズキ,ハスラー 660 G SDナビ 衝突被害軽減システム 禁煙車,39.9,32.2,"2015
(H27)","11.3
万km",660CC,CVT,Hiroshima,国产车,/usedcar/detail/AU7048938969/index.html,2026-06-21,2015,11.3,660.0,K-car (<=660cc),Suzuki,Domestic
275,トヨタ,ピクシスジョイ F 660 G SAIII プライムコレクション ナビ・バックカメラ・コーナーセンサー・ETC・キーレス・ワンオーナー,94.2,88.0,"2020
(R02)","1.8
万km",660CC,CVT,Fukuoka,国产车,/usedcar/detail/AU6901807358/index.html,2026-06-21,2020,1.8,660.0,K-car (<=660cc),Toyota,Domestic
276,日産,ノートオーラ 1.2 NISMO オーディオレス・アラウンドビューモニター・,209.6,199.4,"2022
(R04)","1.5
万km",1200CC,AT,Fukui,国产车,/usedcar/detail/AU7084646762/index.html,2026-06-21,2022,1.5,1200.0,Compact (<=1500cc),Nissan,Domestic
277,日産,ノート 1.2 S ETC クリアランスソナー 衝突被害軽減システム オートマチックハイビーム オートライト スマートキー アイドリングストップ 電動格納ミラー CVT 盗難防止システム 衝突安全ボディ ABS ESC,116.9,103.8,"2021
(R03)","4.6
万km",1200CC,AT,Kyoto,国产车,/usedcar/detail/AU6709978412/index.html,2026-06-21,2021,4.6,1200.0,Compact (<=1500cc),Nissan,Domestic
278,マツダ,デミオ 1.3 13C 純正ナビ スマートキー ステアリングスイッチ LEDヘッド Bluetooth再生 フルセグ CD/DVD再生 アイドリングストップ 横滑り防止装置 純正15インチホイール エアコン 禁煙車,51.9,39.3,"2016
(H28)","11.9
万km",1300CC,MT,Miyagi,国产车,/usedcar/detail/AU6989035077/index.html,2026-06-21,2016,11.9,1300.0,Compact (<=1500cc),Mazda,Domestic
279,ダイハツ,ウェイク 660 L リミテッド SAIII スマートアシスト3(衝突軽減ブレーキ/車線逸脱警報/誤発進抑制/ATハイビーム)/パノラマモニター/両側電動スライド/純正ナビ/DVD再生/地デジTV/Bluetooth/後席モニター/ETC/スマートキー,99.2,89.9,"2018
(H30)","1
万km",660CC,CVT,Saitama,国产车,/usedcar/detail/AU6796601140/index.html,2026-06-21,2018,1.0,660.0,K-car (<=660cc),Daihatsu,Domestic
280,トヨタ,カローラスポーツ 1.8 ハイブリッド G X 純正ナビ バックカメラ 禁煙車 セーフティセンス レーダークルーズ ブラインドスポットモニター シートヒーター ドラレコ ETC Bluetooth再生 LEDヘッド スマートキー オートエアコン/ライト,130.9,118.2,"2018
(H30)","7.4
万km",1800CC,CVT,Oita,国产车,/usedcar/detail/AU7038536359/index.html,2026-06-21,2018,7.4,1800.0,Mid-size (1501-2000cc),Toyota,Domestic
281,ダイハツ,ウェイク 660 Gターボ SAII 後期 純正8型ナビ バックカメラ 両側パワスラ スマートアシスト ドラレコ ETC LEDヘッドライト スマートキー アイドリングストップ Bluetooth,69.9,59.2,"2017
(H29)","9.5
万km",660CC,CVT,Yamaguchi,国产车,/usedcar/detail/AU7079308765/index.html,2026-06-21,2017,9.5,660.0,K-car (<=660cc),Daihatsu,Domestic
282,レクサス,RC 300h Fスポーツ ワンオーナー 専用革スポーツシート シートヒーター シートエアコン ステアリングヒーター セーフティシステムプラス クリアランスソナー BSM Bluetooth バックカメラ 禁煙車 フルセグ DVD ナビ,478.0,468.0,"2022
(R04)","1
万km",2500CC,MT,Kyoto,国产车,/usedcar/detail/AU6884271167/index.html,2026-06-21,2022,1.0,2500.0,Large (2001-3000cc),Lexus,Domestic
283,トヨタ,カローラフィールダー 1.5 ハイブリッド EX 純正ナビ 衝突軽減 ドラレコ コーナーセンサー スマートキー LEDヘッド ビルトインETC クルコン オートハイビーム オートライト オートエアコン Bluetooth,152.9,140.6,"2021
(R03)","3.9
万km",1500CC,CVT,Saitama,国产车,/usedcar/detail/AU7061105492/index.html,2026-06-21,2021,3.9,1500.0,Compact (<=1500cc),Toyota,Domestic
284,トヨタ,パッソ 1.0 X クツロギ SDナビ CD/DVD再生 ETC スマートキー 電動格納ミラー 運転席&助手席エアバッグ パワーウィンドウ パワーステアリング 禁煙車,42.9,31.4,"2013
(H25)","3.2
万km",1000CC,CVT,Gunma,国产车,/usedcar/detail/AU7064125560/index.html,2026-06-21,2013,3.2,1000.0,Compact (<=1500cc),Toyota,Domestic
285,トヨタ,ヴィッツ 1.3 F 4WD SDナビ バックカメラ 寒冷地仕様 禁煙車 ドライブレコーダー スマートキー ETC Bluetooth CD DVD再生 フルセグ,72.9,60.9,"2017
(H29)","10.4
万km",1300CC,CVT,Hokkaido,国产车,/usedcar/detail/AU7055097552/index.html,2026-06-21,2017,10.4,1300.0,Compact (<=1500cc),Toyota,Domestic
286,ホンダ,N-BOX カスタム 660 届出済未使用車 電動スライドドア 衝突軽減装置 アダプティブクルーズ 前席シートヒーター コーナーセンサー スマートキー LEDヘッドライト オートマチックハイビーム 車線逸脱警報 オートライト,172.9,163.1,"2026
(R08)","10
km",660CC,CVT,Okayama,国产车,/usedcar/detail/AU7099288922/index.html,2026-06-21,2026,0.001,660.0,K-car (<=660cc),Honda,Domestic
287,レクサス,NX 350h サンルーフ 純正14型ナビ 全周囲カメラ レーダークルーズ 禁煙車 電動リアゲート 黒革 前席シートエアコン コーナーセンサー スマートキー LEDヘッド ETC2.0,497.9,484.0,"2024
(R06)","3.7
万km",2500CC,MT,Tochigi,国产车,/usedcar/detail/AU7085614793/index.html,2026-06-21,2024,3.7,2500.0,Large (2001-3000cc),Lexus,Domestic
288,マツダ,デミオ 1.5 XD ツーリング ディーゼルターボ 4WD バックカメラ ETC ドライブレコーダー,55.9,49.6,"2014
(H26)","10.2
万km",1500CC,MT,Hokkaido,国产车,/usedcar/detail/AU7044418266/index.html,2026-06-21,2014,10.2,1500.0,Compact (<=1500cc),Mazda,Domestic
289,ダイハツ,ミライース 660 X メモリアルエディション 禁煙車 特別仕様車 純正14インチアルミホイール アイドリングストップ リモコンキー CD再生 エアコン ドアバイザー プライバシーガラス 衝突安全ボディ,41.5,30.9,"2013
(H25)","3.8
万km",660CC,CVT,Oita,国产车,/usedcar/detail/AU7093618283/index.html,2026-06-21,2013,3.8,660.0,K-car (<=660cc),Daihatsu,Domestic
290,ホンダ,N-BOX 660 純正8型ナビ バックカメラ 衝突被害軽減システム レーダークルーズ 電動スライドドア 禁煙車 コーナーセンサー スマートキー LEDヘッド オートライト オートエアコン Bluetooth フルセグ,139.9,131.0,"2025
(R07)","0.7
万km",660CC,CVT,Ibaraki,国产车,/usedcar/detail/AU6919015439/index.html,2026-06-21,2025,0.7,660.0,K-car (<=660cc),Honda,Domestic
291,トヨタ,ヤリス 1.5 ハイブリッド G 8型ディスプレイオーディオ 全周囲カメラ 衝突被害軽減システム レーダークルーズ 禁煙車 ドラレコ コーナーセンサー スマートキー LEDヘッド ETC2.0 オートハイビーム 車線逸脱警報,154.9,142.8,"2021
(R03)","5
万km",1500CC,CVT,Ibaraki,国产车,/usedcar/detail/AU7057719195/index.html,2026-06-21,2021,5.0,1500.0,Compact (<=1500cc),Toyota,Domestic
292,スバル,エクシーガクロスオーバー7 2.5 i アイサイト 4WD 社外SDナビ フルセグTV/CD/DVD/Bluetooth バックカメラ ETC 純正ドライブレコーダー レーダークルーズコントロール シートヒーター 純正17インチアルミ,168.8,157.2,"2015
(H27)","2.9
万km",2500CC,MT,Iwate,国产车,/usedcar/detail/AU7040164311/index.html,2026-06-21,2015,2.9,2500.0,Large (2001-3000cc),Subaru,Domestic
293,ホンダ,フィット 1.5 e:HEV クロスター 純正インターナビ バックカメラ 前後ドラレコ SOSボタン 前後コーナーセンサー ETC アダプティブクルーズコントロール 電子パーキング Bluetooth フルセグTV USB接続端子 衝突被害軽減ブレーキ,167.2,159.0,"2021
(R03)","2.5
万km",1500CC,AT,Fukuoka,国产车,/usedcar/detail/AU7012750663/index.html,2026-06-21,2021,2.5,1500.0,Compact (<=1500cc),Honda,Domestic
294,日産,ノート 1.2 X 衝突軽減B 純正9インチナビ TV Bluetooth対応 アラウンドビューモニター LEDヘッドライト スマートキー プッシュスタート 電子パーキング ステアリングスイッチ 電動格納ミラー オートエアコン,139.9,129.1,"2021
(R03)","3.5
万km",1200CC,AT,Kyoto,国产车,/usedcar/detail/AU6922375954/index.html,2026-06-21,2021,3.5,1200.0,Compact (<=1500cc),Nissan,Domestic
295,ホンダ,フリード 1.5 G KENWOODナビ(Bluetooth/フルセグ/CD/DVD/USB)/両側電動スライドドア/ホンダセンシング/バックカメラ/LEDオートライト/シートヒーター/ETC/純正15インチアルミホイール/フロアマット/ドアバイザー/リアサンシェード,207.8,199.3,"2023
(R05)","2.4
万km",1500CC,CVT,Shizuoka,国产车,/usedcar/detail/AU7005770344/index.html,2026-06-21,2023,2.4,1500.0,Compact (<=1500cc),Honda,Domestic
296,トヨタ,アクア 1.5 S HVバッテリー1年保証付・車両品質評価書付・ナビ・プッシュスタート・バックカメラ・コーナーセンサー・DVD・CD・TV・ETC・オートライト・オートエアコン・スペアキー・電動格納ミラー・FM・AM,45.4,29.8,"2013
(H25)","5.3
万km",1500CC,CVT,Wakayama,国产车,/usedcar/detail/AU6746615506/index.html,2026-06-21,2013,5.3,1500.0,Compact (<=1500cc),Toyota,Domestic
297,ホンダ,フリード 1.5 G サイドリフトアップシート車 4WD サイドリフトアップシート 純正ナビTV,238.6,231.8,"2024
(R06)","1.2
万km",1500CC,CVT,Hokkaido,国产车,/usedcar/detail/AU7022935618/index.html,2026-06-21,2024,1.2,1500.0,Compact (<=1500cc),Honda,Domestic
298,ホンダ,N-BOX 660 G 禁煙車 レーダークルーズ ホンダセンシング 電動パーキングブレーキ LEDヘッド コーナーセンサー レーンキープ スマートキー オートライト オートエアコン 電動格納ミラー,114.9,107.2,"2022
(R04)","1.8
万km",660CC,CVT,Kochi,国产车,/usedcar/detail/AU6990035046/index.html,2026-06-21,2022,1.8,660.0,K-car (<=660cc),Honda,Domestic
299,トヨタ,アクア 1.5 L SDナビ バックカメラ 衝突被害軽減システム 禁煙車 ドラレコ ビルトインETC オートハイビーム 車線逸脱警報 オートライト オートエアコン Bluetooth CD DVD再生,114.9,98.5,"2021
(R03)","5.6
万km",1500CC,CVT,Ibaraki,国产车,/usedcar/detail/AU6972362162/index.html,2026-06-21,2021,5.6,1500.0,Compact (<=1500cc),Toyota,Domestic
300,トヨタ,ハリアー 2.0 G 4WD 寒冷地仕様 8型ディスプレイオーディオ パワーバックドア ブラインドスポットモニター レーダークルーズコントロール LEDヘッドライト バックカメラ 衝突軽減装置 デジタルインナーミラー,384.9,371.9,"2025
(R07)","0.7
万km",2000CC,MT,Hokkaido,国产车,/usedcar/detail/AU7083778612/index.html,2026-06-21,2025,0.7,2000.0,Mid-size (1501-2000cc),Toyota,Domestic
301,ジープ,コンパス Sモデル 4WD ヒッチメンバー装着車 カーナビ Bluetooth接続 アイドリングストップ ヒルディセントコントロール 障害物センサー パーキングアシスト レーンキープアシスト ブラインドスポットモニター バックカメラ,198.8,184.8,"2021
(R03)","6.7
万km",2400CC,MT,Saitama,进口车,/usedcar/detail/AU7085680096/index.html,2026-06-21,2021,6.7,2400.0,Large (2001-3000cc),Jeep,Import
302,,ＢＭＷ 2シリーズグランツアラー 218d ディーゼルターボ 純正IDrive　インテリジェンスセーフティ　Rカメラ　オートマチックテールゲートオペレーション　LEDヘッドライト　オートライト　レインセンサー　ドライブモード　Bluetooth　衝突警告,95.8,83.9,"2016
(H28)","5.2
万km",2000CC,MT,Okayama,进口车,/usedcar/detail/AU6988438625/index.html,2026-06-21,2016,5.2,2000.0,Mid-size (1501-2000cc),Unknown,Import
303,ミニ,ミニ ヴィクトリア 3ドア DCT ワンオーナー 純正ナビ Bluetooth 禁煙車 インテリジェントセーフティ コンフォートアクセス オートライト アイドリングストップ LEDヘッドライト ETC ユニオンジャックテールランプ スマートキー,169.8,162.9,"2020
(R02)","2.4
万km",1500CC,7AT,Tokyo,进口车,/usedcar/detail/AU7088564875/index.html,2026-06-21,2020,2.4,1500.0,Compact (<=1500cc),MINI,Import
304,ジープ,レネゲード リミテッド 4xe 4WD 認定中古車 プラグインハイブリッド オールシーズンタイヤ 17インチアルミホイール LEDライト AppleCarPlay 純正ナビ デジタルテレビ バックカメラ ETC2.0,364.0,348.0,"2024
(R06)","0.5
万km",1300CC,MT,Kanagawa,进口车,/usedcar/detail/AU7088900109/index.html,2026-06-21,2024,0.5,1300.0,Compact (<=1500cc),Jeep,Import
305,BMW,ＢＭＷ 5シリーズ M550i xドライブ 4WD 認定中古車　M スポーツ ブレーキ　アダプティブ M サスペンション　オートマチック トランク リッド ロック　コンフォートアクセス　ドライビング アシスタント プロフェッショナル　 Harman/Kardon サラウンド,748.7,728.0,"2023
(R05)","1.7
万km",4400CC,MT,Kanagawa,进口车,/usedcar/detail/AU7049853797/index.html,2026-06-21,2023,1.7,4400.0,Luxury (3001cc+),BMW,Import
306,ボルボ,V60 D4 SE ディーゼルターボ 2年保証付 ワンオーナー ソフトベージュ本革シート パワーシート シートヒーター ナビゲーション リアビューカメラ ETC ドライブレコーダー 17インチアルミホイール ACC BLIS 禁煙車,135.1,114.8,"2016
(H28)","4
万km",2000CC,MT,Aichi,进口车,/usedcar/detail/AU7050191899/index.html,2026-06-21,2016,4.0,2000.0,Mid-size (1501-2000cc),Volvo,Import
307,フィアット,500X コンフォート ApppleCarPlay レーダークルーズコントロール バックカメラ 前席シートヒーター 前後クリアランスソナー ブラインドスポットアシスト デュアルオートエアコン 禁煙,189.9,176.4,"2022
(R04)","2.1
万km",1300CC,6AT,Aichi,进口车,/usedcar/detail/AU7013514883/index.html,2026-06-21,2022,2.1,1300.0,Compact (<=1500cc),Fiat,Import
308,ミニ,ミニ クーパーD 5ドア DCT ユニオンジャックテールランプ インテリジェントセーフティ 純正ナビ Bluetooth バックカメラ コーナーセンサー LEDヘッドライト オートライト オートワイパー 社外デジタルインナーミラー,197.8,190.0,"2020
(R02)","4.4
万km",1500CC,MT,Oita,进口车,/usedcar/detail/AU7036963527/index.html,2026-06-21,2020,4.4,1500.0,Compact (<=1500cc),MINI,Import
309,メルセデス・ベンツ,Bクラス B200d ディーゼルターボ レーダーセーフティパッケージ シートヒーター パワーバックドア パワーシート ハーフレザーシート LEDヘッドライト 純正ナビ 純正OPドラレコ バックカメラ ACC BSM レーンキープ ETC Bluetooth ワイヤレス充電,239.8,231.2,"2021
(R03)","2
万km",1900CC,8AT,Tokyo,进口车,/usedcar/detail/AU7033907531/index.html,2026-06-21,2021,2.0,1900.0,Mid-size (1501-2000cc),Mercedes-Benz,Import
310,アウディ,TT クーペ 2.0 TFSI クワトロ 4WD バーチャルコックピット Audiサイドアシスト クルーズコントロール パドルシフト MMIナビ バックカメラ ビルトインETC ステアリングスイッチ 前席パワーシート 前席ドライブレコーダー アドバンストキー,208.8,201.7,"2017
(H29)","4.9
万km",2000CC,6AT,Nagano,进口车,/usedcar/detail/AU7055203854/index.html,2026-06-21,2017,4.9,2000.0,Mid-size (1501-2000cc),Audi,Import
311,ミニ,ミニクロスオーバー クーパー D,234.9,220.9,"2020
(R02)","2.5
万km",2000CC,MT,Osaka,进口车,/usedcar/detail/AU7091865507/index.html,2026-06-21,2020,2.5,2000.0,Mid-size (1501-2000cc),MINI,Import
312,,ＢＭＷ 2シリーズグランクーペ 218d プレイ ディーゼルターボ 認定中古　純正ナビ　アダプティブクルーズコントロール　アップルカープレイ　インテリジェントセーフティ　バックカメラ　LED,239.8,225.0,"2022
(R04)","2.2
万km",2000CC,MT,Aichi,进口车,/usedcar/detail/AU7034903099/index.html,2026-06-21,2022,2.2,2000.0,Mid-size (1501-2000cc),Unknown,Import
313,ジープ,チェロキー リミテッド 4WD アダプティブクルーズコントロール 黒革シート シートヒーター パワーシート 電動リアゲート バックカメラ クリアランスソナー スマートキー HIDヘッドランプ 純正ナビ Bluetooth,179.9,158.2,"2017
(H29)","2.6
万km",3200CC,MT,Hokkaido,进口车,/usedcar/detail/AU7049856504/index.html,2026-06-21,2017,2.6,3200.0,Luxury (3001cc+),Jeep,Import
314,プジョー,208 アリュール 純正ナビ クルコン ドラレコ バックカメラ,139.8,133.1,"2021
(R03)","3.6
万km",1200CC,MT,Shizuoka,进口车,/usedcar/detail/AU7064472382/index.html,2026-06-21,2021,3.6,1200.0,Compact (<=1500cc),Peugeot,Import
315,,ルノー トゥインゴ GT LEDヘッドライト　ワンオーナー　ハーフレザー　シートヒーター　クルーズコントロール　パーキングソナー　盗難防止システム　プライバシーガラス　オートライト　純正17インチAW　ETC　禁煙車,154.9,141.7,"2018
(H30)","1.3
万km",900CC,MT,Chiba,进口车,/usedcar/detail/AU7016751402/index.html,2026-06-21,2018,1.3,900.0,Compact (<=1500cc),Unknown,Import
316,プジョー,3008 クロスシティ 特別限定車 アンビエントライト ハーフレザー シートヒーター メモリー付きパワーシート 純正ディスプレイオーディオ ACC レーンキープアシスト ブラインドスポットモニタ ヒルディセントコントロール LED ドラレコ,159.8,151.3,"2019
(H31)","4.3
万km",1600CC,MT,Shizuoka,进口车,/usedcar/detail/AU7065079956/index.html,2026-06-21,2019,4.3,1600.0,Mid-size (1501-2000cc),Peugeot,Import
317,プジョー,208 アリュール 純正ディスプレイオーディオ car play ワイヤレスデバイスチャージャ― 360°バックカメラ ドライブレコーダー前後 LEDヘッドライト ステアリモコン プッシュスタート ETC,149.8,139.8,"2021
(R03)","2.1
万km",1200CC,MT,Aichi,进口车,/usedcar/detail/AU6907816200/index.html,2026-06-21,2021,2.1,1200.0,Compact (<=1500cc),Peugeot,Import
318,メルセデス・ベンツ,Aクラス A180 スタイル レーダーセーフティ ACC 純正ナビ TV バックカメラ applecarplay 純正16インチAW LEDヘッドライト クリアランスソナー ブラインドスポット スマートキー ハーフ革 Dメモリ付きパワーシート シートヒーター,124.8,117.3,"2017
(H29)","2.6
万km",1600CC,MT,Osaka,进口车,/usedcar/detail/AU7066966671/index.html,2026-06-21,2017,2.6,1600.0,Mid-size (1501-2000cc),Mercedes-Benz,Import
319,フォルクスワーゲン,パサート TDI ハイライン ディーゼルターボ 黒革 ACC/BSM テクロノジーPKG デジタルメータークラスター 純正ナビ/TV Bluetooth アンビエントライト 前席パワーシート 前席シートヒーター イージーオープン 純正18インチAW,189.8,182.2,"2018
(H30)","6.5
万km",2000CC,MT,Fukuoka,进口车,/usedcar/detail/AU6915725589/index.html,2026-06-21,2018,6.5,2000.0,Mid-size (1501-2000cc),VW,Import
320,ミニ,ミニクラブマン クーパー S オール4 4WD 認定中古車・Bluetooth接続・純正ナビ・バックカメラ・ユニオンジャックテールランプ・車線逸脱警告・オートワイパー・追従機能・オットマン,264.8,245.0,"2021
(R03)","1.3
万km",2000CC,MT,Aichi,进口车,/usedcar/detail/AU7007684727/index.html,2026-06-21,2021,1.3,2000.0,Mid-size (1501-2000cc),MINI,Import
321,フィアット,パンダ イージー シティブレーキコントロール(衝突被害軽減ブレーキ) レザーステアリングホイール 純正ドライブレコーダー terzoキャリア FM/AM/USBオーディオ ヒーテッドドアミラー キーレスエントリー,124.8,115.7,"2021
(R03)","2
万km",900CC,MT,Shiga,进口车,/usedcar/detail/AU6929082497/index.html,2026-06-21,2021,2.0,900.0,Compact (<=1500cc),Fiat,Import
322,ミニ,ミニクラブマン クーパー D ワンオーナー アダブティブクルーズコントロール レーンキープアシスト 純正ナビ バックカメラ インテリS ハーフレザー LEDヘッドライト 純正17インチAW ドライブレコーダー 2.0ETC パークディスタンス,206.8,199.8,"2021
(R03)","6.1
万km",2000CC,MT,Shizuoka,进口车,/usedcar/detail/AU7026059599/index.html,2026-06-21,2021,6.1,2000.0,Mid-size (1501-2000cc),MINI,Import
323,ボルボ,V60 プラス B4 デニムブルーメタリック/ドラレコ/ETC,316.7,299.9,"2023
(R05)","3.2
万km",2000CC,MT,Kanagawa,进口车,/usedcar/detail/AU7017763903/index.html,2026-06-21,2023,3.2,2000.0,Mid-size (1501-2000cc),Volvo,Import
324,,ルノー カングー リミテッド ディーゼル MT 6速MT/社外SDナビ(avic-rz811)/Bluetooth・フルセグTV・DVD・CD・SD・FM・AM/コーナーセンサー/純正フロアマット/ルーフレール/ETC/スライドドア/フォグランプ,299.8,292.3,"2021
(R03)","3.7
万km",1500CC,6MT,Tokyo,进口车,/usedcar/detail/AU7079975619/index.html,2026-06-21,2021,3.7,1500.0,Compact (<=1500cc),Unknown,Import
325,アウディ,A1スポーツバック 25 TFSI アドバンスト コンビニエンス&アシスタンスパッケージ ナビゲーションパッケージ スマートフォンインターフェイス ワイヤレスチャージング アダプティブクルーズコントロール 認定中古車,290.9,274.7,"2025
(R07)","0.1
万km",1000CC,MT,Tokyo,进口车,/usedcar/detail/AU7058631156/index.html,2026-06-21,2025,0.1,1000.0,Compact (<=1500cc),Audi,Import
326,,ルノー ルーテシア インテンス テックパック 黒革シート シートヒーター 7インチマルチメディア 360度カメラ Bluetooth アクティブクルーズコントロール BOSEサウンド レーンキープアシスト ブラインドスポット LEDヘッドライト 純正18インチアルミ ETC,129.8,123.0,"2020
(R02)","5.2
万km",1300CC,MT,Kumamoto,进口车,/usedcar/detail/AU7034390211/index.html,2026-06-21,2020,5.2,1300.0,Compact (<=1500cc),Unknown,Import
327,,ＢＭＷ 1シリーズ 118d スポーツ パーキングサポート/コンフォートpkg クルーズコントロール インテリジェントセーフティ 純正ナビ バックカメラ スポーツシート LEDフォグ/ヘッドランプ 純正16インチAW ミラー内蔵ETC,134.9,120.3,"2016
(H28)","2.4
万km",2000CC,MT,Saitama,进口车,/usedcar/detail/AU6993858957/index.html,2026-06-21,2016,2.4,2000.0,Mid-size (1501-2000cc),Unknown,Import
328,フォルクスワーゲン,ゴルフヴァリアント TDI スタイル ディーゼルターボ テクノロジーPKG ヘッドアップディスプレイ 純正ナビ バックカメラ シートヒーター デジタルメーター LEDヘッドライト オートライト フルセグTV パドルシフト レーンアシスト BSM ETC,237.8,227.2,"2023
(R05)","1.6
万km",2000CC,MT,Chiba,进口车,/usedcar/detail/AU7065076626/index.html,2026-06-21,2023,1.6,2000.0,Mid-size (1501-2000cc),VW,Import
329,ミニ,ミニクラブマン クーパー S オール4 プレミアムプラスパッケージ 4WD 認定中古車・Bluetooth接続・純正ナビ・バックカメラ・ユニオンジャックテールランプ・車線逸脱警告・オートワイパー・追従機能・オットマン・アップルカープレイ搭載,394.5,375.0,"2024
(R06)","1.7
万km",2000CC,MT,Aichi,进口车,/usedcar/detail/AU7005776310/index.html,2026-06-21,2024,1.7,2000.0,Mid-size (1501-2000cc),MINI,Import
330,フィアット,500X ポップスター プラス Dオーディオ Bカメラ ACC LKA BSM PDC(リヤ) 黒革シート 8ウェイパワーシート/シートヒーター(フロント) 衝突被害・軽減ブレーキ AppleCarPlay/androidauto 純正18インチAW レザーステアリングホイール ETC2.0,126.8,119.8,"2018
(H30)","2.5
万km",1400CC,MT,Shizuoka,进口车,/usedcar/detail/AU7045242801/index.html,2026-06-21,2018,2.5,1400.0,Compact (<=1500cc),Fiat,Import
331,ミニ,ミニ クーパーSD 3ドア 純正ナビ バックカメラ 追従型クルーズコントロール 前後コーナーセンサー 前後ドライブレコーダー 衝突軽減システム オートライト ステアリングスイッチ MTモード付AT スマートキー アイドリングストップ,185.8,178.0,"2021
(R03)","4.2
万km",2000CC,8AT,Shiga,进口车,/usedcar/detail/AU6888253684/index.html,2026-06-21,2021,4.2,2000.0,Mid-size (1501-2000cc),MINI,Import
332,プジョー,5008 GT メタリック・コッパー/ドラレコ/ETC,306.4,289.9,"2022
(R04)","2.3
万km",1600CC,MT,Kanagawa,进口车,/usedcar/detail/AU6954769852/index.html,2026-06-21,2022,2.3,1600.0,Mid-size (1501-2000cc),Peugeot,Import
333,ミニ,ミニクラブマン ジョン・クーパー・ワークス 4WD 純正ディスプレイオーディオ Apple Car Play ハーマンカードン コンフォートアクセス バックカメラ LEDヘッドライト ACC Bluetooth 4WD ETC2.0 禁煙車 インテリジェントセーフティ ドライビングモード ミラーETC,389.8,378.5,"2023
(R05)","3.5
万km",2000CC,MT,Tokyo,进口车,/usedcar/detail/AU6956436288/index.html,2026-06-21,2023,3.5,2000.0,Mid-size (1501-2000cc),MINI,Import
334,メルセデス・ベンツ,Bクラス B180 レーダーセーフティパッケージ ベーシックパッケージ AppleCarPlay 純正ナビ バックカメラ ETC車載器 前席シートヒーター 運転席パワーシート LEDヘッドライト コーナーセンサー 禁煙車,99.9,85.6,"2017
(H29)","3.7
万km",1600CC,MT,Aichi,进口车,/usedcar/detail/AU7010491084/index.html,2026-06-21,2017,3.7,1600.0,Mid-size (1501-2000cc),Mercedes-Benz,Import
335,メルセデス・ベンツ,CLAシューティングブレーク CLA200d ディーゼルターボ MP202202 1オーナー車/ACC/BSM/レーンキープ/シートヒーター/パワーシート/シートメモリー/電動トランク/フルセグ/レーダークルコン/ブラインドスポット/レーンキープアシスト/レーンチェンジアシスト/パーキングアシスト,286.8,277.9,"2022
(R04)","4.3
万km",2000CC,MT,Aichi,进口车,/usedcar/detail/AU7069999873/index.html,2026-06-21,2022,4.3,2000.0,Mid-size (1501-2000cc),Mercedes-Benz,Import
336,ミニ,ミニ クーパーS 5ドア DCT ワンオーナー 純正ナビ バックカメラ ACC コーナーセンサー コンフォートアクセス ユニオンジャックテール 純正18インチアルミホイール LEDヘッドライト ドライブレコーダー ミラー一体型ETC Aストップ!,218.8,211.2,"2020
(R02)","4.4
万km",2000CC,MT,Saitama,进口车,/usedcar/detail/AU7036574051/index.html,2026-06-21,2020,4.4,2000.0,Mid-size (1501-2000cc),MINI,Import
337,ミニ,ミニクラブマン クーパー S プレミアムプラスパッケージ DCT 認定中古車/クラブマン/エニグマティックブラック/禁煙車/アダプティブクルーズコントロール/衝突軽減ブレーキ/純正ナビゲーション/純正バックカメラ/コンフォートアクセス/シートヒーター/オットマン,371.1,355.0,"2024
(R06)","1.8
万km",2000CC,MT,Aichi,进口车,/usedcar/detail/AU7007537390/index.html,2026-06-21,2024,1.8,2000.0,Mid-size (1501-2000cc),MINI,Import
338,メルセデス・ベンツ,CLAクラス CLA250 衝突被害軽減ブレーキ 純正ナビ フルセグTV バックカメラ HIDヘッドライト ETC スマートキー プッシュスタート ハーフレザーシート パワーシート ブラインドスポットモニター,160.0,148.4,"2016
(H28)","2.9
万km",2000CC,MT,Hyogo,进口车,/usedcar/detail/AU7036898891/index.html,2026-06-21,2016,2.9,2000.0,Mid-size (1501-2000cc),Mercedes-Benz,Import
339,メルセデス・ベンツ,CLAシューティングブレーク CLA200d AMGライン ディーゼルターボ AMGレザーエクスクルーシブPKG パノラマSR アドバンスドPKG 赤黒革シート ACC HUD ナビ TV 360° 電動シート シートヒーター 電動リアゲート レーダーセーフティPKG ワンオーナー ドラレコ ETC,249.7,242.0,"2019
(R01)","5.4
万km",2000CC,MT,Chiba,进口车,/usedcar/detail/AU6977788797/index.html,2026-06-21,2019,5.4,2000.0,Mid-size (1501-2000cc),Mercedes-Benz,Import
340,,アルファ　ロメオ ジュリエッタ ヴェローチェ 1750 TBI ナビ TV バックカメラ クルコン 純正18インチAW HIDヘッドライト クリアランスソナー 黒革 パワーシート Dシートメモリ シートヒーター ブレンボ製レッドキャリパー パドルシフト ETC ドラレコ レーダー探知機,159.8,149.5,"2019
(R01)","5.6
万km",1750CC,MT,Osaka,进口车,/usedcar/detail/AU7015272435/index.html,2026-06-21,2019,5.6,1750.0,Mid-size (1501-2000cc),Unknown,Import
341,,ＢＭＷ 3シリーズ 320i プラスPKG　コンフォートPKG　全周囲カメラ　3ゾーンオートエアコン　APPLECARPLAY　ワイヤレスチャージング　アンビエントライト　ハイビームアシスト　アダプティブLEDライト　禁煙車,204.9,191.2,"2019
(R01)","5.5
万km",2000CC,MT,Osaka,进口车,/usedcar/detail/AU7064316967/index.html,2026-06-21,2019,5.5,2000.0,Mid-size (1501-2000cc),Unknown,Import
342,アウディ,A4アバント 35 TFSI アドバンスト OP18インチAW ラグジュアリーPKG マトリクスLED パーシャルレザー 全周囲カメラ スマホ連携 アンビエントライト ワイヤレスチャージ ACC レーンアシスト パークアシスト サイドアシスト,258.5,248.9,"2021
(R03)","3.8
万km",2000CC,MT,Kanagawa,进口车,/usedcar/detail/AU7093617912/index.html,2026-06-21,2021,3.8,2000.0,Mid-size (1501-2000cc),Audi,Import
343,,アルファ　ロメオ ジュリア 2.0 ターボ ヴェローチェ HarmanKardon ACC 純正ナビ TV バックカメラ applecarplay 純正19インチAW 赤革 パワーシート Dシートメモリ シートヒーター ステアリングヒーター ワイヤレス充電 BSM クリアランスソナー パドルシフト,349.8,338.0,"2021
(R03)","2.5
万km",2000CC,MT,Osaka,进口车,/usedcar/detail/AU6927431451/index.html,2026-06-21,2021,2.5,2000.0,Mid-size (1501-2000cc),Unknown,Import
344,,ＢＭＷ 2シリーズグランクーペ M235i xドライブ 4WD アドバンスドPKG 赤革 ライブコックピット ACC マグマレッドレザーシート 純正ナビ バックカメラ カープレイ アンビエントライト ヘッドアップディスプレイ 純正ドライブレコーダー LEDヘッドライト 純正18アルミ,322.8,311.4,"2022
(R04)","3.6
万km",2000CC,MT,Mie,进口车,/usedcar/detail/AU7057862623/index.html,2026-06-21,2022,3.6,2000.0,Mid-size (1501-2000cc),Unknown,Import
345,,ＢＭＷ 3シリーズ 318i 40th アニバーサリー エディション 40周年限定車!　17AW　車検R7/3月まで!　ワイヤレスチャージ　ACC　ブラックレザー,310.8,298.0,"2022
(R04)","1.7
万km",2000CC,MT,Nagano,进口车,/usedcar/detail/AU7018033014/index.html,2026-06-21,2022,1.7,2000.0,Mid-size (1501-2000cc),Unknown,Import
346,BMW,ＢＭＷ 3シリーズ 320i 認定中古車　コンフォートアクセス　 オートマチック トランク リッド ロック　電動シート調節 メモリー付　 シート ヒーター 運転席/助手席　 LED-ヘッドライト 拡張範囲付き,249.9,230.0,"2019
(H31)","1.5
万km",2000CC,MT,Kanagawa,进口车,/usedcar/detail/AU6987796720/index.html,2026-06-21,2019,1.5,2000.0,Mid-size (1501-2000cc),BMW,Import
347,ミニ,ミニ クーパーD 5ドア DCT ワンオーナー 純正ナビ Bカメ ペッパーPKG カメラ&パーキングアシストパッケージ Bluetooth インテリジェントセーフティ フロントリアPDC 前後ドラレコ コンフォートアクセス ETC バックカメラ LEDヘッドライト,174.8,167.2,"2021
(R03)","5.4
万km",1500CC,MT,Mie,进口车,/usedcar/detail/AU6961106308/index.html,2026-06-21,2021,5.4,1500.0,Compact (<=1500cc),MINI,Import
348,ジープ,グランドチェロキー リミテッド 4xe 4WD AppleCarPlay Bluetooth 純正ナビ フルセグ 360カメラ レザーシート シートヒーター&クーラー 前面衝突警報 アダプティブクルーズコントロール ALPINE製スピーカー 電動リアゲート 認定中古車保証,609.7,594.7,"2023
(R05)","100
km",2000CC,MT,Osaka,进口车,/usedcar/detail/AU6754784280/index.html,2026-06-21,2023,0.01,2000.0,Mid-size (1501-2000cc),Jeep,Import
349,アウディ,TT クーペ 45 TFSI クワトロ Sラインパッケージ 4WD 黒半革シート OP純正20インチAW バーチャルコックピット フルセグTV Apple Car Play 純正ナビ マトリクスLED シートヒーター パワーシート パーキングアシスト スマートキー,349.8,342.7,"2019
(R01)","5.8
万km",2000CC,MT,Saitama,进口车,/usedcar/detail/AU7084565693/index.html,2026-06-21,2019,5.8,2000.0,Mid-size (1501-2000cc),Audi,Import
350,フォルクスワーゲン,ゴルフヴァリアント TDI Rライン ディーゼルターボ 試乗車 新車保証継承付き認定中古車,424.5,410.0,"2025
(R07)","0.3
万km",1960CC,MT,Nara,进口车,/usedcar/detail/AU7091194629/index.html,2026-06-21,2025,0.3,1960.0,Mid-size (1501-2000cc),VW,Import
351,ボルボ,S60 リチャージ プラグイン ハイブリッド T6 AWD インスクリプション,349.0,328.0,"2022
(R04)","2.3
万km",2000CC,MT,Tokyo,进口车,/usedcar/detail/AU6973554211/index.html,2026-06-21,2022,2.3,2000.0,Mid-size (1501-2000cc),Volvo,Import
352,,ルノー カングー クレアティフ 7EDC ディーゼルターボ ACC/BSM　Applecarplay/AndoroidAuto　Bluetooth　バックソナー　　純正LEDヘッドライト　純正ディスプレイオーディオ　レーンキープアシスト　Bカメラ　ETC,289.8,278.9,"2024
(R06)","2
万km",1500CC,MT,Fukuoka,进口车,/usedcar/detail/AU7087340970/index.html,2026-06-21,2024,2.0,1500.0,Compact (<=1500cc),Unknown,Import
353,プジョー,308SW GT ブルーHDi ディーゼルターボ パノラマSR 純正ナビ AppleCarPlay 360°カメラ 半革 パワーシート シートヒーター ドライブレコーダー コーナーセンサー ワイヤレス充電 パワーバックドア 純正18インチアルミホイール LEDヘッドライト,325.8,315.8,"2023
(R05)","0.8
万km",1500CC,MT,Saitama,进口车,/usedcar/detail/AU6942774409/index.html,2026-06-21,2023,0.8,1500.0,Compact (<=1500cc),Peugeot,Import
354,アウディ,A3スポーツバック 2.0 TFSI クワトロ スポーツ 4WD ラグジュアリーPKGアシスタンスPKGコンビニエンスPKGAudiプレセンスサイドアシストレーンアシスト純正ナビバックカメラパーキングエイドバーチャルコクピットアドバンストキー黒革シート,186.8,176.3,"2017
(H29)","4.2
万km",2000CC,MT,Iwate,进口车,/usedcar/detail/AU7024025670/index.html,2026-06-21,2017,4.2,2000.0,Mid-size (1501-2000cc),Audi,Import
355,フィアット,500X グランビスタ 黒レザー サンルーフ アップルカープレイ 純正ディスプレイオーディオ バックカメラ アダプティブクルーズコントロール レーンキープアシスト ブラインドスポットモニタ フロント電動&トシートヒータ ETC,158.8,148.7,"2021
(R03)","5.1
万km",1300CC,MT,Hyogo,进口车,/usedcar/detail/AU6950161526/index.html,2026-06-21,2021,5.1,1300.0,Compact (<=1500cc),Fiat,Import
356,フィアット,500X クロス ブラウンレザーシート バックカメラ アップルカープレイ アンドロイドオート クルーズコントロール シートヒーター プッシュスタート ETC,139.8,124.3,"2019
(H31)","3.6
万km",1300CC,MT,Saitama,进口车,/usedcar/detail/AU7084557267/index.html,2026-06-21,2019,3.6,1300.0,Compact (<=1500cc),Fiat,Import
357,ミニ,ミニ ジョン・クーパー・ワークス 3ドア 正規ディーラー車/禁煙/1オナ/JCW専用スポーツシート/JCW専用レッドブレーキキャリパー/センターツインエキゾーストパイプ/JCWスポーツサスペンション/JCW専用リアスポイラー/8.8ナビ,272.8,265.2,"2020
(R02)","2.8
万km",2000CC,MT,Aichi,进口车,/usedcar/detail/AU6910984747/index.html,2026-06-21,2020,2.8,2000.0,Mid-size (1501-2000cc),MINI,Import
358,,ルノー トゥインゴ インテンス キャンバストップ 電動オープン クルコン LED 前後ドラレコ 純正オーディオ 純正15インチアルミホイール アイドリングストップ ETC車載器 BBluetooth接続  電動キャンバストップ クルーズコントロール 社外前後ドライブレコーダー,84.8,75.4,"2018
(H30)","3.9
万km",900CC,MT,Mie,进口车,/usedcar/detail/AU7022714909/index.html,2026-06-21,2018,3.9,900.0,Compact (<=1500cc),Unknown,Import
359,メルセデス・ベンツ,メルセデスＡＭＧ SLクラス SL 63 S E パフォーマンス 4WD MP202501 MP202402,1920.2,1900.0,"2026
(R08)","200
km",4000CC,MT,Tokyo,进口车,/usedcar/detail/AU7089068081/index.html,2026-06-21,2026,0.02,4000.0,Luxury (3001cc+),Mercedes-Benz,Import
360,ボルボ,V60 B4 モメンタム ナビ フルセグTV 全周囲カメラ 本革 純正AW 禁煙車 シートヒーター パワーテールゲート パイロットアシスト ドラレコ ETC ステアリングヒーター パワーシート LEDヘッドライト アクティブクルーズコントロール BSM,289.8,279.2,"2022
(R04)","3.6
万km",2000CC,7AT,Tokyo,进口车,/usedcar/detail/AU7087969445/index.html,2026-06-21,2022,3.6,2000.0,Mid-size (1501-2000cc),Volvo,Import
361,メルセデス・ベンツ,Gクラス G400d AMGライン ディーゼルターボ 4WD AMGライン ラグジュアリーパッケージ ガラススライディングルーフ レッドシートベルト アダプティブダンピングシステム Burmesterサラウンドサウンドシステム ピアノラッカーウッドインテリアトリム,1521.7,1498.0,"2021
(R03)","0.5
万km",3000CC,MT,Tokyo,进口车,/usedcar/detail/AU7093225901/index.html,2026-06-21,2021,0.5,3000.0,Large (2001-3000cc),Mercedes-Benz,Import
362,,ルノー メガーヌ インテンス ディスプレイオーディオ　バックカメラ　appleカープレイ対応　シートヒーター　アダクティブクルーズコントロール,191.0,173.8,"2022
(R04)","3
万km",1300CC,MT,Kanagawa,进口车,/usedcar/detail/AU6849746271/index.html,2026-06-21,2022,3.0,1300.0,Compact (<=1500cc),Unknown,Import
363,ミニ,ミニクロスオーバー クーパー D 純正ナビ Bluetooth接続 バックカメラ ACC アンビエントライト シートヒーター パワーバックドア ETC オートライト 社外(EuroBahn)ホイール,169.8,161.8,"2018
(H30)","3.9
万km",2000CC,MT,Fukuoka,进口车,/usedcar/detail/AU6879491528/index.html,2026-06-21,2018,3.9,2000.0,Mid-size (1501-2000cc),MINI,Import
364,プジョー,308SW GT ブルーHDi ディーゼルターボ ワンオーナー 純正ナビ ETC サンルーフ アクティブセーフティーブレーキ アクティブクルーズコントロール ブラインドスポットモニター レーンアシスト クリアランスソナー 電動シート シートヒーター,330.8,310.0,"2024
(R06)","2.2
万km",1500CC,MT,Osaka,进口车,/usedcar/detail/AU7007691663/index.html,2026-06-21,2024,2.2,1500.0,Compact (<=1500cc),Peugeot,Import
365,ミニ,ミニ クーパーD 3ドア DCT 純正HDDナビ コーナーセンサーバックカメラ ユニオンジャックテールランプ インテリジェントセーフティー ETC デユアルエアコン フォグランプ 15インチアルミホイール アクティブクルーズコントロール,249.8,229.8,"2020
(R02)","3.6
万km",1500CC,MT,Yamaguchi,进口车,/usedcar/detail/AU6987948711/index.html,2026-06-21,2020,3.6,1500.0,Compact (<=1500cc),MINI,Import
366,BMW,ＢＭＷ Z4 M40i 黒レザーシート　harman/kardon フルセグTV　シートヒーター　タッチパネルHDDナビ　アダクティブサスペンション　アクティブクルーズコントロール　ヘッドアップディスプレイ　パドルシフト シートヒーター,567.0,542.0,"2019
(R01)","1.9
万km",3000CC,MT,Hyogo,进口车,/usedcar/detail/AU7086549075/index.html,2026-06-21,2019,1.9,3000.0,Large (2001-3000cc),BMW,Import
367,メルセデス・ベンツ,Eクラス E350 e スポーツ エディション スター MP202501 プラグインハイブリット/360°カメラ/メモリー付き電動パワーシート/シートヒーター/ETC2.0/アンビエントライト64色/オートハイビーム/アダプティブクルーズコントロール/ワイヤレスチャージング/禁煙車,753.9,738.0,"2025
(R07)","0.6
万km",2000CC,MT,Kanagawa,进口车,/usedcar/detail/AU7046892783/index.html,2026-06-21,2025,0.6,2000.0,Mid-size (1501-2000cc),Mercedes-Benz,Import
368,メルセデス・ベンツ,Bクラス B180 スポーツ レーダーセーフティパッケージ ベーシックパッケージプラス 後期型 純正ナビ フルセグ バックカメラ シートヒーター アダプティブクルコン キーレスゴー LEDヘッドライト ETC Bluetooth,85.9,71.4,"2016
(H28)","6.2
万km",1600CC,MT,Aichi,进口车,/usedcar/detail/AU6970742717/index.html,2026-06-21,2016,6.2,1600.0,Mid-size (1501-2000cc),Mercedes-Benz,Import
369,アウディ,A6アバント 40 TDI クワトロ スポーツ Sラインパッケージ ディーゼルターボ 4WD テクノロジーPKG ブラックスタイリングPKG HDマトリクスLEDヘッドライト 19インチAW 全席シートヒーター パークアシスト 全周囲カメラ サイドアシスト アンビエントライト,466.2,448.9,"2022
(R04)","2
万km",2000CC,MT,Kanagawa,进口车,/usedcar/detail/AU7077053281/index.html,2026-06-21,2022,2.0,2000.0,Mid-size (1501-2000cc),Audi,Import
370,フォルクスワーゲン,T-Roc R 4WD レザーシート 四輪駆動 ラピスブルー,394.1,378.0,"2025
(R07)","1
万km",1980CC,MT,Kyoto,进口车,/usedcar/detail/AU7034542582/index.html,2026-06-21,2025,1.0,1980.0,Mid-size (1501-2000cc),VW,Import
371,フォルクスワーゲン,ザ・ビートル デザイン スマートキー プッシュスタート ナビ フルセグTV バックカメラ ETC キセノンライト オートライト リヤバックソナー ドライブレコーダー クルーズコントロール,126.8,120.0,"2016
(H28)","4.2
万km",1200CC,MT,Ishikawa,进口车,/usedcar/detail/AU6919493212/index.html,2026-06-21,2016,4.2,1200.0,Compact (<=1500cc),VW,Import
372,,ＢＭＷ 3シリーズツーリング 320d xドライブ Mスポーツ ディーゼルターボ 4WD ハイラインPKG　コンフォートPKG　純ナビ　AppleCarPlay　360°カメラ　HUD　黒革　パワーシート　シートHI　パワーバックドア　純正18インチAW　LEDヘッドライト　PDC　ミラー一体型ETC　ドラレコ　ワイヤレス充電!,424.8,413.6,"2023
(R05)","2.1
万km",2000CC,MT,Saitama,进口车,/usedcar/detail/AU7095310550/index.html,2026-06-21,2023,2.1,2000.0,Mid-size (1501-2000cc),Unknown,Import
373,,ＢＭＷ 2シリーズグランツアラー 218d ラグジュアリー ディーゼルターボ インテリジェントセーフティ　レザーシート　シートヒーター　リアカメラ　社外地デジチューナー　レインセンサー　衝突警告　歩行者警告　車線逸脱警告　パワーシート　Bluetooth　オートライト,150.8,139.2,"2019
(R01)","6.2
万km",2000CC,MT,Okayama,进口车,/usedcar/detail/AU6950826333/index.html,2026-06-21,2019,6.2,2000.0,Mid-size (1501-2000cc),Unknown,Import
374,フィアット,500C ツインエアー ラウンジ KENWOOD製ナビ レッドソフトトップ HIDヘッド パーキングセンサー オートエアコン 純正16インチアルミ ヘッドライトウォッシャー ETC 禁煙車,143.9,130.8,"2018
(H30)","4.3
万km",900CC,MT,Chiba,进口车,/usedcar/detail/AU7034540466/index.html,2026-06-21,2018,4.3,900.0,Compact (<=1500cc),Fiat,Import
375,プジョー,SUV 2008 アリュール ワンオーナー 禁煙車 純正ナビ フルセグTV バックカメラ 衝突被害軽減ブレーキ アクティブクルーズコントロール AppleCarplay レーンキープアシスト LEDヘッドライト ブラインドスポットモニター,179.8,170.5,"2021
(R03)","2.5
万km",1200CC,8AT,Tokyo,进口车,/usedcar/detail/AU7063773618/index.html,2026-06-21,2021,2.5,1200.0,Compact (<=1500cc),Peugeot,Import
376,ボルボ,XC60 B5 AWD インスクリプション 4WD Bowers & Wilkinsオーディオ エアサス シートエアコン ハンドルヒーター アダクティブクルーズコントロール 衝突軽減ブレーキ レーンキープアシスト ブラインドスポットモニター 電動テールゲート,358.8,341.5,"2021
(R03)","4.5
万km",2000CC,MT,Saitama,进口车,/usedcar/detail/AU6879493948/index.html,2026-06-21,2021,4.5,2000.0,Mid-size (1501-2000cc),Volvo,Import
377,フィアット,500(チンクエチェント) 1.2 ポップ 純正ドライブレコーダー 純正アルミホイール14インチ 社外ナビ フルセグTV DVD再生機能 Bluetooth AUX 横滑り防止装置 禁煙車,79.8,70.6,"2016
(H28)","5.2
万km",1200CC,MT,Nagano,进口车,/usedcar/detail/AU7026065873/index.html,2026-06-21,2016,5.2,1200.0,Compact (<=1500cc),Fiat,Import
378,メルセデス・ベンツ,GLAクラス GLA220 4マチック 4WD サンフール ハーマンカードンスピーカー アダクティブクルーズコントロール ブラインドスポットモニター レーンキープアシスト 衝突軽減ブレーキ 電動テールゲート LEDヘッドライト 本革シート,169.8,156.7,"2019
(H31)","5.3
万km",2000CC,MT,Saitama,进口车,/usedcar/detail/AU7082886757/index.html,2026-06-21,2019,5.3,2000.0,Mid-size (1501-2000cc),Mercedes-Benz,Import
379,,ＢＭＷ 1シリーズ M135i xドライブ 4WD ACC LDW iDriveナビ TV バックカメラ Mスポーツシート 黒革 シートヒーター パワーシート LEDヘッドライト コンフォートアクセス パワーバックドア 18インチAW 液晶メーター ワイヤレスチャージング ETC ドラレコ,265.8,254.2,"2021
(R03)","5.3
万km",2000CC,MT,Miyagi,进口车,/usedcar/detail/AU6919178406/index.html,2026-06-21,2021,5.3,2000.0,Mid-size (1501-2000cc),Unknown,Import
380,ミニ,ミニ クーパーS 3ドア DCT ボディーカラルーフ&ブラックミラーキャップ ステアリングホイールヒーター ベスキンクロスコンビネーションシート Apple CarPlay ヘッドアップディスプレイ アダプティブLEDヘッドライト 360度カメラ,299.8,292.7,"2024
(R06)","2.7
万km",2000CC,7AT,Niigata,进口车,/usedcar/detail/AU6963387915/index.html,2026-06-21,2024,2.7,2000.0,Mid-size (1501-2000cc),MINI,Import
381,プジョー,5008 GT ブルーHDi ディーゼルターボ パノラマガラスサンルーフ純正OPナビフルセグTVBluetoothCarplay対応ディスプレイオーディオ運転席メモリーパワーシートマッサージシートアンビエントライトハーフレザーシートシートヒーターパワーテールゲート,248.8,240.5,"2020
(R02)","2
万km",2000CC,MT,Shizuoka,进口车,/usedcar/detail/AU7046718610/index.html,2026-06-21,2020,2.0,2000.0,Mid-size (1501-2000cc),Peugeot,Import
382,メルセデス・ベンツ,Eクラスクーペ E200 スポーツ レザーPKG パノラミックスライディングルーフ 革シート Burmester 全周囲カメラ 純正ナビTV レーダーセーフティPKG シートヒーター パワーシート LEDヘッド 純正19インチAW 禁煙,270.3,256.0,"2017
(H29)","5
万km",2000CC,MT,Chiba,进口车,/usedcar/detail/AU7040948013/index.html,2026-06-21,2017,5.0,2000.0,Mid-size (1501-2000cc),Mercedes-Benz,Import
383,,ＢＭＷ 2シリーズグランクーペ 218d Mスポーツ エディション ジョイプラス ディーゼルターボ BBS18インチAW　ダウンサス　純正ナビ　バックカメラ　ミラーETC　レーダークルーズ　衝突軽減ブレーキ　LKA　BSM　ワイヤレス充電　ハーフレザーシート　R4/5/6/7/8年整備記録,228.8,220.3,"2021
(R03)","2.3
万km",2000CC,8AT,Kanagawa,进口车,/usedcar/detail/AU7071899053/index.html,2026-06-21,2021,2.3,2000.0,Mid-size (1501-2000cc),Unknown,Import
384,アウディ,A3セダン 30 TFSI アドバンスト デモカー コンビニエンス&アシスタンスパッケージ ナビゲーションパッケージ オートマチックトランクリッド サラウンドビューカメラ MMIナビゲーションシステム 認定中古車,354.0,337.7,"2025
(R07)","0.1
万km",1500CC,MT,Tokyo,进口车,/usedcar/detail/AU7071902546/index.html,2026-06-21,2025,0.1,1500.0,Compact (<=1500cc),Audi,Import
385,BMW,ＢＭＷ 7シリーズ 740i エクセレンス インディビフルレザーメリノカシミアウールコンビネーション　Bowers&Wilkins　ヘッドアップディスプレイ　サンルーフ　　シートクーラー　シートヒーター　マッサージシート　アンビエントL　クリスタルシフト,916.2,898.0,"2024
(R06)","1.1
万km",3000CC,8AT,Hyogo,进口车,/usedcar/detail/AU6971331561/index.html,2026-06-21,2024,1.1,3000.0,Large (2001-3000cc),BMW,Import
386,シトロエン,C3 エクスクルーシブ アルパイン9インチナビ ゼニスウインドウ,59.5,44.8,"2013
(H25)","4.3
万km",1600CC,MT,Saitama,进口车,/usedcar/detail/AU6011321574/index.html,2026-06-21,2013,4.3,1600.0,Mid-size (1501-2000cc),Citroen,Import
387,メルセデス・ベンツ,EQA 250プラス MP202502 弊社デモカー・レーダーセーフティーパッケージ 360度カメラ スマートキー ワイヤレスチャージング シートヒーター,458.0,438.0,"2025
(R07)","0.1
万km",,AT,Tokyo,进口车,/usedcar/detail/AU6909087434/index.html,2026-06-21,2025,0.1,,Luxury (3001cc+),Mercedes-Benz,Import
388,BMW,ＢＭＷ 3シリーズ 320i ピュア エレガンス 首都圏100台限定特別仕様車　モカレザー　HiFiスピーカー　電動トランク　シートヒーター　全周囲カメラ　アンビエントライト　アクティブクルーズコントロール　LEDヘッドライト　純正17インチAW　ワンオーナー,282.0,258.0,"2019
(R01)","1.3
万km",2000CC,MT,Osaka,进口车,/usedcar/detail/AU7097578834/index.html,2026-06-21,2019,1.3,2000.0,Mid-size (1501-2000cc),BMW,Import
389,アウディ,A4 45 TFSI クワトロ Sライン 4WD パークアシストPKG マトリクスLEDヘッドライトPKG 純正ナビ 360°カメラ 社外フルセグTV 前後ドライブレコーダー パドルシフト ハーフレザーシート バーチャルコックピット パワーシート ミラーヒーター,285.8,274.2,"2020
(R02)","2.3
万km",2000CC,MT,Yamagata,进口车,/usedcar/detail/AU7064472523/index.html,2026-06-21,2020,2.3,2000.0,Mid-size (1501-2000cc),Audi,Import
390,メルセデス・ベンツ,Eクラス E250 アバンギャルド スポーツ レザーPKG ナッパ革 全席シートヒーター エアバランスパッケージ ブルメスターサウンド レーダークルーズコントロール 全周囲カメラ 前席パワーシート レーンアシスト LEDヘッド 禁煙車,249.9,229.5,"2018
(H30)","3.5
万km",2000CC,MT,Osaka,进口车,/usedcar/detail/AU7042559179/index.html,2026-06-21,2018,3.5,2000.0,Mid-size (1501-2000cc),Mercedes-Benz,Import
391,ミニ,ミニクラブマン クーパー ペッパーパッケージ/クロスパンチ入革シートセット LEDヘッドランプ/フォグランプ ドライビングアシスト 純正ナビ バックカメラ Bluetooth コンフォートアクセス 純正17インチAW ETC,119.9,106.0,"2016
(H28)","4.1
万km",1500CC,6AT,Saitama,进口车,/usedcar/detail/AU7093618589/index.html,2026-06-21,2016,4.1,1500.0,Compact (<=1500cc),MINI,Import
392,ジープ,コンパス リミテッド 4WD 純正ナビ レザーシート シートヒーター 認定中古車保証 LEDヘッドライト 障害物センサー 衝突軽減ブレーキ アダプティブクルーズコントロール バックカメラ 電動リアゲート 電動パワーシート,196.4,179.0,"2020
(R02)","5.2
万km",2400CC,MT,Kanagawa,进口车,/usedcar/detail/AU7040346232/index.html,2026-06-21,2020,5.2,2400.0,Large (2001-3000cc),Jeep,Import
393,ジープ,ラングラー アンリミテッド スポーツ 4WD 3.6LV6エンジンサイドカメラバックカメラ クルーズコントロール 純正アルミホイール ナビゲーション フロントフォグランプ ETC エアコン ヒルディセントコントロール 横滑り防止装置 盗難防止装置 キーレスキー,315.7,297.7,"2017
(H29)","2.4
万km",3600CC,MT,Osaka,进口车,/usedcar/detail/AU7069961833/index.html,2026-06-21,2017,2.4,3600.0,Luxury (3001cc+),Jeep,Import
394,メルセデス・ベンツ,GLAクラス GLA200 d 4マチック ディーゼルターボ 4WD ナビPKG 1オーナー 全周囲カメラ パワーバックドア 前席シートヒーター 前席パワーシート レーダーセーフティPKG 衝突被害軽減システム 純正HDDナビ フルセグTV 禁煙車,269.9,255.3,"2020
(R02)","6.1
万km",1900CC,8AT,Osaka,进口车,/usedcar/detail/AU7070931408/index.html,2026-06-21,2020,6.1,1900.0,Mid-size (1501-2000cc),Mercedes-Benz,Import
395,シトロエン,C3 シャイン デビューエディション ワンオーナー ETC LEDヘッドライト 新品タイヤ4本 アクティブセーフティーブレーキ クルーズコントロール ブラインドスポットモニター レーンキープアシスト クリアランスソナー バックカメラ,98.8,78.0,"2017
(H29)","5
万km",1200CC,MT,Osaka,进口车,/usedcar/detail/AU7098940059/index.html,2026-06-21,2017,5.0,1200.0,Compact (<=1500cc),Citroen,Import
396,ボルボ,XC60 B5 AWD インスクリプション 4WD 1オーナー パノラマガラスルーフ 本革シート シートヒーター&ベンチレーション PWシート harman/kardonサウンド 純正ナビ サラウンドビューカメラ ACC BLIS LKA PWバックドア LEDヘッドライト 純正19インチAW,404.8,392.9,"2021
(R03)","1.8
万km",2000CC,MT,Nagano,进口车,/usedcar/detail/AU7052610387/index.html,2026-06-21,2021,1.8,2000.0,Mid-size (1501-2000cc),Volvo,Import
397,アウディ,Q2 35 TFSI アドバンスト アウディ正規ディーラー認定中古車 認定中古車保証付帯 MMIナビ Bluetooth カープレイ接続可 スマートキー LEDヘッドライト 電動テールゲート,276.5,258.0,"2022
(R04)","1.4
万km",1500CC,MT,Fukuoka,进口车,/usedcar/detail/AU6950836284/index.html,2026-06-21,2022,1.4,1500.0,Compact (<=1500cc),Audi,Import
398,ミニ,ミニ クーパー 5ドア コンフォートアクセス 純正HDDナビ 純正15インチAW 前後LEDフォグ LEDヘッドライト アンビエントライト バックカメラ ドラレコ ETC Bluetooth USB AUX スペアキー 禁煙,129.8,122.4,"2018
(H30)","1
万km",1500CC,MT,Nagano,进口车,/usedcar/detail/AU6911143828/index.html,2026-06-21,2018,1.0,1500.0,Compact (<=1500cc),MINI,Import
399,ポルシェ,マカン PDK 4WD ACC LKA ポルシェエントリードライブ 半革 シートH 純正ナビ Bluetooth carplay Bカメラ サイドカメラ Pバックドア ドライブレコーダー 純正19インチアルミホイール ETC,349.8,336.8,"2019
(H31)","3.9
万km",2000CC,MT,Fukuoka,进口车,/usedcar/detail/AU6947914539/index.html,2026-06-21,2019,3.9,2000.0,Mid-size (1501-2000cc),Porsche,Import
400,,ＢＭＷ 3シリーズツーリング 320i xドライブ ラグジュアリー 4WD 革シートセット　アドバンスドアクティブセーフティPKG　ストレージPKG　アイボリー革シート　シートヒーター　パワーシート　純正ナビ　リアビューカメラ　HIDヘッド　純正17インチAW　ETC　禁煙車,118.9,98.6,"2015
(H27)","5.3
万km",2000CC,8AT,Chiba,进口车,/usedcar/detail/AU7029732197/index.html,2026-06-21,2015,5.3,2000.0,Mid-size (1501-2000cc),Unknown,Import
401,,ＢＭＷ 1シリーズ M135i xドライブ 4WD M エアロダイナミクスパッケージ　M スポーツ・ブレーキ　パーキング・アシスト　リヤ・ビュー・カメラ　ドライビング・アシスト　オートマチック・テールゲート・オペレーション　iDriveナビゲーション・パッケージ,263.4,252.1,"2020
(R02)","3.8
万km",2000CC,MT,Niigata,进口车,/usedcar/detail/AU6946675866/index.html,2026-06-21,2020,3.8,2000.0,Mid-size (1501-2000cc),Unknown,Import
402,ジープ,ラングラー アンリミテッド スポーツ アルティチュード 4WD 認定中古車 弊社オーナー様下取り車両,468.5,449.0,"2021
(R03)","1.5
万km",3600CC,MT,Kanagawa,进口车,/usedcar/detail/AU7046893284/index.html,2026-06-21,2021,1.5,3600.0,Luxury (3001cc+),Jeep,Import
403,スマート,フォーフォー ブラバス スポーツ ツイナミック ガラスサンルーフ 本革シート シートヒーター 社外ナビ フルセグTV Bluetooth バックカメラ パーキングセンサー オートライト オートワイパー レーンキーピングアシスト クルーズコントロール! 純正17AW!!,144.8,135.1,"2019
(H31)","2.1
万km",900CC,MT,Kumamoto,进口车,/usedcar/detail/AU6892869788/index.html,2026-06-21,2019,2.1,900.0,Compact (<=1500cc),Smart,Import
404,ミニ,ミニ クーパー 5ドア DCT ペッパーP インテリジェントセーフティ 純正ナビ バックカメラ USB Bluetooth 純正15インチAW LEDヘッドライト クリアランスソナー スマートキー パーキングアシスト ETC ドライブレコーダー アイドリングストップ,199.8,189.8,"2020
(R02)","0.7
万km",1500CC,MT,Osaka,进口车,/usedcar/detail/AU6984007917/index.html,2026-06-21,2020,0.7,1500.0,Compact (<=1500cc),MINI,Import
405,,ＢＭＷ M2クーペ 3.0 認定中古車　2年保証　6速MT　禁煙車　コニャック皮シート　オプション19/20AW　harman/kardon　ヘッドアップディスプレイ　LEDヘッドライト　バックカメラ　衝突軽減　ETC　ナビ,825.0,807.0,"2023
(R05)","233
km",3000CC,6MT,Aichi,进口车,/usedcar/detail/AU7022229069/index.html,2026-06-21,2023,0.0233,3000.0,Large (2001-3000cc),Unknown,Import
406,プジョー,3008 GT ブルーHDi ディーゼルターボ ファーストクラスPKG サンルーフ レーダークルーズ バックカメラ フロントカメラ パワーシート シートヒーター 電動リア AppleCarPlay Bluetooth スマートキー 黒ハーフレザー,179.9,165.3,"2018
(H30)","5.2
万km",2000CC,8AT,Aichi,进口车,/usedcar/detail/AU7043610558/index.html,2026-06-21,2018,5.2,2000.0,Mid-size (1501-2000cc),Peugeot,Import
407,メルセデス・ベンツ,CLAシューティングブレーク CLA200d AMGライン ディーゼルターボ パノラマSR AMGレザーエクスクルーシブPKG アドバンスドPKG 灰黒レザーシート ACC HUD ナビ TV 360°電動シート シートヒーター 電動リアゲート LEDヘッドライト レーダーセーフティPKG ETC ドラレコ,263.8,256.1,"2019
(R01)","5.5
万km",2000CC,MT,Chiba,进口车,/usedcar/detail/AU7077063783/index.html,2026-06-21,2019,5.5,2000.0,Mid-size (1501-2000cc),Mercedes-Benz,Import
408,ミニ,ミニ クーパー 5ドア DCT 後期モデル ペッパーPKG 衝突軽減B 純正ナビ リアカメラ コンフォートアクセス Bluetooth 純正15インチAW LEDヘッドライト ユニオンジャックテールランプ ETC アイドリングストップ PDC フォグランプ,150.8,143.7,"2019
(R01)","1.5
万km",1500CC,MT,Okayama,进口车,/usedcar/detail/AU6917835649/index.html,2026-06-21,2019,1.5,1500.0,Compact (<=1500cc),MINI,Import
409,メルセデス・ベンツ,Sクラス S400 d 4マチック ディーゼルターボ 4WD MP202301 AMGライン ベーシックパッケージ パノラミックスライディングルーフ レーダーセーフティーパッケージ アンビエントライト LEDヘッドライト シートヒーター メモリー付きパワーシート 360°カメラシステム,782.6,768.0,"2022
(R04)","2.8
万km",2900CC,MT,Tokyo,进口车,/usedcar/detail/AU7073232833/index.html,2026-06-21,2022,2.8,2900.0,Large (2001-3000cc),Mercedes-Benz,Import
410,ジープ,ラングラー アンリミテッド ルビコン 4xe 4WD 認定中古車保証1年付 純正ナビ レザーシート プラグインハイブリッド シートヒーター LEDヘッドライト バックカメラ アダプティブクルーズコントロール スマートキー 衝突軽減ブレーキ,588.7,569.0,"2023
(R05)","1.4
万km",2000CC,MT,Kanagawa,进口车,/usedcar/detail/AU7016102221/index.html,2026-06-21,2023,1.4,2000.0,Mid-size (1501-2000cc),Jeep,Import
411,メルセデス・ベンツ,Aクラスセダン A200 d ディーゼルターボ ナビゲーションPKG Bluetooth バックカメラ RSP LEDライト Pシート シートH ワイヤレス充電 アンビエントライト 純正16インチAW リアクロストラフィックアラート ステアリングアシスト,239.8,231.8,"2021
(R03)","2.9
万km",1900CC,MT,Chiba,进口车,/usedcar/detail/AU7085522228/index.html,2026-06-21,2021,2.9,1900.0,Mid-size (1501-2000cc),Mercedes-Benz,Import
412,,ＢＭＷ 3シリーズツーリング 320i Mスポーツ ワンオーナー ACC 純正ナビ 360°applecarplay 純正18インチAW LEDヘッドライト 電動リアゲート ワイヤレス充電 革シート パワーシート Dシートメモリ シートヒーター ルーフレール BSM クリアランスソナー,289.8,281.9,"2022
(R04)","5.3
万km",2000CC,MT,Osaka,进口车,/usedcar/detail/AU7046895860/index.html,2026-06-21,2022,5.3,2000.0,Mid-size (1501-2000cc),Unknown,Import
413,メルセデス・ベンツ,Vクラス V220 d アバンギャルド ロング AMGライン ディーゼルターボ パノラマSR Burmester レーダーセーフティ ACC 純正ナビ TV 360° applecarplay 純正19インチAW LEDヘッドライト 電動リアゲート 黒革 メモリ付きパワーシート シートヒーター ルーフレール クリアランスソナー,519.8,511.9,"2021
(R03)","4.8
万km",2100CC,MT,Osaka,进口车,/usedcar/detail/AU7055999129/index.html,2026-06-21,2021,4.8,2100.0,Large (2001-3000cc),Mercedes-Benz,Import
414,プジョー,3008 GT ブルーHDi ディーゼルターボ 禁煙 パノラミックサンルーフ ファーストクラスPKG パノラマビュー ブラインドスポットモニター シートヒーター シートマッサージ パワーシート パワーバックドア ワイヤレス充電 ETC パドルシフト ACC LKA,215.8,208.1,"2018
(H30)","1.9
万km",2000CC,MT,Tochigi,进口车,/usedcar/detail/AU6888251374/index.html,2026-06-21,2018,1.9,2000.0,Mid-size (1501-2000cc),Peugeot,Import
415,,ルノー トゥインゴ インテンス クルーズコントロール　レーンアシスト　クリアランスソナー　オートエアコン　キーレス　USB　純正15インチアルミホイール　グレー柄モケットシート　ポータブルナビ　ETC,69.9,56.7,"2018
(H30)","4.9
万km",900CC,MT,Aichi,进口车,/usedcar/detail/AU7034541639/index.html,2026-06-21,2018,4.9,900.0,Compact (<=1500cc),Unknown,Import
416,,ルノー ルーテシア インテンス テックパック 1オーナー 本革シート シートヒーター 7インチマルチメディア AppleCarPlay AndroidAuto BOSEサウンド ワイヤレスチャージャー 360°カメラ ハイウェイ&トラフィックジャムアシストレーンセンタリングアシスト,128.8,121.6,"2021
(R03)","5.4
万km",1300CC,MT,Nagano,进口车,/usedcar/detail/AU7083034531/index.html,2026-06-21,2021,5.4,1300.0,Compact (<=1500cc),Unknown,Import
417,メルセデス・ベンツ,Eクラスワゴン E220d スポーツ ディーゼルターボ サンルーフ 黒革シート シートヒーター 衝突軽減ブレーキ ACC ブラインドスポットモニター レーンキープアシスト 純正ナビ AppleCarPlay 360カメラ クリアランスソナー 電動リアゲート アンビエントライト,363.8,355.6,"2020
(R02)","3.8
万km",2000CC,MT,Tochigi,进口车,/usedcar/detail/AU7069762177/index.html,2026-06-21,2020,3.8,2000.0,Mid-size (1501-2000cc),Mercedes-Benz,Import
418,アウディ,TT クーペ 45 TFSI クワトロ 4WD Slineパッケージ/アルカンターラレザー/Bang&Olufsen/シートヒーター/サイドアシスト/マトリクスLEDヘッドライト/リヤカメラ/パドルシフト/クルーズコントロール/,512.9,498.0,"2023
(R05)","2.5
万km",2000CC,MT,Chiba,进口车,/usedcar/detail/AU7087177102/index.html,2026-06-21,2023,2.5,2000.0,Mid-size (1501-2000cc),Audi,Import
419,,ＢＭＷ 3シリーズツーリング 320d xドライブ Mスポーツ ディーゼルターボ 4WD 純正ナビ　ETC　クルーズコントロール　ドライブレコーダー　パワーシート　シートメモリー　白レザーシート　シートヒーター　バックカメラ　前後コーナーセンサー　パワーバックドア　革巻ステアリング　BSM,279.8,271.9,"2022
(R04)","6.7
万km",2000CC,MT,Osaka,进口车,/usedcar/detail/AU6978300220/index.html,2026-06-21,2022,6.7,2000.0,Mid-size (1501-2000cc),Unknown,Import
420,ジープ,レネゲード リミテッド 純ナビ バックカメラ フルセグTV CarPlay AndroidAuto ACC BSM レーンキープアシスト 黒革 シートヒーター ステアリングヒーター LEDライト クリアランスソナー ETC,198.8,192.2,"2021
(R03)","5.3
万km",1300CC,MT,Fukuoka,进口车,/usedcar/detail/AU7070322326/index.html,2026-06-21,2021,5.3,1300.0,Compact (<=1500cc),Jeep,Import
421,ミニ,ミニクロスオーバー ジョン・クーパー・ワークス 4WD 1オーナー 純正ナビ バックカメラ アクティブクルーズコントロール シートヒーター ヘッドアップディスプレイ ハーフレザーシート パワーバックドア LEDヘッド 純正18インチアルミ ETC 禁煙車,214.9,200.2,"2018
(H30)","5.3
万km",2000CC,MT,Chiba,进口车,/usedcar/detail/AU7055235468/index.html,2026-06-21,2018,5.3,2000.0,Mid-size (1501-2000cc),MINI,Import
422,,ＢＭＷ 8シリーズグランクーペ 840i Mスポーツ MテクニックスポーツPKG　harman/kardon　 Individual フル・レザー・メリノ・インテリア 純正ナビ　AppleCarPlay　360°カメラ　黒革　Pシート　シートH　ベンチレーション　HUD　純正20インチAW　ワイヤレス充電!,470.8,462.2,"2019
(R01)","4.7
万km",3000CC,MT,Saitama,进口车,/usedcar/detail/AU7020232664/index.html,2026-06-21,2019,4.7,3000.0,Large (2001-3000cc),Unknown,Import
423,ミニ,ミニクロスオーバー クーパー S E オール4 アンテイムド エディション 4WD 認定中古車/クロスオーバー/モメンタムグレー/Untamed Edition/Applecarplay/アダプティブクルーズコントロール/衝突軽減ブレーキ/純正バックカメラ/コンフォートアクセス/ETC/オットマン/LEDヘッドライト,315.2,299.0,"2022
(R04)","4
万km",1500CC,MT,Aichi,进口车,/usedcar/detail/AU6977551094/index.html,2026-06-21,2022,4.0,1500.0,Compact (<=1500cc),MINI,Import
424,メルセデス・ベンツ,Cクラス C220d ローレウス エディション スポーツプラスパッケージ ディーゼルターボ (エアサス・ディスプレイオーディオ・FRドラレコ・バックカメラ・Pアシスト・DTV・Bluetooth・衝突軽減ブレーキ・追従クルコン・LKA・BSA・Pシート・シートヒーター・地ナビ・Pトランク),372.8,358.8,"2022
(R04)","1.6
万km",2000CC,MT,Nara,进口车,/usedcar/detail/AU7095489365/index.html,2026-06-21,2022,1.6,2000.0,Mid-size (1501-2000cc),Mercedes-Benz,Import
425,アウディ,A3スポーツバック 1.4 TFSI 禁煙車/正規ディーラー車/ワンオーナー/純正ナビ/フルセグ/バックカメラ/ビルドインETC/純正16インチAW/ACC/パーキングエイド/アイドリングストップ/HIDオートライト/フォグランプ,118.8,112.0,"2015
(H27)","1.7
万km",1400CC,MT,Aichi,进口车,/usedcar/detail/AU7082880553/index.html,2026-06-21,2015,1.7,1400.0,Compact (<=1500cc),Audi,Import
426,BMW,ＢＭＷ 3シリーズツーリング 320d xドライブ Mスポーツ ディーゼルターボ 4WD コンフォートP　アクティブクルーズコントロール　リアカメラ　前後パークディスタンスコントロール　アイドリングストップ　アンビエントライト　ワイヤレス充電　LEDヘッドライト　Fスポイラー　ETC車載器,388.0,365.0,"2022
(R04)","2.6
万km",2000CC,MT,Saitama,进口车,/usedcar/detail/AU7017897298/index.html,2026-06-21,2022,2.6,2000.0,Mid-size (1501-2000cc),BMW,Import
427,ミニ,ミニクラブマン ジョン・クーパー・ワークス 4WD 後期 HarmanKardonサウンド ACC 衝突軽減ブレーキ バックカメラ コーナーセンサー コンフォートアクセス レーンキーピングアシスト デュアルオートエアコン LEDヘッドライト 禁煙車,336.9,322.7,"2020
(R02)","4.3
万km",2000CC,MT,Osaka,进口车,/usedcar/detail/AU7044417922/index.html,2026-06-21,2020,4.3,2000.0,Mid-size (1501-2000cc),MINI,Import
428,アウディ,A5スポーツバック 40 TFSI スポーツ アシスタンスPKG/ラグジュアリーPKG/全方位カメラ/マトリクスLEDヘッドライト/パワーシート/シートヒーター/パワーテールゲート/ブラインドスポット/黒革シート/バーチャルコックピット/アダプティブクルコン,223.8,214.4,"2019
(R01)","4.5
万km",2000CC,MT,Aichi,进口车,/usedcar/detail/AU6914061209/index.html,2026-06-21,2019,4.5,2000.0,Mid-size (1501-2000cc),Audi,Import
429,ボルボ,XC40 T4 AWD Rデザイン 4WD,229.0,208.0,"2019
(R01)","5.1
万km",2000CC,MT,Tokyo,进口车,/usedcar/detail/AU7021762890/index.html,2026-06-21,2019,5.1,2000.0,Mid-size (1501-2000cc),Volvo,Import
430,,ルノー カングー インテンス 7EDC ディーゼルターボ ワンオーナー　AppleCarplay対応　Bluetooth接続　LEDヘッドライト　バックカメラ　前面衝突警報　アダプティブクルーズコントロール　新車保証継承,328.7,307.7,"2025
(R07)","0.3
万km",1500CC,MT,Osaka,进口车,/usedcar/detail/AU6644317616/index.html,2026-06-21,2025,0.3,1500.0,Compact (<=1500cc),Unknown,Import
431,ボルボ,V60 B4 モメンタム (ブラウン内装・ディスプレイオーディオ・360度カメラ・FRドラレコ・Pアシスト・LKA・BSA・衝突軽減ブレーキ・追従クルコン・Pシート・シートヒーター・地ナビ・Pトランク・R17AW),285.9,268.8,"2021
(R03)","2.3
万km",2000CC,MT,Nara,进口车,/usedcar/detail/AU7087027073/index.html,2026-06-21,2021,2.3,2000.0,Mid-size (1501-2000cc),Volvo,Import
432,ボルボ,XC40 プラス B4 AWD 4WD Googleナビ 360°カメラ AppleCa アダプクルーズコントロール レーンキーピングエイド オンカーミングレーンミティゲーション ブラインドスポットインフォメーション アダプティブハイビーム,314.8,307.6,"2023
(R05)","2.1
万km",2000CC,7AT,Gifu,进口车,/usedcar/detail/AU7020768108/index.html,2026-06-21,2023,2.1,2000.0,Mid-size (1501-2000cc),Volvo,Import
433,ミニ,ミニ クーパーD 5ドア 純正ナビ バックカメラ ETC LEDヘッドライト プッシュスタート スマートキー 純正アルミホイール,115.2,99.8,"2017
(H29)","6.9
万km",1500CC,MT,Hyogo,进口车,/usedcar/detail/AU7046892809/index.html,2026-06-21,2017,6.9,1500.0,Compact (<=1500cc),MINI,Import
434,ミニ,ミニ クーパーSD 3ドア エナジェティックスタイル ペッパーパッケージ アクティブクルーズコントロール 純正ナビ リアビューカメラ パークディスタンスコントロール インテリジェントセーフティ Bluetooth 禁煙車,193.9,175.1,"2021
(R03)","6.4
万km",2000CC,MT,Chiba,进口车,/usedcar/detail/AU7042559888/index.html,2026-06-21,2021,6.4,2000.0,Mid-size (1501-2000cc),MINI,Import
435,フィアット,500(チンクエチェント) ツインエア ラウンジ TwinAirエンジン,172.0,149.9,"2021
(R03)","3.7
万km",900CC,MT,Chiba,进口车,/usedcar/detail/AU6888086944/index.html,2026-06-21,2021,3.7,900.0,Compact (<=1500cc),Fiat,Import
436,ミニ,ミニクラブマン クーパー DCT クラシックトリム ドライビングアシストPKG ユーザー様買取車両 PDC(フロント/リア) シートヒーター AppleCarPlay コンフォート・アクセス クルーズコントロール Bカメラ デジタルメーター ルームミラー一体型ETC,263.8,256.4,"2022
(R04)","3
万km",1500CC,MT,Shizuoka,进口车,/usedcar/detail/AU7025899412/index.html,2026-06-21,2022,3.0,1500.0,Compact (<=1500cc),MINI,Import
437,ミニ,ミニクラブマン クーパー S 衝突軽減ブレーキ アダプティブクルーズコントロール 純正ナビ バックカメラ クリアランスソナー コンフォートアクセス LEDヘッドライト オートライト レインセンサー ステアリングスイッチ アイドリングストップ,138.8,128.6,"2017
(H29)","3.4
万km",2000CC,MT,Tochigi,进口车,/usedcar/detail/AU7072069465/index.html,2026-06-21,2017,3.4,2000.0,Mid-size (1501-2000cc),MINI,Import
438,フィアット,パンダ イージー 純正USBオーディオ/ABS/両席サイドカーテンエアバッグ/ETC/キーレスエントリー/シティブレーキコントロール/取扱説明書&保証書あり/ワンオーナー禁煙車/ユーザー買取車,122.0,109.0,"2021
(R03)","3.7
万km",900CC,5AT,Mie,进口车,/usedcar/detail/AU7101312296/index.html,2026-06-21,2021,3.7,900.0,Compact (<=1500cc),Fiat,Import
439,アウディ,Q2 35 TDI アドバンスト ディーゼルターボ コンビニエンス&アシスタンスPKG ナビゲーションPKG スマホ連携 シートヒーター ACC レーンアシスト ドライブセレクト TVチューナー アドバンストキー バーチャルコックピット,306.0,289.9,"2022
(R04)","2.2
万km",2000CC,MT,Kanagawa,进口车,/usedcar/detail/AU7093778780/index.html,2026-06-21,2022,2.2,2000.0,Mid-size (1501-2000cc),Audi,Import
440,,ＢＭＷ 2シリーズグランクーペ 218d Mスポーツ ディーゼルターボ ドライビングアシスト ACC LKA LCW パーキングアシスト PDC コンフォートアクセス ハーフレザー PWシート AppleCarPlay LEDヘッドライト フロントリップスポイラー インテリジェントセーフティ ナビ Bカメラ ETC,254.8,243.4,"2022
(R04)","1
万km",2000CC,MT,Nagano,进口车,/usedcar/detail/AU6944517524/index.html,2026-06-21,2022,1.0,2000.0,Mid-size (1501-2000cc),Unknown,Import
441,ランドローバー,レンジローバーイヴォーク S 2.0L D200 ディーゼルターボ 4WD 認定中古車 レザー メモリ付パワーシート ワイヤレス充電 サラウンドカメラ デジタルインナーミラー パワーテールゲート ACC/LKA/BSM/RTM AppleCarPlay&AndroidAuto LEDヘッドライト 18インチAW,519.7,499.7,"2024
(R06)","1.9
万km",2000CC,MT,Osaka,进口车,/usedcar/detail/AU6926009224/index.html,2026-06-21,2024,1.9,2000.0,Mid-size (1501-2000cc),Land Rover,Import
442,ミニ,ミニエースマン E 認定中古車/自社デモカー/ACC/ETC,328.0,298.0,"2024
(R06)","0.8
万km",,AT,Kyoto,进口车,/usedcar/detail/AU6487574817/index.html,2026-06-21,2024,0.8,,Luxury (3001cc+),MINI,Import
443,アウディ,A5スポーツバック 40 TFSI スポーツ 1オナ 純ナビ バーチャルコックピット LED,249.8,242.9,"2019
(R01)","2.2
万km",2000CC,MT,Kanagawa,进口车,/usedcar/detail/AU7062189227/index.html,2026-06-21,2019,2.2,2000.0,Mid-size (1501-2000cc),Audi,Import
444,,ＢＭＷ 3シリーズツーリング 320d xドライブ ディーゼルターボ 4WD 認定中古車 ブラックレザー アラウンドビュー パーキングアシストプラス 禁煙車,360.1,338.0,"2021
(R03)","1.7
万km",2000CC,MT,Tokyo,进口车,/usedcar/detail/AU7086533168/index.html,2026-06-21,2021,1.7,2000.0,Mid-size (1501-2000cc),Unknown,Import
445,メルセデス・ベンツ,Gクラス G400d AMGライン ディーゼルターボ 4WD サンルーフ シートベンチレーター,1517.9,1498.0,"2022
(R04)","0.8
万km",3000CC,MT,Kanagawa,进口车,/usedcar/detail/AU7077060202/index.html,2026-06-21,2022,0.8,3000.0,Large (2001-3000cc),Mercedes-Benz,Import
446,フィアット,アバルト 595 コンペティツィオーネ 認定中古車保証　キセノンヘッドライト　右ハンドルオートマ　ユーコネクト　アンドロイドオート　アップルカープレイ　ETC　アバルト専用サベルトシート,255.1,236.6,"2022
(R04)","2.4
万km",1400CC,MT,Aichi,进口车,/usedcar/detail/AU7041925428/index.html,2026-06-21,2022,2.4,1400.0,Compact (<=1500cc),Fiat,Import
447,メルセデス・ベンツ,CLSクラス CLS220 d スポーツ エクスクルーシブ パッケージ ディーゼルターボ 純正ナビ フルセグTV USB Bluetooth 全方位カメラ 赤/黒革シート クルーズコントロール ETC2.0 前後ドラ レコ ヘッドアップディスプレイ LEDヘッドランプ パワーシート エアシート シートヒーター,529.8,522.1,"2022
(R04)","3.1
万km",2000CC,MT,Kumamoto,进口车,/usedcar/detail/AU6984035607/index.html,2026-06-21,2022,3.1,2000.0,Mid-size (1501-2000cc),Mercedes-Benz,Import
448,BMW,ＢＭＷ 2シリーズグランクーペ 218d プレイ ディーゼルターボ 純正HDDナビ　バックカメラ　障害物センサー　追従式クルーズコントロール　電動シート　LEDヘッドライト　コンフォートアクセス　OP17インチAW　ミラーETC　ライブコックピット　元レンタ,262.1,238.0,"2022
(R04)","2.4
万km",2000CC,MT,Osaka,进口车,/usedcar/detail/AU6972071705/index.html,2026-06-21,2022,2.4,2000.0,Mid-size (1501-2000cc),BMW,Import
449,ジープ,ラングラー アンリミテッド サハラ 2.0L 4WD 革シ-トBluetoothナビAppleCarPlayフルセグ LEDヘッドライト アダプティブクルーズコントロール 全面衝突警報 バックカメラ サイドカメラ フロントカメラ ブラインドスポットモニタ- ETC2.0 認定中古車保証付き,482.7,462.7,"2023
(R05)","5
万km",2000CC,MT,Osaka,进口车,/usedcar/detail/AU6914061220/index.html,2026-06-21,2023,5.0,2000.0,Mid-size (1501-2000cc),Jeep,Import
450,メルセデス・ベンツ,GLCクーペ 220 d 4マチック (ISG) ディーゼルターボ 4WD MP202601 弊社デモアップ/パノラマ/ワンオーナー/アンビエントライト/全方位カメラ/メモリ付きパワーシート/前後席シートヒーター/アップルカープレイ/MBUX/純正ドラレコ前後/Bluetooth/電動リアゲート/新車保証継承,806.5,789.0,"2025
(R07)","0.3
万km",2000CC,MT,Tokyo,进口车,/usedcar/detail/AU7093454574/index.html,2026-06-21,2025,0.3,2000.0,Mid-size (1501-2000cc),Mercedes-Benz,Import
451,ミニ,ミニクラブマン クーパー D 禁煙/ワンオーナー/正規ディーラー車/ディラー記録簿R4R5R6R7/ドライビングアシストPKGプラス/パーキングアシストPKG/純正ナビ/USB/FM/AM/Bluetooth/純正ドラレコ,224.8,217.7,"2021
(R03)","4.8
万km",2000CC,MT,Aichi,进口车,/usedcar/detail/AU7095323639/index.html,2026-06-21,2021,4.8,2000.0,Mid-size (1501-2000cc),MINI,Import
452,フィアット,500(チンクエチェント) 1.2 ドルチェヴィータ クリアランスソナー クルーズコントロール リモコンキー オートエアコン 16インチアルミホイール Uconnect 7インチ+Apple CarPlay/Android Auto,285.0,269.9,"2024
(R06)","0.7
万km",1200CC,MT,Chiba,进口车,/usedcar/detail/AU6924027560/index.html,2026-06-21,2024,0.7,1200.0,Compact (<=1500cc),Fiat,Import
453,ジープ,コンパス スポーツ,89.9,75.8,"2015
(H27)","5.3
万km",2000CC,CVT,Osaka,进口车,/usedcar/detail/AU7062640299/index.html,2026-06-21,2015,5.3,2000.0,Mid-size (1501-2000cc),Jeep,Import
454,メルセデス・ベンツ,EQA 250 弊社ユーザーお下取り/ワンオーナー/認定中古車/360°カメラ/ヘッドアップディスプレイ/フットトランクオープナー/レーダーセーフティパッケージ/アップルカープレイ/アンビエントライト(64色)/,313.3,298.0,"2021
(R03)","1.8
万km",,MT,Tokyo,进口车,/usedcar/detail/AU7095138640/index.html,2026-06-21,2021,1.8,,Luxury (3001cc+),Mercedes-Benz,Import
455,プジョー,308SW アリュール ブルーHDi スペシャルエディション ディーゼルターボ ガラスルーフ クルコン カープレイ ETC,89.8,82.0,"2018
(H30)","4.8
万km",1600CC,MT,Okayama,进口车,/usedcar/detail/AU6962932846/index.html,2026-06-21,2018,4.8,1600.0,Mid-size (1501-2000cc),Peugeot,Import
456,フォルクスワーゲン,ゴルフ TSI ハイライン テック エディション 認定中古車 スマートキー 純正ナビ 液晶メーター バックカメラ ACC LED ETC,159.2,142.8,"2019
(R01)","2.7
万km",1400CC,MT,Fukuoka,进口车,/usedcar/detail/AU7072543724/index.html,2026-06-21,2019,2.7,1400.0,Compact (<=1500cc),VW,Import
457,BMW,ＢＭＷ 3シリーズ 320d xドライブ ディーゼルターボ 4WD 認定中古車　コンフォート アクセス システム　シート ヒーター 運転席/助手席　 LED-ヘッドライト 拡張範囲付き　ドライビング アシスタント プロフェッショナル　渋滞アシスタント,309.7,290.0,"2022
(R04)","4.4
万km",2000CC,MT,Kanagawa,进口车,/usedcar/detail/AU6985225831/index.html,2026-06-21,2022,4.4,2000.0,Mid-size (1501-2000cc),BMW,Import
458,BMW,ＢＭＷ 2シリーズグランクーペ M235i xドライブ 4WD MプラスPKG　Mスポーツシート　アダプティブサスペンション　シートヒーター　Mシートベルト　Mスポーツブレーキ　ヘッドアップD　アクティブクルーズコントロール　LEDヘッドライト　18インチAW,403.0,385.0,"2024
(R06)","1
万km",2000CC,MT,Hyogo,进口车,/usedcar/detail/AU7084997136/index.html,2026-06-21,2024,1.0,2000.0,Mid-size (1501-2000cc),BMW,Import
459,アウディ,Q5 TDI クワトロ 150kW アドバンスト Sラインパッケージ ディーゼルターボ 4WD 黒革スポーツシート(前席電動・ヒーター・メモリー付き) 19インチアルミ 全周囲カメラ 電動リヤゲート レーダークルコン 前後軽減ブレーキ マトリクスLEDライト 前後ソナー サイドアシスト レーンキープ,705.4,693.0,"2025
(R07)","0.1
万km",2000CC,MT,Aichi,进口车,/usedcar/detail/AU7091369159/index.html,2026-06-21,2025,0.1,2000.0,Mid-size (1501-2000cc),Audi,Import
460,,ＢＭＷ 3シリーズ 320i ラグジュアリー 黒革シート　インテリジェントセーフティ　純正ナビ　リアビュ-カメラ　アクティブクルーズ　LEDヘッドランプ　パワーシート　シートヒーター　アイドリングストップ　純正17インチアルミ　ETC,119.9,105.4,"2016
(H28)","5.6
万km",2000CC,MT,Aichi,进口车,/usedcar/detail/AU6999395185/index.html,2026-06-21,2016,5.6,2000.0,Mid-size (1501-2000cc),Unknown,Import
461,,ＢＭＷ 3シリーズツーリング 318i 社外フルセグTV　衝突軽減ブレーキ　ブラインドスポットモニター　アダクティブクルーズコントロール　レーンキープアシスト　電動テールゲート　ドライブレコーダー　パワーシート　デジタルメーター,259.8,246.5,"2022
(R04)","2.3
万km",2000CC,MT,Saitama,进口车,/usedcar/detail/AU7088730972/index.html,2026-06-21,2022,2.3,2000.0,Mid-size (1501-2000cc),Unknown,Import
462,ポルシェ,718ボクスター PDK スポーツクロノPKG パークアシスト オートエアコン シートヒーター OP19インチAW ブラック/クレヨンツートンレザーPKG エントリードライブ スポーツエグゾースト 純正ナビ リアカメラ 禁煙,714.9,699.9,"2020
(R02)","2.5
万km",2000CC,MT,Chiba,进口车,/usedcar/detail/AU7090866252/index.html,2026-06-21,2020,2.5,2000.0,Mid-size (1501-2000cc),Porsche,Import
463,アウディ,Q3 2.0 TFSI クワトロ 170PS Sラインパッケージ 4WD 当店買取車両 純正ナビ バックカメラ PDC 電動リアゲート フルセグTV キセノンヘッドライト オートライト ETC ドライブレコーダー 横滑り防止機能 アイドリングストップ 純正18インチAW,129.8,118.2,"2015
(H27)","3.1
万km",2000CC,MT,Chiba,进口车,/usedcar/detail/AU7091863828/index.html,2026-06-21,2015,3.1,2000.0,Mid-size (1501-2000cc),Audi,Import
464,シボレー,カマロ SS HUD 黒革シート ベンチレーション シートヒーター パワーシート クルーズコントロール AppleCarPlay対応 バックカメラ コーナーセンサー BOSEスピーカー HIDヘッドライト ドラレコ ETC,599.8,586.5,"2018
(H30)","3.2
万km",6200CC,MT,Chiba,进口车,/usedcar/detail/AU7077060130/index.html,2026-06-21,2018,3.2,6200.0,Luxury (3001cc+),Chevrolet,Import
465,メルセデス・ベンツ,GLS 400 d 4マチック AMGライン ディーゼルターボ 4WD パノラマSR 黒革シート Burmesterサウンド HUD ACC ナビ TV 360°シートヒーター ベンチレーション 電動リアゲート アクティブパーキングアシスト マルチビームLED 温冷機能付きカップホルダー,739.7,730.0,"2021
(R03)","5
万km",2900CC,MT,Chiba,进口车,/usedcar/detail/AU7005773733/index.html,2026-06-21,2021,5.0,2900.0,Large (2001-3000cc),Mercedes-Benz,Import
466,,ＢＭＷ X1 xドライブ 18d xライン エディション ジョイプラス 4WD アドバンスドアクティブセーフティPKGライトPKG  ドライビングアシスト+ BMWコネクトドライブ パークアシスト BMWコネクテッドドライブ ヒルディセントコントロール 純正ナビ PWシート PWテールゲート ETC,284.8,277.5,"2021
(R03)","3.5
万km",2000CC,MT,Tokyo,进口车,/usedcar/detail/AU6903307826/index.html,2026-06-21,2021,3.5,2000.0,Mid-size (1501-2000cc),Unknown,Import
467,アウディ,A3スポーツバック 2.0 TFSI クワトロ スポーツ 4WD ナビゲーションパッケージ LEDライトパッケージ コンビニエンスパッケージ バーチャルコックピット/フラットボトム革巻きステアリングホイール,199.9,185.3,"2017
(H29)","2.3
万km",2000CC,MT,Hokkaido,进口车,/usedcar/detail/AU7020371316/index.html,2026-06-21,2017,2.3,2000.0,Mid-size (1501-2000cc),Audi,Import
468,ミニ,ミニ クーパーD 5ドア DCT ドライビングアシストPKG インテリジェントセーフティ 純正ナビ バックカメラ PDC パーキングアシスト クルーズコントロール LEDヘッドライト オートライト アイドリングストップ 純正16インチAW,219.8,212.7,"2021
(R03)","4.5
万km",1500CC,MT,Chiba,进口车,/usedcar/detail/AU7071731322/index.html,2026-06-21,2021,4.5,1500.0,Compact (<=1500cc),MINI,Import
469,フォルクスワーゲン,up! move up! 弊社下取車 純正オーディオ ドラレコ ETC 衝突軽減ブレーキ オートライト,109.0,92.8,"2020
(R02)","2.5
万km",1000CC,MT,Tokyo,进口车,/usedcar/detail/AU7099139786/index.html,2026-06-21,2020,2.5,1000.0,Compact (<=1500cc),VW,Import
470,,ルノー カングー ゼン EDC Panasonic製フローティングナビ　バックカメラ　ETC　LEDヘッドランプ　フォグランプ　クルーズコントロール　ルーフキャリア　キーレスエントリー　スペアキー,159.8,152.7,"2020
(R02)","4.6
万km",1200CC,MT,Okayama,进口车,/usedcar/detail/AU6956590219/index.html,2026-06-21,2020,4.6,1200.0,Compact (<=1500cc),Unknown,Import
471,メルセデス・ベンツ,Gクラス G400d AMGライン ディーゼルターボ 4WD MP202101 オブシディアンブラック,1330.2,1318.0,"2021
(R03)","4.5
万km",3000CC,MT,Chiba,进口车,/usedcar/detail/AU7018027342/index.html,2026-06-21,2021,4.5,3000.0,Large (2001-3000cc),Mercedes-Benz,Import
472,プジョー,SUV 2008 GT ハイブリッド 認定中古車 アクティブクルーズコントロール レーンポジショニングアシスト ステアリングパドルシフト AppleCarPlay ワイヤレスチャージ バックカメラ ETC 新車保証継承,365.0,348.0,"2025
(R07)","0.7
万km",1200CC,MT,Tokyo,进口车,/usedcar/detail/AU7002986641/index.html,2026-06-21,2025,0.7,1200.0,Compact (<=1500cc),Peugeot,Import
473,アウディ,Q3 35 TFSI アドバンスト ラグジュアリーPKG コンビニエンス&アシスタンスPKG テクノロジーPKG 黒革 アンビエントライト ACC サイドアシスト ワイヤレス充電 CarPlay 純正ナビ 360度カメラ バーチャルコックピット 前後ドラレコ LED ETC,388.8,378.8,"2025
(R07)","0.3
万km",1500CC,MT,Wakayama,进口车,/usedcar/detail/AU7091199496/index.html,2026-06-21,2025,0.3,1500.0,Compact (<=1500cc),Audi,Import
474,シトロエン,ベルランゴ シャイン ディーゼルターボ AppleCarplay マルチパノラミックルーフ アダプティブクルーズコントロール ブラインドスポットモニター フロント・サイド・バックソナー 純正16インチブラック塗装アルミ ETC 禁煙車,252.1,238.0,"2021
(R03)","3
万km",1500CC,8AT,Chiba,进口车,/usedcar/detail/AU7054065402/index.html,2026-06-21,2021,3.0,1500.0,Compact (<=1500cc),Citroen,Import
475,ミニ,ミニクロスオーバー クーパー S 認定中古車/クロスオーバー/アイランドブルー/禁煙車/アダプティブクルーズコントロール/衝突軽減ブレーキ/純正ナビゲーション/純正バックカメラ/ETC/コンフォートアクセス/LEDヘッドライト/フォグランプ,238.6,218.0,"2019
(H31)","1.9
万km",2000CC,MT,Aichi,进口车,/usedcar/detail/AU7021761209/index.html,2026-06-21,2019,1.9,2000.0,Mid-size (1501-2000cc),MINI,Import
476,メルセデス・ベンツ,CLAクラス CLA200d AMGライン ディーゼルターボ レーダーセーフティPKG アドバンスドPKG レザーエクスクルーシブPKG ナビゲーションPKG サンルーフ ディストロニック+ シートヒーター パワーシート LEDヘッドライト 純正18インチAW,244.9,231.0,"2019
(R01)","5.6
万km",2000CC,MT,Aichi,进口车,/usedcar/detail/AU7068927998/index.html,2026-06-21,2019,5.6,2000.0,Mid-size (1501-2000cc),Mercedes-Benz,Import
477,アウディ,A4アバント 40 TDI クワトロ アドバンスト ディーゼルターボ 4WD パノラマサンルーフ サラウンドビューカメラ オプションアルミホイル 禁煙車BANG & OLUFSENアドバンスドサウンド ブラインドスポット シートヒーター パワーシート ハンドルヒーター,432.0,424.0,"2024
(R06)","0.5
万km",2000CC,MT,Kyoto,进口车,/usedcar/detail/AU7080794691/index.html,2026-06-21,2024,0.5,2000.0,Mid-size (1501-2000cc),Audi,Import
478,,ＢＭＷ 8シリーズグランクーペ 840i Mスポーツ サンルーフ ハーマンカードン OP20インチAW ナビ フルセグTV 全周囲カメラ 本革 電動リアゲート ヘッドアップディスプレイ 前後ドラレコ ベンチレーション シートヒーター ACC BSM 禁煙車 ドラレコ ETC,519.8,511.2,"2019
(R01)","4.8
万km",3000CC,MT,Tokyo,进口车,/usedcar/detail/AU7020085635/index.html,2026-06-21,2019,4.8,3000.0,Large (2001-3000cc),Unknown,Import
479,メルセデス・ベンツ,Cクラス C200 アバンギャルド AMGラインパッケージ (ISG搭載モデル) MP202301 AMGライン ベーシックP レザーエクスクルーシブP パノラミックルーフ,475.0,455.0,"2023
(R05)","1.5
万km",1500CC,MT,Saitama,进口车,/usedcar/detail/AU6811425866/index.html,2026-06-21,2023,1.5,1500.0,Compact (<=1500cc),Mercedes-Benz,Import
480,アウディ,Q2 35 TFSI アドバンスト,302.3,285.9,"2024
(R06)","1.4
万km",1500CC,MT,Kanagawa,进口车,/usedcar/detail/AU6983683484/index.html,2026-06-21,2024,1.4,1500.0,Compact (<=1500cc),Audi,Import
481,ジープ,チェロキー リミテッド 4WD ラグュアリーパッケージ/パノラミックサンルーフ/レザー/純正ナビ/ワンセグ/CD/SD/Bluetooth/USB/AUX/Bカメラ/ETC/ドライブレコーダー/シートベンチレーション/シートヒーター/パワーバックドア/プッシュスタート,89.8,80.4,"2014
(H26)","7.7
万km",3200CC,MT,Mie,进口车,/usedcar/detail/AU6980274515/index.html,2026-06-21,2014,7.7,3200.0,Luxury (3001cc+),Jeep,Import
482,ジープ,ラングラー アンリミテッド スポーツ 4WD 4WD/禁煙/純正ナビ/BT/USB/AUX/ラジオ/革巻きステアリング/前席シートヒーター/ハンドルヒーター/純正17インチアルミホイール/アルパインスピーカー/前後社外カメラ,545.8,538.3,"2024
(R06)","4.8
万km",2000CC,MT,Gunma,进口车,/usedcar/detail/AU7088904057/index.html,2026-06-21,2024,4.8,2000.0,Mid-size (1501-2000cc),Jeep,Import
483,メルセデス・ベンツ,Vクラス V220 d アバンギャルド ロング AMGライン ディーゼルターボ パノラマSR Burmester リアモニター レーダーセーフティ ACc 純正ナビ TV 360° applecarplay 純19インチAW LEDヘッドライト 電動リアゲート 黒革 メモリ付きパワーシート シートヒーター デジタルインナーミラー,559.8,551.5,"2021
(R03)","3.8
万km",2100CC,MT,Osaka,进口车,/usedcar/detail/AU7056158195/index.html,2026-06-21,2021,3.8,2100.0,Large (2001-3000cc),Mercedes-Benz,Import
484,メルセデス・ベンツ,CLSクラス CLS220 d スポーツ エクスクルーシブ パッケージ ディーゼルターボ サンルーフ 黒革シート 電動トランク アダクティブクルーズコントロール ブラインドスポットモニター レーンキープアシスト 衝突軽減ブレーキ アンビエントライト,589.8,577.2,"2023
(R05)","3.5
万km",1900CC,MT,Saitama,进口车,/usedcar/detail/AU7072569289/index.html,2026-06-21,2023,3.5,1900.0,Mid-size (1501-2000cc),Mercedes-Benz,Import
485,ボルボ,XC90 B6 AWD Rデザイン 4WD harman/kardon パノラマSR SENSUSナビ 全周囲カメラ Bluetooth アップルカープレイ USB ワイヤレスチャージ 本革シート インテリセーフ LEDヘッドライト AHB,454.8,441.9,"2021
(R03)","5.7
万km",2000CC,MT,Okayama,进口车,/usedcar/detail/AU6987437253/index.html,2026-06-21,2021,5.7,2000.0,Mid-size (1501-2000cc),Volvo,Import
486,ボルボ,V40 T3 クラシック エディション ガラスルーフ 白革シート シートヒーター 衝突軽減ブレーキ アダプティブクルーズコントロール ブラインドスポットモニター 純正ナビ フルセグTV バックカメラ クリアランスソナー LEDヘッドライト オートライト,178.8,168.0,"2020
(R02)","3.8
万km",1500CC,MT,Tochigi,进口车,/usedcar/detail/AU6908775021/index.html,2026-06-21,2020,3.8,1500.0,Compact (<=1500cc),Volvo,Import
487,フォルクスワーゲン,T-Roc TDI スタイル ディーゼルターボ レザーシートPKG DiscoverProパッケージ パワーテールゲート 前後ドラレコ バックカメラ コーナーセンサー サイドアシスト レーンアシスト 禁煙者 スマートキー,300.4,280.0,"2023
(R05)","0.6
万km",2000CC,MT,Osaka,进口车,/usedcar/detail/AU6822343719/index.html,2026-06-21,2023,0.6,2000.0,Mid-size (1501-2000cc),VW,Import
488,フィアット,500C 1.2 ポップ レッド幌・電動オープン・純正OP7インチメモリナビ・BT/DVD/CD/SD/フルセグ・AUX/USB接続・バックカメラ・HIDヘッドライト・ヘッドライトレベライザー・純正15インチAW・ETC,109.8,102.4,"2016
(H28)","3
万km",1200CC,MT,Hokkaido,进口车,/usedcar/detail/AU6986181575/index.html,2026-06-21,2016,3.0,1200.0,Compact (<=1500cc),Fiat,Import
489,メルセデス・ベンツ,CLSクラス CLS220 d スポーツ エクスクルーシブ パッケージ ディーゼルターボ サンルーフ 純正ナビ 360°カメラ ACC HUD 黒革 ベンチレーター シートヒーター メモリーパワーシート LEDヘッドライト ハイビームアシスト アンビエントライト 電動リアゲート ETC,369.7,361.9,"2019
(R01)","5.7
万km",1900CC,MT,Chiba,进口车,/usedcar/detail/AU6984192772/index.html,2026-06-21,2019,5.7,1900.0,Mid-size (1501-2000cc),Mercedes-Benz,Import
490,アウディ,TT クーペ 2.0 TFSI クワトロ 4WD アシスタンスPKG マトリクスLEDヘッドランプ 純正19インチ5本ツインスポークAW バーチャルコックピット 地デジ バックカメラ パワーシート パドルシフト Sトロニック6AT ETC 禁煙車,199.9,186.0,"2016
(H28)","6.6
万km",2000CC,MT,Aichi,进口车,/usedcar/detail/AU7061215068/index.html,2026-06-21,2016,6.6,2000.0,Mid-size (1501-2000cc),Audi,Import
491,メルセデス・ベンツ,CLAクラス CLA200d AMGラインパッケージ ディーゼルターボ MP202301 AMGライン レーダーセーフティパッケージ リアビューカメラ アンビエントライト パワーシート ダイレクトステアリング シートヒーター キーレスゴー タッチパッド MBUXナビゲーションシステム,404.9,389.0,"2022
(R04)","0.7
万km",2000CC,MT,Kanagawa,进口车,/usedcar/detail/AU7089069714/index.html,2026-06-21,2022,0.7,2000.0,Mid-size (1501-2000cc),Mercedes-Benz,Import
492,プジョー,308SW GT ハイブリッド ACC サンルーフ ナビ サラウンドカメラ ハーフレザーシート シートヒーター LEDヘッドライト ブラインドアシスト 18AW 電動ゲート カープレイ対応オーディオ プラグインHV,319.0,299.8,"2023
(R05)","2.8
万km",1600CC,MT,Kanagawa,进口车,/usedcar/detail/AU6966701897/index.html,2026-06-21,2023,2.8,1600.0,Mid-size (1501-2000cc),Peugeot,Import
493,フォルクスワーゲン,ザ・ビートル デザイン マイスター ベージュレザー BSM パドルシフ純正ナビ ドライバーアシスト・ブラインドスポットディテクション(後方死角検知機能)・リアトラフィックアラート(後退時警告・衝突軽減ブレーキ) フルセグ ETC,168.8,159.0,"2019
(H31)","5.6
万km",1200CC,7AT,Fukushima,进口车,/usedcar/detail/AU6989604329/index.html,2026-06-21,2019,5.6,1200.0,Compact (<=1500cc),VW,Import
494,ボルボ,V90クロスカントリー D4 AWD ディーゼルターボ 4WD 純正ナビ 360°カメラ ACC レザーシート シートヒーター パワーシート 自動駐車 BLIS LEDヘッドライト オートライト 電動リアゲート ドラレコ 純正18インチAW 電動パーキングブレーキ ETC,328.8,320.9,"2019
(R01)","3.5
万km",2000CC,MT,Chiba,进口车,/usedcar/detail/AU7053133931/index.html,2026-06-21,2019,3.5,2000.0,Mid-size (1501-2000cc),Volvo,Import
495,ミニ,ミニ クーパーD 5ドア DCT 禁煙 ワンオーナー クラシックトリム AppleCarPlay シートヒーター バックカメラ MINIドライビングモード ミラーETC クルーズコントロール アンビエントライト インテリジェントセーフティ 16インチオプションAW,244.8,235.0,"2023
(R05)","3.4
万km",1500CC,MT,Tochigi,进口车,/usedcar/detail/AU6901793392/index.html,2026-06-21,2023,3.4,1500.0,Compact (<=1500cc),MINI,Import
496,フィアット,アバルト 595 F595 認定中古車保証　右5速マニュアル　純正前後ドライブレコーダー　ETC　社外ナビゲーション　バックカメラ　TV DVD　CD,275.0,259.9,"2022
(R04)","2
万km",1400CC,5MT,Chiba,进口车,/usedcar/detail/AU6942771241/index.html,2026-06-21,2022,2.0,1400.0,Compact (<=1500cc),Fiat,Import
497,,ルノー メガーヌ インテンス 純正ディスプレイオーディオ applecarplay バックカメラ ACC 純正18インチAW LEDヘッドライト クリアランスソナー ブラインドスポット スマートキー ハーフ革 シートヒーター AUX USB Bluetooth ETC ドラレコ,179.8,169.8,"2021
(R03)","3.7
万km",1300CC,MT,Osaka,进口车,/usedcar/detail/AU7041925026/index.html,2026-06-21,2021,3.7,1300.0,Compact (<=1500cc),Unknown,Import
498,,ＢＭＷ 1シリーズ 118d プレイ ディーゼルターボ iDriveナビゲーションPKG　アクティブクルーズコントロール　パワーシート　リアビューカメラ　ルームミラー内蔵ETC　ドライビングアイスト　パーキングアシスト　LEDヘッド　純正16インチAW,214.9,201.2,"2022
(R04)","2.4
万km",2000CC,MT,Chiba,进口车,/usedcar/detail/AU7092014166/index.html,2026-06-21,2022,2.4,2000.0,Mid-size (1501-2000cc),Unknown,Import
499,メルセデス・ベンツ,CLEクーペ 200 スポーツ (ISG) MP202601 メーカーデモカー 新車保証継承 パノラミックスライディングルーフ ブルメスター3Dサラウンド エアバランスパッケージ エンジニアリングパッケージ シートヒーター ヘッドアップディスプレイ,843.2,828.0,"2026
(R08)","0.4
万km",2000CC,MT,Kanagawa,进口车,/usedcar/detail/AU7081190167/index.html,2026-06-21,2026,0.4,2000.0,Mid-size (1501-2000cc),Mercedes-Benz,Import
500,ジープ,コンパス リミテッド 4WD beatsサウンド 純正ナビ AppleCarPlay 地デジ Bluetooth バックカメラ 黒革 パワーシート シートヒーター コーナーセンサー ACC ETC 純正18インチアルミホイール アイドリングストップ HIDライト!!!,194.8,186.2,"2020
(R02)","4.1
万km",2400CC,MT,Saitama,进口车,/usedcar/detail/AU7059494201/index.html,2026-06-21,2020,4.1,2400.0,Large (2001-3000cc),Jeep,Import
501,メルセデス・ベンツ,メルセデスＡＭＧ Cクラスワゴン C43 4マチック 4WD MP202502 弊社デモアップ/ワンオーナー/ナイトP/メモリ付きパワーシート/シートヒーター・ベンチレーター/アンビエントライト/リアアクスルステアリング/全方位カメラ/パノラミックスライディングルーフ/新車保証継承,1045.1,1028.0,"2025
(R07)","0.3
万km",2000CC,MT,Tokyo,进口车,/usedcar/detail/AU6967039640/index.html,2026-06-21,2025,0.3,2000.0,Mid-size (1501-2000cc),Mercedes-Benz,Import
502,ミニ,ミニ ヴィクトリア 5ドア DCT 中期型 ペッパーPKG MINIエキサイトメントPKG 純正ナビ BT USB リアビュ-カメラ LEDヘッドライト ホワイトタ-ンライト フロントフォグランプ ETC ドライブレコ-ダ- 純正15インチアルミホイ-ル 禁煙車,149.1,142.3,"2019
(R01)","3.4
万km",1500CC,MT,Ibaraki,进口车,/usedcar/detail/AU7072714884/index.html,2026-06-21,2019,3.4,1500.0,Compact (<=1500cc),MINI,Import
503,,ＢＭＷ X5 xドライブ 35d Mスポーツ 4WD ハーマンカードン ヘッドアップディスプレイ メモリー付パワーシート アダプティブクルーズコントロール レーンキープアシスト オートホールド ブラックルーフレール 純正AW 純正ナビ フルセグTV DVD CD,294.8,285.1,"2016
(H28)","2.9
万km",3000CC,MT,Aomori,进口车,/usedcar/detail/AU7050874916/index.html,2026-06-21,2016,2.9,3000.0,Large (2001-3000cc),Unknown,Import
504,メルセデス・ベンツ,Aクラス A200d ディーゼルターボ 正規認定中古車/2年保証/レーダーセーフティパッケージ/ナビゲーションパッケージ/プライバシーガラス/アクティブステアリングアシスト/シートヒーター/メモリー付パワーシート/キーレスゴー,212.0,198.0,"2019
(R01)","2.9
万km",2000CC,MT,Fukui,进口车,/usedcar/detail/AU7032029027/index.html,2026-06-21,2019,2.9,2000.0,Mid-size (1501-2000cc),Mercedes-Benz,Import
505,ミニ,ミニクロスオーバー クーパー SD オール4 プレミアムプラスパッケージ 4WD yours ホイール/ワンオーナー/Apple CarPlay/前後ドラレコ/ハーフレザー/シートヒーター/バックカメラ/禁煙車/ルーフレール/マルチディスプレイメーターパネル/電動リアゲート/コンフォートアクセス/フルセグ,384.4,362.0,"2023
(R05)","0.5
万km",2000CC,MT,Osaka,进口车,/usedcar/detail/AU6927611087/index.html,2026-06-21,2023,0.5,2000.0,Mid-size (1501-2000cc),MINI,Import
506,メルセデス・ベンツ,メルセデスＡＭＧ GT 43 クーペ MP202501 360°カメラシステム,1380.0,1368.0,"2025
(R07)","0.3
万km",2000CC,MT,Chiba,进口车,/usedcar/detail/AU7030960166/index.html,2026-06-21,2025,0.3,2000.0,Mid-size (1501-2000cc),Mercedes-Benz,Import
507,フィアット,500(チンクエチェント) スーパーポップ フィオーレ 75台限定車 ワンオーナー 純正ディスプレイオーディオ applecarplay USB Bluetooth 純正14インチAW ハーフ革 リモコンキー ETC ドライブレコーダー 純正フロアマット .,125.8,116.7,"2020
(R02)","4
万km",900CC,MT,Osaka,进口车,/usedcar/detail/AU6960937412/index.html,2026-06-21,2020,4.0,900.0,Compact (<=1500cc),Fiat,Import
508,ミニ,ミニクロスオーバー クーパー D オール4 4WD パノラマサンルーフ 革シートセット ペッパーパッケージ アダプティブLEDヘッドランプ アクティブクルーズコントロール パワーシート シートヒーター 電動リアゲート 純正ナビ Bluetooth,214.9,200.1,"2018
(H30)","5
万km",2000CC,MT,Hokkaido,进口车,/usedcar/detail/AU7084987861/index.html,2026-06-21,2018,5.0,2000.0,Mid-size (1501-2000cc),MINI,Import
509,メルセデス・ベンツ,GLAクラス GLA200 d 4マチック ディーゼルターボ 4WD レーダーセーフティPKG 全周囲カメラ LEDハイパフォーマンスヘッドランプ 10.25インチコクピットディスプレイ フットトランクオープナー シートヒーター 純正18インチアルミ 禁煙車,374.9,354.9,"2023
(R05)","2
万km",1900CC,MT,Osaka,进口车,/usedcar/detail/AU7066584545/index.html,2026-06-21,2023,2.0,1900.0,Mid-size (1501-2000cc),Mercedes-Benz,Import
510,メルセデス・ベンツ,GLB 200d 4マチック AMGラインパッケージ ディーゼルターボ 4WD MP202202 弊社下取/フルオプション/黒革/アドバンスドP/レザーエクスクルーシブP/パノラマ/アンビエントライト/全方位カメラ/シートヒーター/Bluetooth接続/3列シート/ヘッドアップディスプレイ/LEDヘッドライト/認定中古車,537.7,518.0,"2022
(R04)","1.5
万km",1900CC,MT,Kanagawa,进口车,/usedcar/detail/AU7095652012/index.html,2026-06-21,2022,1.5,1900.0,Mid-size (1501-2000cc),Mercedes-Benz,Import
511,,ＢＭＷ 1シリーズ 118i プレイ DCT ガラスサンルーフ　アクティブクルーズコントロール　オートトランク　電動シートメモリー付　パーキングアシスト　リバースアシスト　レーンアシスト　オートホールド　コンフォートアクセス,273.4,258.0,"2023
(R05)","1
万km",1500CC,MT,Kanagawa,进口车,/usedcar/detail/AU6930836031/index.html,2026-06-21,2023,1.0,1500.0,Compact (<=1500cc),Unknown,Import
512,フォルクスワーゲン,ザ・ビートル Rライン マイスター VW認定中古車 純正ナビ バックカメラ フルセグTV ブラインドスポットモニター Bluetooth ETC クルーズコントロール スペアキー 純正アルミホイール,263.1,249.7,"2020
(R02)","4.1
万km",1390CC,MT,Wakayama,进口车,/usedcar/detail/AU6852534242/index.html,2026-06-21,2020,4.1,1390.0,Compact (<=1500cc),VW,Import
513,BMW,ＢＭＷ 3シリーズ M340i xドライブ 4WD ブラックレザー　19インチAW　電動リアゲート　ハーマンカードンスピーカー　純正TV　全周囲カメラ　カーブドディスプレイ　ヘッドアップディスプレイ　ハンズオフ追従クルコン　パドルシフト　ランバーサポート,675.7,652.0,"2022
(R04)","1.2
万km",3000CC,MT,Hyogo,进口车,/usedcar/detail/AU7084826078/index.html,2026-06-21,2022,1.2,3000.0,Large (2001-3000cc),BMW,Import
514,メルセデス・ベンツ,CLEクーペ 200 スポーツ (ISG) MP202501 レザーエクスクルーシブパッケージ,853.5,838.0,"2025
(R07)","0.1
万km",2000CC,MT,Chiba,进口车,/usedcar/detail/AU6975797887/index.html,2026-06-21,2025,0.1,2000.0,Mid-size (1501-2000cc),Mercedes-Benz,Import
515,メルセデス・ベンツ,SLKクラス SLK200 エクスクルーシブ レーダーセーフティPKG 純正ナビ TV バックカメラ レッドステッチレザーシート HIDヘッドライト 純正18インチAW キーレス ETC ドラレコ シートヒーター バリオルーフ 右ハンドル,260.9,248.0,"2016
(H28)","1.3
万km",2000CC,MT,Ibaraki,进口车,/usedcar/detail/AU6981930044/index.html,2026-06-21,2016,1.3,2000.0,Mid-size (1501-2000cc),Mercedes-Benz,Import
516,フォルクスワーゲン,ゴルフヴァリアント TDI スタイル プラチナム エディション ディーゼルターボ DiscoverPro/シートヒーター/ハンドルヒーター/ハドルシフト/バックカメラ/アダプティブクルーズコントロール/ヘッドアップディスプレイ/TV/LEDマトリクスヘッドライト/ワイヤレスチャージ/ルーフレール/ETC,308.0,288.0,"2024
(R06)","0.6
万km",2000CC,MT,Osaka,进口车,/usedcar/detail/AU7080152178/index.html,2026-06-21,2024,0.6,2000.0,Mid-size (1501-2000cc),VW,Import
517,ポルシェ,718ケイマン PDK スポーツクロノ BOSE 黒革 シートヒーター 純正ナビ バックカメラ 地デジTV クルーズコントロール 18インチケイマンホイール ドライブレコーダー ETC車載器 スポーツクロノパッケージ BOSEサウンド レザーシート,569.8,562.3,"2018
(H30)","3.9
万km",2000CC,MT,Mie,进口车,/usedcar/detail/AU7020767873/index.html,2026-06-21,2018,3.9,2000.0,Mid-size (1501-2000cc),Porsche,Import
518,アウディ,A6アバント 40 TDI クワトロ スポーツ Sラインパッケージ ディーゼルターボ 4WD 白革 ACC 360°カメラ メモリー付パワーシー シートヒーター 純正ナビ(BT/AppleCarPlay/USB/フルセグ) LKA BSM ドライブセレクト 電動リアゲート ワイヤレスチャージ オプションホイール,369.8,361.7,"2021
(R03)","4.1
万km",2000CC,MT,Shizuoka,进口车,/usedcar/detail/AU6927279774/index.html,2026-06-21,2021,4.1,2000.0,Mid-size (1501-2000cc),Audi,Import
519,プジョー,308SW GT ブルーHDi ディーゼルターボ パノラマミックサンルーフ 360度ビジョン アダプティブクルーズコントロール ハンズフリーパワーバックドア 純正ナビ LEDヘッドライト ブラインドスポットモニター 衝突軽減,329.9,316.4,"2024
(R06)","1.6
万km",1500CC,MT,Aichi,进口车,/usedcar/detail/AU7048483902/index.html,2026-06-21,2024,1.6,1500.0,Compact (<=1500cc),Peugeot,Import
520,フォルクスワーゲン,up! ハイアップ 禁煙車/シートヒーター/ETC/アイドリングストップ/純正アルミホイール/オートエアコン/,88.9,78.2,"2018
(H30)","4.7
万km",1000CC,MT,Fukuoka,进口车,/usedcar/detail/AU7059665252/index.html,2026-06-21,2018,4.7,1000.0,Compact (<=1500cc),VW,Import
521,BMW,ＢＭＷ Z4 sドライブ 20i Mスポーツ ワンオーナー　セレクトPKG　ヘッドアップディスプレイ　ステアリングヒーター　harman/kardon フルセグTV　黒レザーシート　パドルシフト　純正タッチパネルHDDナビ　シートヒーター　禁煙　バックカメラ,622.3,605.0,"2024
(R06)","400
km",2000CC,MT,Hyogo,进口车,/usedcar/detail/AU7022390036/index.html,2026-06-21,2024,0.04,2000.0,Mid-size (1501-2000cc),BMW,Import
522,,ＢＭＷ 3シリーズ 320d xドライブ エディション ジョイプラス ディーゼルターボ 4WD HiLineパッケージホワイトレザーシートコンフォートPKGプラスPKGドライビングアシストACC車線逸脱警告BSMIDriveHDDナビCarplayBluetooth対応全方位カメラ前後ドラレコ,238.8,231.7,"2021
(R03)","4.8
万km",2000CC,MT,Shizuoka,进口车,/usedcar/detail/AU7086535645/index.html,2026-06-21,2021,4.8,2000.0,Mid-size (1501-2000cc),Unknown,Import
523,メルセデス・ベンツ,GLCクーペ 220 d 4マチック (ISG) ディーゼルターボ 4WD MP202601 新車保証継承 正規認定中古車 AMGラインパッケージ パノラミックスライディングルーフ 弊社デモカーアップ 20インチAW 360度カメラ シートヒーター 電動テールゲート メモリ付きパワーシート ETC ACC,806.3,789.0,"2025
(R07)","0.7
万km",2000CC,MT,Kanagawa,进口车,/usedcar/detail/AU7082553998/index.html,2026-06-21,2025,0.7,2000.0,Mid-size (1501-2000cc),Mercedes-Benz,Import
524,,ＢＭＷ 3シリーズツーリング 320d xドライブ Mスポーツ ディーゼルターボ 4WD AppleCarPlay/全方位カメラ/HUD/BSM/ACC/アンビエントライト/レーダークルコン/レーンキープアシスト/ブラインドスポット/シートヒーター/シートメモリー/パワーシート/カープレイ/ヘッドアップディスプレイ,469.8,457.1,"2025
(R07)","1.3
万km",2000CC,MT,Aichi,进口车,/usedcar/detail/AU7077244775/index.html,2026-06-21,2025,1.3,2000.0,Mid-size (1501-2000cc),Unknown,Import
525,アウディ,Q2 35 TDI スポーツ ディーゼルターボ コンビニエンス&アシスタンスPKG ACC サイドアシスト レ-ンアシスト シ-トヒ-タ- オ-トマチックテ-ルゲ-ト LED ハイビ-ムアシスト MMIナビ 12セグ BT USB バ-チャルコックピット 純正前後ドラレコ ETC2.0 禁煙車,238.5,231.8,"2021
(R03)","3.8
万km",2000CC,MT,Ibaraki,进口车,/usedcar/detail/AU6946179215/index.html,2026-06-21,2021,3.8,2000.0,Mid-size (1501-2000cc),Audi,Import
526,ジャガー,XE Rダイナミック S 2.0L D200 ディーゼルターボ 4WD シートヒーター バックカメラ ACC ETC,359.2,339.8,"2023
(R05)","3.4
万km",2000CC,MT,Hyogo,进口车,/usedcar/detail/AU6942769713/index.html,2026-06-21,2023,3.4,2000.0,Mid-size (1501-2000cc),Jaguar,Import
527,アウディ,A6アバント 40TDIクワトロ 4WD AppleCarPlay/黒革シート/ステアリングヒーター/カープレイ/バックカメラ/レーダークルコン/ブラインドスポット/ACC/BSM/アクティブドライブアシスト/バーチャルコックピット/シートヒーター/パワーシート,370.8,362.0,"2022
(R04)","4.9
万km",2000CC,MT,Aichi,进口车,/usedcar/detail/AU7028412847/index.html,2026-06-21,2022,4.9,2000.0,Mid-size (1501-2000cc),Audi,Import
528,メルセデス・ベンツ,Eクラスワゴン E200 スポーツ (BSG搭載モデル) 認定中古車保証付き 弊社ユーザー様お下取り車 AMGライン 本革シート ヘッドアップディスプレイ ブルメスターサウンド パヒュームアトマイザー アンビエントライト(64色) 後席シートヒーター,414.2,398.0,"2020
(R02)","4.2
万km",1500CC,MT,Kanagawa,进口车,/usedcar/detail/AU7074837659/index.html,2026-06-21,2020,4.2,1500.0,Compact (<=1500cc),Mercedes-Benz,Import
529,アウディ,Q7 50 TDI クワトロ Sライン ディーゼルターボ 4WD パノラマサンルーフ ブラックAudi rings&ブラックスタイリングPKG プレミアムPKG スマートフォンインターフェース サラウンドビューカメラ アダプティブクルーズコントロール オートマチックテールゲート,715.8,697.7,"2024
(R06)","0.7
万km",3000CC,MT,Osaka,进口车,/usedcar/detail/AU7049340673/index.html,2026-06-21,2024,0.7,3000.0,Large (2001-3000cc),Audi,Import
530,メルセデス・ベンツ,CLSクラス CLS220 d スポーツ エクスクルーシブ パッケージ ディーゼルターボ サンルーフ 黒革 シートベンチレーション 純正ナビ カープレイ Bluetooth 全周囲カメラ Burmester エアサスペンション 純正19インチAW 禁煙車,359.9,339.6,"2019
(R01)","5.8
万km",1900CC,9AT,Osaka,进口车,/usedcar/detail/AU7026558599/index.html,2026-06-21,2019,5.8,1900.0,Mid-size (1501-2000cc),Mercedes-Benz,Import
531,メルセデス・ベンツ,CLSクラス CLS220 d スポーツ エクスクルーシブ パッケージ ディーゼルターボ サンルーフ 純正ナビ 360°カメラ ACC HUD レザーシート シートヒーター ベンチレーター LEDヘッドライト ハイビームアシスト 電動リアゲート アンビエントライト ETC エアサス Burmester,359.7,347.6,"2018
(H30)","6.4
万km",1900CC,MT,Chiba,进口车,/usedcar/detail/AU6958498919/index.html,2026-06-21,2018,6.4,1900.0,Mid-size (1501-2000cc),Mercedes-Benz,Import
532,メルセデス・ベンツ,Cクラス C200 アバンギャルド (ISG搭載モデル) 弊社下取/ベーシックパッケージ/ヘッドアップディスプレイ/MBUXARナビゲーション/アンビエントライト64色/電動リアゲート/360°カメラシステム/メモリ付きパワーシート/シートヒーター/Bluetooth/認定中古車,424.2,408.0,"2022
(R04)","1.7
万km",1500CC,MT,Tokyo,进口车,/usedcar/detail/AU7074991835/index.html,2026-06-21,2022,1.7,1500.0,Compact (<=1500cc),Mercedes-Benz,Import
533,,ＢＭＷ X2 xドライブ20i MスポーツX 4WD アドバンスド・アクティブ・セーフティPKG ハイラインPKG ACC HUD LKA 黒革シート パワーシート フロントシートヒーター Bカメラ LEDヘッド&フォグ オートライト オートハイビーム 純正19インチAW 純正HDDナビ 禁煙,195.8,184.4,"2019
(R01)","5.1
万km",2000CC,MT,Nagano,进口车,/usedcar/detail/AU7012149442/index.html,2026-06-21,2019,5.1,2000.0,Mid-size (1501-2000cc),Unknown,Import
534,アウディ,A4アバント 35 TFSI アドバンスト ラグジュアリーPKG パークアシストPKG アダプティブクルーズコントロール レーンキープアシスト ブラインドスポットモニター パークディスタンスコントロール パワーシート シートヒーター マトリクスLED,272.8,261.8,"2021
(R03)","2.5
万km",2000CC,MT,Shizuoka,进口车,/usedcar/detail/AU7074297444/index.html,2026-06-21,2021,2.5,2000.0,Mid-size (1501-2000cc),Audi,Import
535,フィアット,500X グランビスタ 128台限定車 電動サンルーフ 認定中古車 限定車カラーイタリアンブルーアンドブラック LEDヘッドライト 17インチアルミ ユーコネクト,169.4,154.2,"2021
(R03)","4.2
万km",1300CC,MT,Aichi,进口车,/usedcar/detail/AU6835948929/index.html,2026-06-21,2021,4.2,1300.0,Compact (<=1500cc),Fiat,Import
536,プジョー,SUV 2008 GT ハイブリッド 元試乗車/新車保証継承/禁煙車/D席パワーシート/フロントシートヒーター/バックモニター/フロントカメラ/純正17AW/コーナーセンサー/ハーフレザーシート/アクティブクルーズコントロール/ディスプレイオーディオ,372.7,357.0,"2025
(R07)","541
km",1200CC,MT,Aichi,进口车,/usedcar/detail/AU7070149735/index.html,2026-06-21,2025,0.0541,1200.0,Compact (<=1500cc),Peugeot,Import
537,,ＢＭＷ 6シリーズグランクーペ 640i サンルーフ　コンフォートPKG　黒革　クルーズコントロール　LEDヘッドライト　ベンチレーションシート　全席シートヒーター　デュアルオートエアコン　バックカメラ　地デジTV　純正ナビ　禁煙車,204.9,188.5,"2015
(H27)","1.8
万km",3000CC,MT,Osaka,进口车,/usedcar/detail/AU7066294048/index.html,2026-06-21,2015,1.8,3000.0,Large (2001-3000cc),Unknown,Import
538,メルセデス・ベンツ,Gクラス G350d AMGライン ディーゼルターボ 4WD AMGラインパッケージ/Burmesterサウンドシステム/ガラススライディングルーフ/本革シート/本革巻ステアリング/空気清浄機能/AMGラインエクステリア/ツートンインテリア/シートヒーター/ETC2.0,1424.7,1408.0,"2022
(R04)","1.2
万km",3000CC,MT,Tokyo,进口车,/usedcar/detail/AU7069999620/index.html,2026-06-21,2022,1.2,3000.0,Large (2001-3000cc),Mercedes-Benz,Import
539,ジープ,コンパス リミテッド 4WD ACC ALPINEサウンド 純正ナビ TV 360° applecarplay 純正18インチAW LEDヘッドライト 電動リアゲート ワイヤレス充電 黒革 パワーシート Dシートメモリ シートヒーター ステアリングヒーター ブラインドスポット,269.8,258.0,"2023
(R05)","5.7
万km",2400CC,MT,Osaka,进口车,/usedcar/detail/AU7042093695/index.html,2026-06-21,2023,5.7,2400.0,Large (2001-3000cc),Jeep,Import
540,ジャガー,XE プレステージ 2.0L D180 ディーゼルターボ メリディアンサラウンド ACC BSM レーンキープ 衝突軽減 黒レザーシート シートヒーター パワーシート ナビ フルセグTV 前後ソナー スマートキー キセノンライト ETC,179.8,167.2,"2019
(H31)","2.5
万km",2000CC,MT,Fukuoka,进口车,/usedcar/detail/AU7073661536/index.html,2026-06-21,2019,2.5,2000.0,Mid-size (1501-2000cc),Jaguar,Import
541,ジープ,グランドチェロキー リミテッド 4WD 弊社デモカー 4WD ACC Applecarplay/androidauto 360度カメラ アイシンナビゲーション シートメモリ ベンチレーション シートヒーター 認定中古車,644.5,628.0,"2025
(R07)","0.2
万km",2000CC,MT,Kanagawa,进口车,/usedcar/detail/AU6687308293/index.html,2026-06-21,2025,0.2,2000.0,Mid-size (1501-2000cc),Jeep,Import
542,プジョー,5008 アリュール ACC パノラマサンルーフ ハーフレザーシート シートヒーター フロント&バックカメラ ブラインドスポットアシスト 電動テールゲート ドライブレコーダー ワイヤレスチャージング 3列シート7人乗り,214.0,196.8,"2019
(R01)","2.7
万km",1600CC,MT,Kanagawa,进口车,/usedcar/detail/AU7021925216/index.html,2026-06-21,2019,2.7,1600.0,Mid-size (1501-2000cc),Peugeot,Import
543,,ＢＭＷ X2 xドライブ20d MスポーツX ディーゼルターボ 4WD ワンオーナー 純正ナビ バックカメラ Bluetooth ドライビングアシストプラス パーキングアシスト コンフォートパッケージ ハーフレザーシート シートヒーター ACC LEDヘッドライト パワーバックドア 純正19インチAW,288.8,280.7,"2022
(R04)","3.1
万km",2000CC,MT,Kumamoto,进口车,/usedcar/detail/AU7034551944/index.html,2026-06-21,2022,3.1,2000.0,Mid-size (1501-2000cc),Unknown,Import
544,アウディ,A1スポーツバック 25 TFSI アドバンスト コンビニ&アシスタンスPKG ナビゲーションPKG スマートフォンインターフェース コントラストルーフ ワイヤレスチャージ ACC サイドアシスト MMIナビ バーチャルコックピット Bカメラ クリアランスソナー 認定中古車,303.4,287.7,"2025
(R07)","0.1
万km",1000CC,MT,Osaka,进口车,/usedcar/detail/AU7050192741/index.html,2026-06-21,2025,0.1,1000.0,Compact (<=1500cc),Audi,Import
545,BMW,ＢＭＷ X1 xドライブ 18d xライン 4WD 正規認定中古車 全国正規ディーラー保証付/2年・走行距離無制限 18AW LEDヘッドライト コンフォートPKG ブラックハーフレザーシート 前後ドラレコ レーンキープアシスト Pアシスト リアシートスライディング 禁煙車,299.7,278.0,"2020
(R02)","1.9
万km",2000CC,MT,Tokyo,进口车,/usedcar/detail/AU7047304617/index.html,2026-06-21,2020,1.9,2000.0,Mid-size (1501-2000cc),BMW,Import
546,メルセデス・ベンツ,CLSクラス CLS450 4マチック スポーツ エクスクルーシブ パッケージ (ISG搭載モデル) 4WD 正規認定中古車/2年保証/エクスクルーシブパッケージナッパレザーシート/シートベンチレーター/ドライビングダイナミックシート/ヘッドアップディスプレイ/ブルメスターサラウンドサウンド,497.0,468.0,"2018
(H30)","0.9
万km",3000CC,MT,Fukui,进口车,/usedcar/detail/AU6954912200/index.html,2026-06-21,2018,0.9,3000.0,Large (2001-3000cc),Mercedes-Benz,Import
547,,米国トヨタ タンドラ クルーマックス SR5 5.7 V8 4WD 2014年モデル　新車並行車　CARFAX&AutoCheck有り　FUEL20インチAW　フロント&サイド&バックカメラ　前後ドラレコ　ETC　社外トノカバー　社外サイドステップ　Carrozzeriaメモリーナビ　フルセグTV,579.2,568.0,"2015
(H27)","4.4
万km",5700CC,MT,Tochigi,进口车,/usedcar/detail/AU6954409315/index.html,2026-06-21,2015,4.4,5700.0,Luxury (3001cc+),Unknown,Import
548,メルセデス・ベンツ,メルセデスＡＭＧ Cクラス C43 4マチック 4WD 正規認定中古車/2年保証/パノラミックスライディングルーフ/エアバランスパッケージ/パフュームアトマイザー/ブルメスターサラウンドサウンド/ブラックレザー/レーダーセーフティパッケージ,492.0,468.0,"2018
(H30)","1.1
万km",3000CC,MT,Fukui,进口车,/usedcar/detail/AU7083036917/index.html,2026-06-21,2018,1.1,3000.0,Large (2001-3000cc),Mercedes-Benz,Import
549,ミニ,ミニクラブマン バッキンガム 特別仕様車 純正ナビ クルーズコントロール コンフォートアクセス LEDヘッド・フロントフォグ ボディ同色ドアミラー クロームラインエクステリア 純正16インチアルミホイール 禁煙車,134.9,120.7,"2017
(H29)","3.1
万km",1500CC,MT,Chiba,进口车,/usedcar/detail/AU6982478985/index.html,2026-06-21,2017,3.1,1500.0,Compact (<=1500cc),MINI,Import
550,フォルクスワーゲン,ゴルフトゥーラン TDI コンフォートライン ディーゼルターボ ・HDDナビ・フルセグテレビ・バックカメラ・TVチューナー・CD/DVD/BT・アイドリングストップ・アダプティブクルーズコントロール・ドアバイザー・レーンアシスト・スピードリミッター・歩行者検知システム,192.7,185.6,"2019
(R01)","4.4
万km",2000CC,MT,Kumamoto,进口车,/usedcar/detail/AU7015277103/index.html,2026-06-21,2019,4.4,2000.0,Mid-size (1501-2000cc),VW,Import
551,アウディ,RS3スポーツバック 2.5 4WD RSエキゾーストシステム RSデザインパッケージレッド パノラマサンルーフ オプション19インチAW レッドキャリパー マトリクスLED ワイヤレスチャージ プライバシーガラス 1オーナー,868.5,849.9,"2025
(R07)","0.1
万km",2500CC,MT,Kanagawa,进口车,/usedcar/detail/AU6985421620/index.html,2026-06-21,2025,0.1,2500.0,Large (2001-3000cc),Audi,Import
552,,ＢＭＷ 4シリーズカブリオレ 440i Mスポーツ 直6/B58/オプションカラー/レッドレザー/専用装備/19インチAW/車検R10.6/ACC/ヘッドアップディスプレイ/レーンチェンジウォーニング/インテリジェントセーフティ/ブラックキドニーグリル/スルーローディング/地デジ,495.1,478.0,"2017
(H29)","1.7
万km",2997CC,MT,Tokyo,进口车,/usedcar/detail/AU7091719275/index.html,2026-06-21,2017,1.7,2997.0,Large (2001-3000cc),Unknown,Import
553,メルセデス・ベンツ,GLB 200d 4マチック AMGライン ディーゼルターボ 4WD ポーラーホワイト スライディングルーフ AMGレザークスクルーシブPKG AMGスタイリングパッケージ 19インチAMG5ツインスポークアルミホイール ヘッドアップディスプレイ,524.4,498.0,"2021
(R03)","2.1
万km",1900CC,MT,Tokyo,进口车,/usedcar/detail/AU6972066794/index.html,2026-06-21,2021,2.1,1900.0,Mid-size (1501-2000cc),Mercedes-Benz,Import
554,メルセデス・ベンツ,GLAクラス GLA220 4マチック 4WD プレミアムPKG レーダーセーフティPKG パノラミックスライディングルーフ harman/kardonサラウンド メモリー付きフルパワーシート アンビエントライト 純正HDDナビ フルセグTV バックカメラ 禁煙車,249.8,241.6,"2020
(R02)","1.9
万km",2000CC,MT,Hokkaido,进口车,/usedcar/detail/AU7075023278/index.html,2026-06-21,2020,1.9,2000.0,Mid-size (1501-2000cc),Mercedes-Benz,Import
555,フォルクスワーゲン,ゴルフトゥーラン TSI コンフォートライン LEDヘッドランプ 純正ナビTV バックカメラ ドライブレコーダー ETC Bluetooth 記録簿 16インチ純正アルミホイール オートエアコン 3列シート 7人乗り ルーフレール クルーズコントロール,149.7,133.2,"2016
(H28)","3.9
万km",1400CC,MT,Fukuoka,进口车,/usedcar/detail/AU6672310485/index.html,2026-06-21,2016,3.9,1400.0,Compact (<=1500cc),VW,Import
556,ミニ,ミニクロスオーバー クーパー S ブラックヒース 特別仕様車,209.9,195.5,"2018
(H30)","3.3
万km",2000CC,MT,Saitama,进口车,/usedcar/detail/AU7095653554/index.html,2026-06-21,2018,3.3,2000.0,Mid-size (1501-2000cc),MINI,Import
557,ポルシェ,マカン PDK 4WD 純正ナビ Bカメラ 前席パワーシート シートヒーター パワーバックドア クルコン 純正アルミホイール18インチ 内装ベージュシート スペアキー×1 前後ドラレコ Bluetooth レーンキープアシス,268.8,255.9,"2017
(H29)","4.6
万km",2000CC,MT,Kochi,进口车,/usedcar/detail/AU7056317241/index.html,2026-06-21,2017,4.6,2000.0,Mid-size (1501-2000cc),Porsche,Import
558,フォルクスワーゲン,ゴルフヴァリアント R 4WD 本革 サンルーフ メモリー付パワーシート シートヒーター 純正ナビ(BT/AppleCarPlay/CD/DVD/フルセグ) BSM LKA ACC ESC パークアシスト ルーフレール LED オートライト Bカメラ 純正18インチアルミホイール ETC2.0,306.8,295.5,"2019
(H31)","4.3
万km",2000CC,MT,Shizuoka,进口车,/usedcar/detail/AU6956752852/index.html,2026-06-21,2019,4.3,2000.0,Mid-size (1501-2000cc),VW,Import
559,メルセデス・ベンツ,Vクラス V220 d スポーツ ロング ディーゼルターボ パノラマSR 黒革シート ACC ナビ TV 後席モニター 360° Bluetooth接続 電動シート シートヒーター 電動リアゲート LEDハイパフォーマンスヘッドライト ハイビームアシスト レーダーセーフティPKG,439.5,426.3,"2019
(R01)","4.2
万km",2100CC,MT,Chiba,进口车,/usedcar/detail/AU7056684831/index.html,2026-06-21,2019,4.2,2100.0,Large (2001-3000cc),Mercedes-Benz,Import
560,ジープ,グランドチェロキー リミテッド (エアサスペンション無し仕様) 4WD 黒革シート シートベンチレーション シートヒーター パワーシート アダプティブクルーズコントロール ALPINE製プレミアムサウンド 純正ナビ フロント・サイド・バックカメラ 電動リアゲート 禁煙車,344.9,327.7,"2021
(R03)","3.4
万km",3600CC,MT,Chiba,进口车,/usedcar/detail/AU7083531975/index.html,2026-06-21,2021,3.4,3600.0,Luxury (3001cc+),Jeep,Import
561,アウディ,TT クーペ 1.8 TFSI 赤革シート シートヒーター 純正ナビ TV DVD ETC HIDヘッドライト パドルシフト バックカメラ,69.8,62.7,"2013
(H25)","6.6
万km",1800CC,MT,Shizuoka,进口车,/usedcar/detail/AU7094608361/index.html,2026-06-21,2013,6.6,1800.0,Mid-size (1501-2000cc),Audi,Import
562,ボルボ,V40 T3 モメンタム,98.9,79.8,"2018
(H30)","9.1
万km",1497CC,MT,Fukuoka,进口车,/usedcar/detail/AU7069576577/index.html,2026-06-21,2018,9.1,1497.0,Compact (<=1500cc),Volvo,Import
563,アウディ,Q3 35 TFSI アドバンスト 元当社デモカー 前席電動シート(ヒーター付) LEDヘッドライト 電動リヤゲート 前後軽減ブレーキ レーダークルコン サイドアシスト レーンキープ 18インチアルミ 全周囲カメラ スマホインターフェース ナビ,380.1,368.0,"2025
(R07)","0.4
万km",1500CC,MT,Aichi,进口车,/usedcar/detail/AU7007363565/index.html,2026-06-21,2025,0.4,1500.0,Compact (<=1500cc),Audi,Import
564,,ＢＭＷ 3シリーズ 320i 衝突軽減B 純正ナビ Bカメラ クルーズコントロール 全席パワーシート&シートヒーター 電子パーキング スマートキー アイドリングストップ 革巻きステアリング LEDヘッドライト 純正アルミホイール,172.9,156.3,"2019
(R01)","6.9
万km",2000CC,MT,Hyogo,进口车,/usedcar/detail/AU7023705433/index.html,2026-06-21,2019,6.9,2000.0,Mid-size (1501-2000cc),Unknown,Import
565,,ＢＭＷ 5シリーズツーリング 530i Mスポーツ ワンオーナー 茶革 ドライビングアシスト/ハイライン/イノベーションPKG ACC フルセグTV カープレイ HUD 純正ナビ ワイヤレスチャージング シートヒーター パワーバックドア 純正インチAW,399.8,388.2,"2023
(R05)","2.7
万km",2000CC,MT,Saitama,进口车,/usedcar/detail/AU7071726992/index.html,2026-06-21,2023,2.7,2000.0,Mid-size (1501-2000cc),Unknown,Import
566,メルセデス・ベンツ,GLCクーペ 220 d 4マチック(ISG) AMGラインパッケージ ディーゼルターボ 4WD MP202601 弊社デモカー/パノラミックスライディングルーフ/ワイヤレスチャージング/純正ドライブレコーダー前後/メモリー付パワーシート/シートヒータ/360°カメラ/アンビエントライト64色/アダプティブクルーズコントロール,806.4,789.0,"2025
(R07)","0.3
万km",2000CC,MT,Kanagawa,进口车,/usedcar/detail/AU7085139069/index.html,2026-06-21,2025,0.3,2000.0,Mid-size (1501-2000cc),Mercedes-Benz,Import
567,メルセデス・ベンツ,Bクラス B200d ディーゼルターボ ACC/BSM/電動トランク/シートメモリー/シートヒーター/パワーシート/レーダークルコン/ブラインドスポット/レーンキープアシスト/レーンチェンジアシスト/フルセグ/ハーフレザー/LEDヘッドライト,209.8,196.7,"2020
(R02)","4.2
万km",2000CC,MT,Aichi,进口车,/usedcar/detail/AU7062186042/index.html,2026-06-21,2020,4.2,2000.0,Mid-size (1501-2000cc),Mercedes-Benz,Import
568,メルセデス・ベンツ,Gクラス G350d AMGライン ディーゼルターボ 4WD ラグジュアリーパッケージ スライディングルーフ ブルメスター AMGライン 12.3インチワイドディスプレイ 本革シート 20インチAW レッドシートベルト GPSレーダー シートヒーター ETC20,1099.9,1090.8,"2020
(R02)","5.3
万km",3000CC,MT,Tokyo,进口车,/usedcar/detail/AU7005296856/index.html,2026-06-21,2020,5.3,3000.0,Large (2001-3000cc),Mercedes-Benz,Import
569,,ＢＭＷ 1シリーズ M135i xドライブ 4WD ストレージ・パッケージ　 M エアロダイナミクス・パッケージ M スポーツ・ブレーキ パーキング・アシスト ドライビング・アシスト オートマチック・テールゲート・オペレーション iDriveナビゲーション・パッケージ,267.9,256.6,"2020
(R02)","4.7
万km",2000CC,MT,Niigata,进口车,/usedcar/detail/AU6913903800/index.html,2026-06-21,2020,4.7,2000.0,Mid-size (1501-2000cc),Unknown,Import
570,メルセデス・ベンツ,Vクラス V220 d アバンギャルド ロング AMGライン ディーゼルターボ Pスライディングルーフ レーダーSFT・PKG アクティブディスタンスディストロニック レーンキープアシスト ブラインドスポット フロント/リヤセンサー ブルメスターサラウンド メモリー付きPシート シートヒーター,563.8,555.9,"2021
(R03)","2.5
万km",2100CC,MT,Shizuoka,进口车,/usedcar/detail/AU7041439369/index.html,2026-06-21,2021,2.5,2100.0,Large (2001-3000cc),Mercedes-Benz,Import
571,アウディ,TT クーペ 1.8 TFSI SDナビ バックカメラ ビルトインETC シートヒーター MTモード付AT ワンセグTV パワーバックドア シートレザー素材 オートライト 純正ホイール Wエアバック リモコンキー,90.8,82.9,"2013
(H25)","8.7
万km",1800CC,MT,Gunma,进口车,/usedcar/detail/AU7082721132/index.html,2026-06-21,2013,8.7,1800.0,Mid-size (1501-2000cc),Audi,Import
572,,ＢＭＷ 1シリーズ 118d プレイ エディション ジョイ プラス ディーゼルターボ 1オーナー　iDriveナビゲーションPKG　リアビューカメラ　レーンチェンジウォーニング　LEDヘッドランプ　運転席パワーシート　コンフォートアクセス　パーキングアシスト　ETC　禁煙車,194.9,180.8,"2020
(R02)","2.9
万km",2000CC,MT,Chiba,进口车,/usedcar/detail/AU7055204618/index.html,2026-06-21,2020,2.9,2000.0,Mid-size (1501-2000cc),Unknown,Import
573,ジープ,コンパス スポーツ 禁煙/正規ディーラー車/メモリナビ/ヒルスタートアシスト/タイヤ空気圧警告システム/本革巻きステアリング/Bカメラ/前後ドラレコ/ETC/リモコンキー/クルコン/電動格納ミラー/ルーフレール,99.8,92.4,"2017
(H29)","3.7
万km",2000CC,MT,Aichi,进口车,/usedcar/detail/AU7089845528/index.html,2026-06-21,2017,3.7,2000.0,Mid-size (1501-2000cc),Jeep,Import
574,メルセデス・ベンツ,GLCクーペ 220 d 4マチック (ISG) ディーゼルターボ 4WD MP202601 弊社デモアップ/パノラマ/ワンオーナー/アンビエントライト/全方位カメラ/メモリ付きパワーシート/前後席シートヒーター/アップルカープレイ/MBUX/純正ドラレコ前後/Bluetooth/電動リアゲート/新車保証継承,806.5,789.0,"2025
(R07)","0.3
万km",2000CC,MT,Tokyo,进口车,/usedcar/detail/AU7008466762/index.html,2026-06-21,2025,0.3,2000.0,Mid-size (1501-2000cc),Mercedes-Benz,Import
575,,ＢＭＷ X5 xドライブ 35d Mスポーツ ドライビング ダイナミクス パッケージ 4WD ワンオーナー パノラマサンルーフ ナビ フルセグTV 360度カメラ カープレイ harman/kardon 茶革シート シートヒーター インテリジェントセーフティ ACC レーンキープアシスト ブラインドスポット 純正21インチAW,509.8,501.1,"2019
(R01)","3.5
万km",3000CC,MT,Kumamoto,进口车,/usedcar/detail/AU7009741629/index.html,2026-06-21,2019,3.5,3000.0,Large (2001-3000cc),Unknown,Import
576,,ＢＭＷ 2シリーズアクティブツアラー 218d ラグジュアリー ディーゼルターボ パノラマSR インテリジェントセーフティ 純正ナビ TV バックカメラ 純正16インチAW HIDヘッドライト 電動リアゲート クリアランスソナー 黒革 パワーシート Dシートメモリ シートヒーター ルーフレール スマートキー,142.8,134.9,"2018
(H30)","3.7
万km",2000CC,MT,Osaka,进口车,/usedcar/detail/AU7019684965/index.html,2026-06-21,2018,3.7,2000.0,Mid-size (1501-2000cc),Unknown,Import
577,アウディ,A6 40 TDI クワトロ Sライン ディーゼルターボ 4WD テクノロジーPKG ブラックスタイリングPKG パークアシストPKG HDマトリクスLEDヘッドライト バルコナレザー ステアリングヒーター イージークローザー 4ゾーンエアコン,656.2,638.9,"2025
(R07)","360
km",2000CC,MT,Kanagawa,进口车,/usedcar/detail/AU6927921434/index.html,2026-06-21,2025,0.036,2000.0,Mid-size (1501-2000cc),Audi,Import
578,ジープ,ラングラー アンリミテッド ルビコン リミテッドED with サンライダー FLIP TOP for Hardtop 4WD 限定250台 フリップトップ 黒革シート 4WD 純正ナビテレビ付き フロント・リア・サイドカメラ搭載 シートヒーター ステップ標準 ETC2.0 アルパインスピーカー 認定中古車,647.3,625.0,"2023
(R05)","2.6
万km",3600CC,MT,Tokyo,进口车,/usedcar/detail/AU7018016604/index.html,2026-06-21,2023,2.6,3600.0,Luxury (3001cc+),Jeep,Import
579,テスラ,モデル3 ロングレンジ AWD 上海モデル オートトランク アダクティブクルーズコントロール レーンキープアシスト ブラインドスポットモニター レザーシート シートヒータ ガラスルーフ,269.8,257.9,"2021
(R03)","3.1
万km",1200CC,AT,Saitama,进口车,/usedcar/detail/AU7091862732/index.html,2026-06-21,2021,3.1,1200.0,Compact (<=1500cc),Tesla,Import
580,BMW,ＢＭＷ 3シリーズツーリング 320d xドライブ Mスポーツ ディーゼルターボ 4WD 全周囲カメラ　シートヒーター　ヘッドアップディスプレイ　アクティブクルーズコントロール　電動リアゲート　LEDヘッドライト　コンフォートアクセス　パワーシート　ミラーETC,475.0,455.0,"2023
(R05)","1
万km",2000CC,MT,Osaka,进口车,/usedcar/detail/AU7091034231/index.html,2026-06-21,2023,1.0,2000.0,Mid-size (1501-2000cc),BMW,Import
581,メルセデス・ベンツ,メルセデスＡＭＧ Cクラス C43 4マチック (BSG搭載モデル) 4WD MP202301 リアアクスル　S/R　MBUXARナビ,718.0,698.0,"2023
(R05)","0.2
万km",2000CC,MT,Saitama,进口车,/usedcar/detail/AU7017893111/index.html,2026-06-21,2023,0.2,2000.0,Mid-size (1501-2000cc),Mercedes-Benz,Import
582,BMW,ＢＭＷ Z4 sドライブ 20i Mスポーツ コニャックレザー　シートヒーター　電動シート　地デジ　追従式クルーズコントロール　バックカメラ　障害物センサー　パドルシフト　コンフォートアクセス　純正HDDナビ　LEDヘッドライト　衝突軽減ブレーキ　ETC,563.6,535.0,"2022
(R04)","0.3
万km",2000CC,MT,Osaka,进口车,/usedcar/detail/AU6871147200/index.html,2026-06-21,2022,0.3,2000.0,Mid-size (1501-2000cc),BMW,Import
583,メルセデス・ベンツ,GLS 400 d 4マチック AMGライン ディーゼルターボ 4WD パノラミックスライディングルーフ 黒革シート レーダーセーフティPKG 純正ナビTV AppleCarPlay 全周囲カメラ Brumesterサウンド シートベンチレーション パワーシート・ヒーター,799.9,784.2,"2022
(R04)","3.2
万km",2900CC,9AT,Chiba,进口车,/usedcar/detail/AU7095652613/index.html,2026-06-21,2022,3.2,2900.0,Large (2001-3000cc),Mercedes-Benz,Import
584,ジープ,レネゲード リミテッド ワンオーナー サンルーフ 純正ナビ バックカメラ ETC2.0 レーダークルーズ レーンキープ コーナーセンサー 衝突軽減 黒本革シート パワーシート シートヒーター 純正LEDライト 純正17AW,167.8,161.0,"2020
(R02)","6.3
万km",1300CC,MT,Yamaguchi,进口车,/usedcar/detail/AU7055059271/index.html,2026-06-21,2020,6.3,1300.0,Compact (<=1500cc),Jeep,Import
585,,ＢＭＷ X2 xドライブ20i MスポーツX 4WD 認定中古車　純正ナビ　茶皮シート　パノラマガラスサンルーフ　アダプティブクルーズコントロール　　オートマチックテールゲート　バックカメラ　ヘッドアップディスプレイ　LEDヘッドライト,289.8,270.0,"2021
(R03)","2.4
万km",2000CC,8AT,Aichi,进口车,/usedcar/detail/AU7069606437/index.html,2026-06-21,2021,2.4,2000.0,Mid-size (1501-2000cc),Unknown,Import
586,,ＢＭＷ X5 M50i ドライビング ダイナミクス パッケージ 4WD パノラマガラスサンルーフ　HarmanKardonサウンド　OP22インチAW　黒革　HUD　アダプティブエアサス　純正ナビTV　パーキングアシストプラス　ドライビングアシストプロフェッショナル　禁煙,624.9,607.4,"2021
(R03)","3.4
万km",4400CC,MT,Chiba,进口车,/usedcar/detail/AU7090866518/index.html,2026-06-21,2021,3.4,4400.0,Luxury (3001cc+),Unknown,Import
587,ボルボ,V40 D4 ダイナミック エディション ディーゼルターボ 認定中古車・特別仕様車・禁煙車・バックカメラ・アダブティブクルーズコントロール・パドルシフト・純正HDDナビ・全席シートヒーター・キーレスドライブ・LEDヘッドライト,126.4,109.8,"2017
(H29)","5.6
万km",2000CC,MT,Fukuoka,进口车,/usedcar/detail/AU6944691839/index.html,2026-06-21,2017,5.6,2000.0,Mid-size (1501-2000cc),Volvo,Import
588,スマート,フォーフォー ブラバス スポーツ ツイナミック ガラスル-フ フロ-ティングナビ 12セグ BT バックカメラ パ-クセンサ- ETC 衝突警告 レ-ンアシスト クルコン 黒革 シ-トヒ-タ- 専用17inAW LED オ-トライト アイドリングストップ オ-トエアコン,149.8,143.2,"2018
(H30)","1.8
万km",900CC,MT,Ibaraki,进口车,/usedcar/detail/AU6979801385/index.html,2026-06-21,2018,1.8,900.0,Compact (<=1500cc),Smart,Import
589,BMW,ＢＭＷ 2シリーズクーペ 220i Mスポーツ,461.7,438.0,"2025
(R07)","0.4
万km",2000CC,MT,Hyogo,进口车,/usedcar/detail/AU7064650095/index.html,2026-06-21,2025,0.4,2000.0,Mid-size (1501-2000cc),BMW,Import
590,メルセデス・ベンツ,GLCクーペ 220 d 4マチック(ISG) AMGラインパッケージ ディーゼルターボ 4WD MP202601 弊社デモカーアップ AMGライン パノラミックスライディングルーフ 360°カメラシステム フットトランクオープナー シートヒーター キーレスゴー 純正ドライブレコーダー アンビエントライト,806.4,789.0,"2025
(R07)","0.2
万km",2000CC,MT,Tokyo,进口车,/usedcar/detail/AU7088898066/index.html,2026-06-21,2025,0.2,2000.0,Mid-size (1501-2000cc),Mercedes-Benz,Import
591,メルセデス・ベンツ,CLAクラス CLA250 4マチック AMGライン 4WD 弊社下取/フルオプション/パノラマ/赤革/AMGレザーエクスクルーシブパッケージ/アドバンスドパッケージ/シートヒーター/メモリー付きパワーシート/ヘッドアップディスプレイ/アンビエントライト/認定中古車,424.3,408.0,"2021
(R03)","2.4
万km",2000CC,MT,Tokyo,进口车,/usedcar/detail/AU7102532581/index.html,2026-06-21,2021,2.4,2000.0,Mid-size (1501-2000cc),Mercedes-Benz,Import
592,メルセデス・ベンツ,メルセデスＡＭＧ Gクラス G63 オフロード プロ エディション (ISG) 4WD MP202601 全国150台中30台限定車!Offroad Pro Edition(ISG)/プラチナムマグノ(マット)/PROFESSIONALルーフラゲッチ/PROFESSIONALスペアタイヤホルダー/ブラックスモーク仕様ランプ/リラクゼーション機能/シートベンチレーター,3767.8,3748.0,"2026
(R08)","0.3
万km",4000CC,MT,Tokyo,进口车,/usedcar/detail/AU7034705646/index.html,2026-06-21,2026,0.3,4000.0,Luxury (3001cc+),Mercedes-Benz,Import
593,メルセデス・ベンツ,GLAクラス GLA180 純正7インチナビCD FM AM フルセグバックカメラレーンキープアシスト衝突軽減システムLEDヘッドライトオートライトコーナーセンサー純正フロアマットクルーズコントロール ルーフレール ETC,99.9,91.7,"2015
(H27)","6.2
万km",1600CC,MT,Kanagawa,进口车,/usedcar/detail/AU7098118476/index.html,2026-06-21,2015,6.2,1600.0,Mid-size (1501-2000cc),Mercedes-Benz,Import
594,メルセデス・ベンツ,Gクラス G350d ロング ディーゼルターボ 4WD ラグジュアリーパッケージ サンルーフ h/kサウンド 黒革シート ACC 純正ナビ バックカメラ ブラインドスポット シートヒーター パワーシート ドラレコ ETC キセノンヘッドライト オートライト,729.8,715.2,"2017
(H29)","5
万km",3000CC,MT,Chiba,进口车,/usedcar/detail/AU7071903882/index.html,2026-06-21,2017,5.0,3000.0,Large (2001-3000cc),Mercedes-Benz,Import
595,ミニ,ミニクロスオーバー クーパー D バックカメラ パーキングアシスト アダプティブクルーズコントロール 前後コーナーセンサー LEDヘッドライト オートライト ETC 前後ドライブレコーダー ワンオーナー スマートキー レインセンサー,279.8,272.7,"2021
(R03)","1.6
万km",2000CC,MT,Miyazaki,进口车,/usedcar/detail/AU6955075560/index.html,2026-06-21,2021,1.6,2000.0,Mid-size (1501-2000cc),MINI,Import
596,アウディ,Q2 35 TFSI アドバンスト ナビゲーションPKG コンビニエンス&アシスタンスPKG テクノロジーPKG アダプティブクルーズコントロール オートマチックテールゲート スマートフォンインターフェース シートヒーター サイドアシスト 認中,283.3,267.7,"2024
(R06)","0.6
万km",1500CC,MT,Osaka,进口车,/usedcar/detail/AU6958502485/index.html,2026-06-21,2024,0.6,1500.0,Compact (<=1500cc),Audi,Import
597,メルセデス・ベンツ,CLSクラスシューティングブレーク CLS350 AMGスポーツパッケージ X218/AMGスポーツパッケージ/電動サンルーフ/エアサス修理済み/レーダーセーフティパッケージ/前後シートヒーター/GPSレーダー/前後ドライブレコーダー/黒革/スポーツステアリング/プライバシーガラス/Bluetooth,243.8,228.0,"2013
(H25)","1.1
万km",3497CC,MT,Tokyo,进口车,/usedcar/detail/AU7037551496/index.html,2026-06-21,2013,1.1,3497.0,Luxury (3001cc+),Mercedes-Benz,Import
598,メルセデス・ベンツ,GLS 400 d 4マチック AMGライン ディーゼルターボ 4WD パノラマSR 純正ナビ 360°カメラ ACC HUD レザーシート シートヒーター ベンチレーター パワーシート LEDヘッドライト ハイビームアシスト アンビエントライト 純正21インチAW ETC ドラレコ,759.7,750.6,"2021
(R03)","4.3
万km",2900CC,MT,Chiba,进口车,/usedcar/detail/AU6964810513/index.html,2026-06-21,2021,4.3,2900.0,Large (2001-3000cc),Mercedes-Benz,Import
599,プジョー,3008 GT ハイブリッド4 4WD パノラマサンルーフ シートリラクゼーション ディスプレイオーディオ CarPlay アダプティブクルーズコントロール ブラインドスポットアシスト パドルシフト ETC シートヒーター 東海仕入 ケーブル有,344.8,336.4,"2023
(R05)","0.8
万km",1600CC,MT,Aomori,进口车,/usedcar/detail/AU6947913451/index.html,2026-06-21,2023,0.8,1600.0,Mid-size (1501-2000cc),Peugeot,Import
600,ジープ,ラングラー アンリミテッド リミテッドEDITION with サンライダー FLIP TOP for ハードトップ 4WD ワンオーナー 本革シート アルパインリアスピーカ ーシートヒーター ステアリングヒーター ドライブアシスタンス レインセンサー オートライト オートディムハイビーム 純正ナビ ドラレコ Bluetooth USB ETC,579.8,570.1,"2022
(R04)","2.8
万km",3600CC,MT,Tokyo,进口车,/usedcar/detail/AU6892043538/index.html,2026-06-21,2022,2.8,3600.0,Luxury (3001cc+),Jeep,Import
700,日産,ルークス 660 ハイウェイスターGターボ プロパイロット エディション 車両品質評価書付/純正9インチナビ/アラウンドビューモニター/両側パワースライドドア/ETC車載器/プロパイロット/シートヒーター/ハンズフリーオートスライドドア/テレビ/Bluetooth/プッシュスタート/スマートキー,120.5,109.8,"2021
(R03)","4.4
万km",660CC,CVT,Wakayama,轻自动车,/usedcar/detail/AU7091364454/index.html,2026-06-21,2021,4.4,660.0,K-car (<=660cc),Nissan,Domestic
701,三菱,eKワゴン 660 G 4WD 社外ナビ ETC アイドリングストップ タッチパネルオートエアコン ヘッドライトレベライザー 電動格納ミラー,39.9,32.1,"2014
(H26)","4.7
万km",660CC,CVT,Kyoto,轻自动车,/usedcar/detail/AU7040006176/index.html,2026-06-21,2014,4.7,660.0,K-car (<=660cc),Mitsubishi,Domestic
702,日産,ルークス 660 ハイウェイスターX 新品ディスプレイオーディオ取付 全周囲カメラ ハンズフリー両側電動スライドドア 衝突軽減ブレーキ クリアランスソナー LEDヘッドライト オートハイビームアシスト 当社元社用車,145.2,139.0,"2024
(R06)","1.2
万km",660CC,CVT,Okayama,轻自动车,/usedcar/detail/AU7052601794/index.html,2026-06-21,2024,1.2,660.0,K-car (<=660cc),Nissan,Domestic
703,ホンダ,N-ONE 660 オリジナル 純正SDナビ バックカメラ,127.9,117.3,"2023
(R05)","3.2
万km",660CC,CVT,Tochigi,轻自动车,/usedcar/detail/AU6931353588/index.html,2026-06-21,2023,3.2,660.0,K-car (<=660cc),Honda,Domestic
704,ホンダ,N-BOX 660 G Lパッケージ 2トーンカラースタイル 1オーナー/禁煙車/衝突軽減/14AW/ETC/,46.6,40.7,"2015
(H27)","10.1
万km",660CC,CVT,Chiba,轻自动车,/usedcar/detail/AU7086385686/index.html,2026-06-21,2015,10.1,660.0,K-car (<=660cc),Honda,Domestic
705,ダイハツ,ウェイク 660 Gターボ リミテッド SAIII 衝突軽減B 純正8インチナビ Bluetooth対応 パノラマモニター TV ETC 両側自動ドア LEDヘッドライト フォグライト スマートキー プッシュスタート アイドリングストップ 純正アルミホイール,123.9,114.5,"2021
(R03)","2.1
万km",660CC,CVT,Nara,轻自动车,/usedcar/detail/AU6828848380/index.html,2026-06-21,2021,2.1,660.0,K-car (<=660cc),Daihatsu,Domestic
706,三菱,eKワゴン 660 M 7インチナビ バックカメラ 禁煙車 ETC Bluetooth CD DVD再生 フルセグTV キーレス,72.9,65.5,"2019
(R01)","3.1
万km",660CC,CVT,Osaka,轻自动车,/usedcar/detail/AU7025899402/index.html,2026-06-21,2019,3.1,660.0,K-car (<=660cc),Mitsubishi,Domestic
707,日産,デイズルークス 660 ハイウェイスター ターボ 修復歴なし ターボ 純正ナビ フルセグ Bluetooth 衝突軽減ブレーキ 全周囲カメラ バックカメラ 両側パワースライドドア スマートキー プッシュスタート ETC HIDヘッドライト 整備保証付,49.9,39.9,"2015
(H27)","8.1
万km",660CC,CVT,Chiba,轻自动车,/usedcar/detail/AU7004984971/index.html,2026-06-21,2015,8.1,660.0,K-car (<=660cc),Nissan,Domestic
708,日産,デイズ B 衝突軽減ブレーキ・バックカメラ・ETC・禁煙車・アイドリングストップ・カーナビ・Bluetooth・フルセグTV・CD再生・スマートキー&プッシュスタート・ベンチシート・ルームクリーニング!,64.5,54.8,"2020
(R02)","5.1
万km",660CC,CVT,Hyogo,轻自动车,/usedcar/detail/AU7071905334/index.html,2026-06-21,2020,5.1,660.0,K-car (<=660cc),Nissan,Domestic
709,ダイハツ,アトレーワゴン 660 カスタムターボRS SAIII 車両品質評価書付/オーディオ/バックカメラ/衝突軽減ブレーキ/両側スライドドア/ETC車載器/Bluetooth/CD/キーレスエントリー/オートハイビーム/オートエアコン/純正13インチアルミホイール/フルフラットシート,67.5,56.8,"2019
(R01)","9.8
万km",660CC,4AT,Wakayama,轻自动车,/usedcar/detail/AU7059130279/index.html,2026-06-21,2019,9.8,660.0,K-car (<=660cc),Daihatsu,Domestic
710,日産,ルークス 660 X 当社元社用車 純正新品ディスプレイオーディオ付 左電動スライドドア 衝突軽減ブレーキ 障害物センサー 全周囲カメラ オートライト オートハイビームアシスト インテリキー プッシュスタート,114.9,109.0,"2023
(R05)","1.9
万km",660CC,CVT,Okayama,轻自动车,/usedcar/detail/AU6834099398/index.html,2026-06-21,2023,1.9,660.0,K-car (<=660cc),Nissan,Domestic
711,ホンダ,N-BOX 660 G EX ホンダセンシング 両側電動ドア 純正ナビ バックカメラ 衝突被害軽減システム 禁煙車 コーナーセンサー スマートキー LEDヘッド ビルトインETC オートハイビーム 車線逸脱警報 オートライト オートエアコン,89.9,79.3,"2019
(R01)","4.6
万km",660CC,CVT,Mie,轻自动车,/usedcar/detail/AU6748945069/index.html,2026-06-21,2019,4.6,660.0,K-car (<=660cc),Honda,Domestic
712,ホンダ,N-BOX カスタム 660 届出済未使用車 禁煙車 HondaSENSING 両側自動ドア アダプティブクルーズコントロール 電子パーキング LEDヘッドライト スマートキー アイドリングストップ 前席シートヒーター 純正アルミホイール,159.7,149.6,"2025
(R07)","8
km",660CC,CVT,Mie,轻自动车,/usedcar/detail/AU6828851629/index.html,2026-06-21,2025,0.0008,660.0,K-car (<=660cc),Honda,Domestic
713,ダイハツ,タント 660 L 禁煙車 衝突被害軽減ブレーキ 踏み間違い防止アシスト コーナーセンサー キーレスキー LEDヘッドライト CDオーディオ アイドリングストップ,89.8,86.4,"2021
(R03)","2.5
万km",660CC,CVT,Okayama,轻自动车,/usedcar/detail/AU7093021471/index.html,2026-06-21,2021,2.5,660.0,K-car (<=660cc),Daihatsu,Domestic
714,ダイハツ,タント 660 Xターボ セレクション 禁煙車 ターボ 両側電動ドア 純正SDナビ 全周囲カメラ スマートアシストIII レーダークルーズ ドラレコ コーナーセンサー スマートキー LEDヘッド ETC 純正14インチアルミ,112.9,104.9,"2020
(R02)","5.1
万km",660CC,CVT,Mie,轻自动车,/usedcar/detail/AU7082881882/index.html,2026-06-21,2020,5.1,660.0,K-car (<=660cc),Daihatsu,Domestic
715,ダイハツ,ミラココア 660 プラス X 禁煙車 SDナビ フルセグ Bluetooth スマートキー ETC LEDヘッドライト アイドリングストップ オートエアコン 電動格納ミラー,39.9,29.2,"2015
(H27)","9.4
万km",660CC,CVT,Ehime,轻自动车,/usedcar/detail/AU6959231372/index.html,2026-06-21,2015,9.4,660.0,K-car (<=660cc),Daihatsu,Domestic
716,スズキ,アルトラパン 660 X 純正ナビ 全周囲カメラ 衝突軽減 禁煙車 シートヒーター スマートキー HIDヘッド ETC オートライト オートエアコン 純正14インチアルミホイール Bluetooth接続 CD/DVD フルセグ,74.9,67.2,"2016
(H28)","3.8
万km",660CC,CVT,Miyagi,轻自动车,/usedcar/detail/AU6946674212/index.html,2026-06-21,2016,3.8,660.0,K-car (<=660cc),Suzuki,Domestic
717,三菱,eKカスタム 660 G 禁煙/ワンオーナー/純正ナビ/前後ドラレコ/バックカメラ/フルセグ/SD/USB/CD/プッシュスタート/スマートキー/電格ウィンカーミラー/アイドリングストップ/純正14インチAW/純正フロアマット,52.8,47.9,"2013
(H25)","2.6
万km",660CC,CVT,Aichi,轻自动车,/usedcar/detail/AU7084987122/index.html,2026-06-21,2013,2.6,660.0,K-car (<=660cc),Mitsubishi,Domestic
718,スズキ,アルトラパン 660 L 社外7インチナビ バックカメラ ドライブレコーダー ステアリングスイッチ 衝突軽減ブレーキ プッシュスタート 電動格納ドアミラー アイドリングストップ 車線逸脱防止警報 オートエアコン オートライト,78.9,70.1,"2021
(R03)","5.3
万km",660CC,CVT,Hyogo,轻自动车,/usedcar/detail/AU6899930079/index.html,2026-06-21,2021,5.3,660.0,K-car (<=660cc),Suzuki,Domestic
719,ホンダ,N-BOX 660 G SSパッケージ ワンオーナー ストラーダナビ フルセグ ETC バックカメラ シートヒーター 両側パワスラ キセノンヘッドライト オートリトラミラー AM/FM/CD/DVD/SD/USB/Bluetooth スペアキー,49.8,44.8,"2016
(H28)","7.5
万km",660CC,CVT,Osaka,轻自动车,/usedcar/detail/AU7098940063/index.html,2026-06-21,2016,7.5,660.0,K-car (<=660cc),Honda,Domestic
720,ホンダ,N-BOX 660 届出済未使用車 衝突被害軽減ブレーキ 禁煙車 条件付新品DAドラレコETC 障害物センサー スマートキー LEDヘッドライト 両側スライドドア 電動スライドドア付き アダプティブクルコン CVT,139.8,131.0,"2025
(R07)","10
km",660CC,CVT,Aichi,轻自动车,/usedcar/detail/AU7024024282/index.html,2026-06-21,2025,0.001,660.0,K-car (<=660cc),Honda,Domestic
721,ホンダ,N-ONE 660 G ローダウン 衝突軽減 ナビ バックカメラ ETC オートエアコン スマートキー HIDヘッド 純正14アルミ アイドリングストップ 禁煙車,79.9,69.1,"2017
(H29)","4.1
万km",660CC,CVT,Shiga,轻自动车,/usedcar/detail/AU7098953959/index.html,2026-06-21,2017,4.1,660.0,K-car (<=660cc),Honda,Domestic
722,三菱,eKスペース 660 G 全周囲カメラ 両側電動スライドドア デジタルインナーミラー 衝突軽減装置 シートヒーター コーナーセンサ スマートキー オートハイビーム 車線逸脱警報 オートライト オートエアコン CD,112.9,105.2,"2022
(R04)","1.1
万km",660CC,CVT,Saitama,轻自动车,/usedcar/detail/AU7097108711/index.html,2026-06-21,2022,1.1,660.0,K-car (<=660cc),Mitsubishi,Domestic
723,ホンダ,N-BOX 660 4WD 電動スライドドア 衝突被害軽減システム 禁煙車 コーナーセンサー スマートキー LEDヘッド 車線逸脱警報 オートライト オートエアコン CD,141.9,133.4,"2024
(R06)","1.1
万km",660CC,CVT,Yamagata,轻自动车,/usedcar/detail/AU6979173654/index.html,2026-06-21,2024,1.1,660.0,K-car (<=660cc),Honda,Domestic
724,スズキ,ジムニー 660 XC 4WD 禁煙 純正ナビ 衝突軽減 MT車 バックカメラ スマートキー LEDヘッド ETC 純正16インチアルミ 車線逸脱警報 オートライト,159.9,151.5,"2019
(H31)","6.4
万km",660CC,5MT,Miyazaki,轻自动车,/usedcar/detail/AU7009870828/index.html,2026-06-21,2019,6.4,660.0,K-car (<=660cc),Suzuki,Domestic
725,ダイハツ,タフト 660 G 純正ナビ(DVD/BT/USB/SD) フルセグ 全方位カメラ ETC ナビ連動ドライブレコーダー(前方) スカイフィールトップ 衝突被害軽減ブレーキ レーンアシスト 前席シートヒーター スマートキー LEDヘッドライト,100.8,96.9,"2020
(R02)","2.3
万km",660CC,CVT,Oita,轻自动车,/usedcar/detail/AU6997797716/index.html,2026-06-21,2020,2.3,660.0,K-car (<=660cc),Daihatsu,Domestic
726,スズキ,ハスラー 660 ハイブリッド G SDナビ バックカメラ,79.9,69.4,"2022
(R04)","9.6
万km",660CC,CVT,Tochigi,轻自动车,/usedcar/detail/AU6969904773/index.html,2026-06-21,2022,9.6,660.0,K-car (<=660cc),Suzuki,Domestic
727,三菱,デリカミニ 660 T プレミアム 届出済未使用車 ターボ車 衝突軽減ブレーキ 両側電動スライド オートエアコン オートライト ステアリングヒーター LEDライト アルミホイール スマートキー パドルシフト,209.9,204.9,"2026
(R08)","10
km",660CC,CVT,Mie,轻自动车,/usedcar/detail/AU6989608056/index.html,2026-06-21,2026,0.001,660.0,K-car (<=660cc),Mitsubishi,Domestic
728,ダイハツ,ミライース 660 X SAIII ナビゲーション/ETC/バックカメラ/キーレスエントリー/衝突被害軽減システム/クリアランスソナー/アイドリングストップ/ヘッドライトレベライザー/オートマチックハイビーム/フロアマット,59.7,54.8,"2017
(H29)","2.1
万km",660CC,CVT,Kagawa,轻自动车,/usedcar/detail/AU6957883368/index.html,2026-06-21,2017,2.1,660.0,K-car (<=660cc),Daihatsu,Domestic
729,ホンダ,S660 660 ベータ SPOONマフラー 純正ディスプレイオーディオ BT Bカメ ABS ETC ドラレコ 電動格納ミラー 純正フロアマット LEDヘッド フォグランプ オートライト,209.8,205.6,"2021
(R03)","4.3
万km",660CC,6MT,Hokkaido,轻自动车,/usedcar/detail/AU7043171042/index.html,2026-06-21,2021,4.3,660.0,K-car (<=660cc),Honda,Domestic
730,ホンダ,S660 660 アルファ センターディスプレイ バックカメラ スマートキー LEDヘッド ETC クルーズコントロール 純正16インチアルミ オートライト オートエアコン Bluetooth,149.9,142.0,"2016
(H28)","5
万km",660CC,CVT,Aichi,轻自动车,/usedcar/detail/AU7010491209/index.html,2026-06-21,2016,5.0,660.0,K-car (<=660cc),Honda,Domestic
731,ホンダ,N-BOX 660 G SSパッケージ 両側電動ドア 純正SDナビ バックカメラ 衝突被害軽減システム 禁煙車 スマートキー HIDヘッド ETC オートライト オートエアコン Bluetooth CD DVD再生 地デジ,69.9,61.7,"2014
(H26)","2.7
万km",660CC,CVT,Shizuoka,轻自动车,/usedcar/detail/AU7045243834/index.html,2026-06-21,2014,2.7,660.0,K-car (<=660cc),Honda,Domestic
732,三菱,eKワゴン 660 M 社外ナビ ETC 運転席シートヒーター アイドリングストップ 電動格納ミラー ヘッドライトレベライザー,43.9,35.5,"2017
(H29)","2.9
万km",660CC,CVT,Kyoto,轻自动车,/usedcar/detail/AU6962780174/index.html,2026-06-21,2017,2.9,660.0,K-car (<=660cc),Mitsubishi,Domestic
733,ホンダ,N-ONE 660 RS 禁煙車/6速MT/内外装簡易清掃済/認定書有/純正ナビ/フルセグTV/バックカメラ/CD/DVD/Bluetooth/USB×3/ドラレコ/レーダークルコン/ETC/衝突軽減システム/車線逸脱防止機能/コーナーセンサー/シートヒーター/純正AW,188.8,184.0,"2023
(R05)","2.8
万km",660CC,6MT,Mie,轻自动车,/usedcar/detail/AU6981771890/index.html,2026-06-21,2023,2.8,660.0,K-car (<=660cc),Honda,Domestic
734,ダイハツ,タント 660 X 禁煙車 ナビ 電動ドア フルセグ Bluetooth シートヒーター バックカメラ 衝突被害軽減装置 ドラレコ コーナーセンサー スマートキー LEDヘッド オートマチックハイビーム オートライト,129.9,121.9,"2023
(R05)","0.5
万km",660CC,CVT,Miyagi,轻自动车,/usedcar/detail/AU6832685377/index.html,2026-06-21,2023,0.5,660.0,K-car (<=660cc),Daihatsu,Domestic
735,ダイハツ,タント 660 X VS SAIII 衝突軽減B 純正8インチナビ パノラマモニター ETC 両側自動ドア 運転席シートヒーター LEDヘッドライト スマートキー プッシュスタート アイドリングストップ ステアリングスイッチ 純正アルミホイール,83.9,74.7,"2019
(H31)","1.5
万km",660CC,CVT,Mie,轻自动车,/usedcar/detail/AU6815248952/index.html,2026-06-21,2019,1.5,660.0,K-car (<=660cc),Daihatsu,Domestic
736,ホンダ,N-BOX 660 届出済未使用車 片側電動スライドドア 衝突被害軽減ブレーキ コーナーセンサー アダクティブクルーズコントロール アイドリングストップ スマートキー LEDヘッドライト シートヒーター バックカメラ,137.7,128.7,"2025
(R07)","5
km",660CC,CVT,Aichi,轻自动车,/usedcar/detail/AU6869474549/index.html,2026-06-21,2025,0.0005,660.0,K-car (<=660cc),Honda,Domestic
737,ホンダ,N-BOX カスタム 660 L SDナビ バックカメラ 衝突被害軽減システム 両側電動スライド 禁煙車 ドラレコ コーナーセンサー スマートキー LEDヘッド ETC 車線逸脱警報 オートライト オートエアコン Bluetooth,134.9,127.3,"2022
(R04)","2.4
万km",660CC,CVT,Ibaraki,轻自动车,/usedcar/detail/AU6999322544/index.html,2026-06-21,2022,2.4,660.0,K-car (<=660cc),Honda,Domestic
738,ホンダ,N-ONE 660 プレミアム 8型ナビ バックカメラ Bluetooth フルセグTV ETC リアパーキングセンサー アダプティブクルーズコントロール シートヒーター オートマチックハイビーム スマートキー プッシュスタート 純正14インチアルミホイール,158.2,151.8,"2024
(R06)","0.3
万km",660CC,CVT,Nara,轻自动车,/usedcar/detail/AU6969385391/index.html,2026-06-21,2024,0.3,660.0,K-car (<=660cc),Honda,Domestic
739,ホンダ,N-BOX カスタム 660 届出済未使用車 電動スライドドア 衝突被害軽減システム コーナーセンサー スマートキー LEDヘッド 純正14インチアルミ オートライト オートエアコン,161.9,152.2,"2026
(R08)","20
km",660CC,CVT,Aichi,轻自动车,/usedcar/detail/AU7025350299/index.html,2026-06-21,2026,0.002,660.0,K-car (<=660cc),Honda,Domestic
740,スズキ,ハスラー 660 ハイブリッド X セーフティサポート 純正ナビ バックカメラ LEDヘッド シートヒーター コーナーセンサー 純正15インチAW オートハイビーム スマートキー オートエアコン Bluetooth接続 フルセグ,129.9,122.2,"2022
(R04)","3.3
万km",660CC,CVT,Miyagi,轻自动车,/usedcar/detail/AU6887082608/index.html,2026-06-21,2022,3.3,660.0,K-car (<=660cc),Suzuki,Domestic
741,ダイハツ,キャスト アクティバ 660 G SAIII ナビ 衝突被害軽減システム バックカメラ ETC スマートキー LEDヘッドライト 純正15インチアルミホイール コーナーセンサー オートハイビーム,59.9,52.4,"2017
(H29)","7.2
万km",660CC,CVT,Miyazaki,轻自动车,/usedcar/detail/AU6920452685/index.html,2026-06-21,2017,7.2,660.0,K-car (<=660cc),Daihatsu,Domestic
742,スズキ,ワゴンR 660 FZ 修復歴なし 衝突被害軽減ブレーキ ETC プッシュスタート オートエアコン 純正オーディオ(CD/FM/AM) ステアリングリモコン アイドリングストップ シートヒーター(運転席) 純正アルミホイール,39.8,32.3,"2015
(H27)","5.1
万km",660CC,CVT,Nara,轻自动车,/usedcar/detail/AU6921085488/index.html,2026-06-21,2015,5.1,660.0,K-car (<=660cc),Suzuki,Domestic
743,日産,ルークス 660 S 衝突被害軽減システム クリアランスソナー オートハイビーム 車線逸脱警報 オートライト 両側スライドドア アイドリングストップ,99.9,89.4,"2023
(R05)","2.3
万km",660CC,CVT,Nagasaki,轻自动车,/usedcar/detail/AU6811576288/index.html,2026-06-21,2023,2.3,660.0,K-car (<=660cc),Nissan,Domestic
744,スズキ,ハスラー 660 A 禁煙車 バックカメラ,68.2,57.6,"2018
(H30)","6.7
万km",660CC,CVT,Kanagawa,轻自动车,/usedcar/detail/AU7067640359/index.html,2026-06-21,2018,6.7,660.0,K-car (<=660cc),Suzuki,Domestic
745,スズキ,ジムニー 660 XG 4WD 5MT/4WD/禁煙/デュアルカメラブレーキサポートII/キーレスエントリー/ETC車載器/オートライト/オートハイビーム/パーキングセンサー/アイドリングストップ,199.9,189.0,"2025
(R07)","287
km",660CC,5MT,Mie,轻自动车,/usedcar/detail/AU7030189714/index.html,2026-06-21,2025,0.0287,660.0,K-car (<=660cc),Suzuki,Domestic
746,ホンダ,N-WGN 660 G SSパッケージII 禁煙車 純正ナビ バックカメラ シティブレーキアクティブシステム シートヒーター スマートキー ETC フルセグTV Bluetooth再生 HIDヘッド 14インチアルミホイール オートエアコン,79.9,71.7,"2018
(H30)","2.2
万km",660CC,CVT,Osaka,轻自动车,/usedcar/detail/AU7089561234/index.html,2026-06-21,2018,2.2,660.0,K-car (<=660cc),Honda,Domestic
747,ダイハツ,ミライース 660 X SAIII 4WD 夏冬タイヤ/純正オーディオ/CD/ラジオ/ETC/スマートアシストIII/衝突回避支援ブレーキ/車線逸脱警報/誤発進抑制/クリアランスソナー/オートハイビーム/LEDライト/ドアバイザー,99.8,89.7,"2024
(R06)","1.5
万km",660CC,CVT,Hokkaido,轻自动车,/usedcar/detail/AU6911002563/index.html,2026-06-21,2024,1.5,660.0,K-car (<=660cc),Daihatsu,Domestic
748,日産,ルークス 660 X 全周囲カメラ 両側スライド・片側電動 メモリーナビ クリアランスソナー 衝突被害軽減システム オートライト LEDヘッドランプ スマートキー アイドリングストップ 電動格納ミラー ベンチシート CVT 盗難防止システム,106.4,99.9,"2025
(R07)","0.9
万km",660CC,CVT,Osaka,轻自动车,/usedcar/detail/AU6998234914/index.html,2026-06-21,2025,0.9,660.0,K-car (<=660cc),Nissan,Domestic
749,ホンダ,N-BOX 660 届出済未使用車 電動スライドドア バックカメラ ホンダセンシング レーダークルーズ コーナーセンサー スマートキー LEDヘッド オートハイビーム 車線逸脱警報 オートライト オートエアコン,149.9,140.7,"2025
(R07)","9
km",660CC,CVT,Miyagi,轻自动车,/usedcar/detail/AU7055066852/index.html,2026-06-21,2025,0.0009,660.0,K-car (<=660cc),Honda,Domestic
750,マツダ,フレアクロスオーバー 660 XG セーフティパッケージ 禁煙車 バックカメラ レーダークルーズ 寒冷地仕様 シートヒーター ETC バックソナー LEDヘッド レーンキープ スマートキー ディスプレイオーディオ ハイビームアシスト,119.9,111.4,"2025
(R07)","0.4
万km",660CC,CVT,Gunma,轻自动车,/usedcar/detail/AU7073230862/index.html,2026-06-21,2025,0.4,660.0,K-car (<=660cc),Mazda,Domestic
751,スズキ,アルトラパン 660 L 9インチディスプレイオーディオ/CarPlay/ETC/デュアルカメラブレーキサポート/車線逸脱警報機能/リアパーキングセンサー/ハイビームアシスト/LEDヘッドライト/オートライト/プッシュスタート,100.8,96.3,"2023
(R05)","4.9
万km",660CC,CVT,Mie,轻自动车,/usedcar/detail/AU6984985727/index.html,2026-06-21,2023,4.9,660.0,K-car (<=660cc),Suzuki,Domestic
752,スズキ,エブリイワゴン 660 PZターボ スズキセーフティサポート 左パワースライドドア HIDヘッドライト フォグライト 社外オーディオ スマートキー プッシュスタート 障害物センサー アイドリングストップ 純正アルミホイール,149.9,141.5,"2023
(R05)","1.2
万km",660CC,4AT,Kyoto,轻自动车,/usedcar/detail/AU7095311147/index.html,2026-06-21,2023,1.2,660.0,K-car (<=660cc),Suzuki,Domestic
753,ダイハツ,タント 660 カスタム RS 1年保証 純正ナビ 両側電動スライドドア Bluetooth バックカメラ ドライブレコーダー シートヒーター ステアリングリモコン フルセグ CD/DVD 衝突軽減ブレーキ 横滑り防止 オートライト オートエアコン スマートキー,155.8,149.5,"2024
(R06)","1.6
万km",660CC,CVT,Osaka,轻自动车,/usedcar/detail/AU6902773681/index.html,2026-06-21,2024,1.6,660.0,K-car (<=660cc),Daihatsu,Domestic
754,日産,NV100クリッパーリオ 660 E ハイルーフ ワンオナ パイオニアHU シトヒタ 片側パワスラ ETC ドラレコ アイドリングストップ パーキングセンサー 横滑り防止装置 衝突被害軽減システム レーンキープアシスト コーナーセンサー スペアキー,108.8,105.5,"2021
(R03)","5.2
万km",660CC,4AT,Osaka,轻自动车,/usedcar/detail/AU6922728375/index.html,2026-06-21,2021,5.2,660.0,K-car (<=660cc),Nissan,Domestic
755,ホンダ,N-WGN 660 G カーナビ・Bluetooth・ワンセグTV・CD再生・禁煙車・スマートキー&プッシュスタート・ベンチシート・ルームクリーニング,54.5,44.8,"2019
(R01)","4.3
万km",660CC,CVT,Hyogo,轻自动车,/usedcar/detail/AU7007688868/index.html,2026-06-21,2019,4.3,660.0,K-car (<=660cc),Honda,Domestic
756,スズキ,アルト 660 L スズキ セーフティ サポート装着車 衝突被害軽減システム 禁煙車 シートヒーター オートライト CDオーディオ,49.9,39.3,"2019
(H31)","3.7
万km",660CC,CVT,Tochigi,轻自动车,/usedcar/detail/AU7043427977/index.html,2026-06-21,2019,3.7,660.0,K-car (<=660cc),Suzuki,Domestic
757,ダイハツ,キャスト アクティバ 660 G SAII 衝突軽減 純ナビ BT ETC USB フルセグ,49.8,46.5,"2016
(H28)","8.1
万km",660CC,CVT,Ibaraki,轻自动车,/usedcar/detail/AU7017895014/index.html,2026-06-21,2016,8.1,660.0,K-car (<=660cc),Daihatsu,Domestic
758,スズキ,スペーシア 660 ハイブリッド G スズキセーフティサポート 社外8インチナビ TV Bluetooth対応 LEDヘッドライト 両側スライドドア スマートキー プッシュスタート アイドリングストップ ステアリングスイッチ 電動格納ミラー オートエアコン,119.9,111.9,"2024
(R06)","1.5
万km",660CC,CVT,Kyoto,轻自动车,/usedcar/detail/AU6799331846/index.html,2026-06-21,2024,1.5,660.0,K-car (<=660cc),Suzuki,Domestic
759,ダイハツ,ミライース 660 L SAIII 禁煙車 コーナーセンサー CD プライバシーガラス,49.8,42.5,"2017
(H29)","1.8
万km",660CC,CVT,Yamagata,轻自动车,/usedcar/detail/AU6886926844/index.html,2026-06-21,2017,1.8,660.0,K-car (<=660cc),Daihatsu,Domestic
760,スズキ,スペーシア 660 ハイブリッド G 4WD 新品タイヤ/レーダーブレーキサポート(スズキ)/シートヒーター 運転席/車線逸脱防止支援システム/ABS/横滑り防止装置/アイドリングストップ/禁煙車/エアバッグ 運転席,137.9,126.3,"2023
(R05)","1.1
万km",660CC,CVT,Hokkaido,轻自动车,/usedcar/detail/AU6685468613/index.html,2026-06-21,2023,1.1,660.0,K-car (<=660cc),Suzuki,Domestic
761,ダイハツ,タフト 660 G メモリーナビ・バックカメラ・ETC,111.0,100.0,"2021
(R03)","5.6
万km",660CC,CVT,Kumamoto,轻自动车,/usedcar/detail/AU7071907402/index.html,2026-06-21,2021,5.6,660.0,K-car (<=660cc),Daihatsu,Domestic
762,ホンダ,N-BOX 660 車両品質評価書付/ディスプレイオーディオ/バックカメラ/両側パワースライドドア/ETC車載器/アダプティブクルーズコントロール/シートヒーター/Bluetooth/プッシュスタート/スマートキー/ステアリングリモコン,159.6,149.8,"2025
(R07)","1.2
万km",660CC,CVT,Wakayama,轻自动车,/usedcar/detail/AU7062479956/index.html,2026-06-21,2025,1.2,660.0,K-car (<=660cc),Honda,Domestic
763,スズキ,ワゴンR 660 ハイブリッド FX ナビ バックカメラ シートヒーター 衝突被害軽減ブレーキ レーンキープアシスト フルセグTV Bluetooth USB接続端子 スマートキー プッシュスタート 純正アルミホイール アイドリングストップ,80.6,74.0,"2019
(R01)","2.5
万km",660CC,CVT,Saga,轻自动车,/usedcar/detail/AU7052434933/index.html,2026-06-21,2019,2.5,660.0,K-car (<=660cc),Suzuki,Domestic
764,スズキ,スペーシア 660 ハイブリッド X 両側電動スライドドア SDナビ 衝突被害軽減システム 禁煙車 スマートキー ETC オートライト オートエアコン Bluetooth フルセグ,99.8,92.5,"2021
(R03)","6
万km",660CC,CVT,Shizuoka,轻自动车,/usedcar/detail/AU6986333841/index.html,2026-06-21,2021,6.0,660.0,K-car (<=660cc),Suzuki,Domestic
765,ホンダ,N-BOX 660 G Lパッケージ 電動スライドドア 純正8型ナビ バックカメラ 禁煙車 スマートキー HIDヘッド ビルトインETC オートライト オートエアコン Bluetooth CD DVD再生 フルセグ,54.8,46.9,"2016
(H28)","7.2
万km",660CC,CVT,Nagano,轻自动车,/usedcar/detail/AU6899243873/index.html,2026-06-21,2016,7.2,660.0,K-car (<=660cc),Honda,Domestic
766,スズキ,ジムニー 660 XC 4WD 純正SDナビ バックカメラ ETC 前方ドライブレコーダー クルーズコントロール 車線逸脱警報 衝突被害軽減システム 前席シートヒーター ダウンヒルアシスト 前方ドラレコ 純正AW,164.8,160.7,"2019
(H31)","6.2
万km",660CC,4AT,Akita,轻自动车,/usedcar/detail/AU6947913576/index.html,2026-06-21,2019,6.2,660.0,K-car (<=660cc),Suzuki,Domestic
767,日産,ルークス 660 X 新型 片側電動スライドドア 衝突被害軽減ブレーキ コーナーセンサー スマートキー アイドリングストップ アラウンドビューモニター オートエアコン 電動格納ドアミラー 横滑り防止機能 LEDヘッドライト,159.9,150.9,"2025
(R07)","8
km",660CC,CVT,Aichi,轻自动车,/usedcar/detail/AU6792130276/index.html,2026-06-21,2025,0.0008,660.0,K-car (<=660cc),Nissan,Domestic
768,ホンダ,N-BOX カスタム 660 届出済未使用車 シートヒーター 電動スライドドア 衝突被害軽減システム コーナーセンサー スマートキー LEDヘッド 純正14インチアルミ オートハイビーム 車線逸脱警報 オートライト オートエアコン,167.9,158.2,"2026
(R08)","10
km",660CC,CVT,Aichi,轻自动车,/usedcar/detail/AU7055252927/index.html,2026-06-21,2026,0.001,660.0,K-car (<=660cc),Honda,Domestic
769,ダイハツ,コペン 660 20th アニバーサリー エディション MT車 ターボ,234.9,226.8,"2022
(R04)","0.2
万km",660CC,5MT,Hyogo,轻自动车,/usedcar/detail/AU7074987517/index.html,2026-06-21,2022,0.2,660.0,K-car (<=660cc),Daihatsu,Domestic
770,ダイハツ,ミライース 660 X SAIII 衝突被害軽減システム 禁煙車,62.9,54.8,"2019
(H31)","0.9
万km",660CC,CVT,Miyazaki,轻自动车,/usedcar/detail/AU7095653120/index.html,2026-06-21,2019,0.9,660.0,K-car (<=660cc),Daihatsu,Domestic
771,ダイハツ,ミラココア 660 X スペシャルコーデ SDナビ 禁煙車 スマート,44.9,34.3,"2013
(H25)","6.9
万km",660CC,CVT,Saga,轻自动车,/usedcar/detail/AU6995996128/index.html,2026-06-21,2013,6.9,660.0,K-car (<=660cc),Daihatsu,Domestic
772,スズキ,ハスラー 660 Jターボ 純正8型ナビ 全方位モニター デュアルカメラブレーキサポート 2トーンカラー 禁煙車 シートヒーター スマートキー クルコン パドルシフト HIDヘッドライト オートライト オートエアコン,102.9,94.4,"2019
(R01)","7.4
万km",660CC,CVT,Fukuoka,轻自动车,/usedcar/detail/AU7090867498/index.html,2026-06-21,2019,7.4,660.0,K-car (<=660cc),Suzuki,Domestic
773,スズキ,アルトラパン 660 モード SDナビ バックカメラ 衝突被害軽減システム 禁煙車 ドラレコ コーナーセンサー スマートキー HIDヘッド 純正14インチアルミ 車線逸脱警報 オートエアコン Bluetooth 地デジ,119.9,112.8,"2021
(R03)","2.8
万km",660CC,CVT,Aichi,轻自动车,/usedcar/detail/AU6869807054/index.html,2026-06-21,2021,2.8,660.0,K-car (<=660cc),Suzuki,Domestic
774,日産,デイズルークス 660 X Vセレクション 禁煙車 純正SDナビ 全周囲カメラ 衝突被害軽減システム ドラレコ スマートキー LEDヘッド 純正14インチアルミ オートライト オートエアコン Bluetooth CD/DVD再生 フルセグTV,62.9,54.9,"2016
(H28)","5.9
万km",660CC,CVT,Fukuoka,轻自动车,/usedcar/detail/AU7065754464/index.html,2026-06-21,2016,5.9,660.0,K-car (<=660cc),Nissan,Domestic
775,ホンダ,N-BOX 660 L 禁煙車 両側電動スライドドア 純正SDナビ バックカメラ 衝突被害軽減システム レーダークルーズ ハーフレザーシート ドラレコ コーナーセンサー スマートキー LEDヘッド 純正15インチアルミ,142.9,134.6,"2023
(R05)","1.1
万km",660CC,CVT,Fukuoka,轻自动车,/usedcar/detail/AU6972361170/index.html,2026-06-21,2023,1.1,660.0,K-car (<=660cc),Honda,Domestic
776,ホンダ,N-BOX カスタム 660 ターボ 届出済未使用車 両側電動スライドドア 衝突軽減装置 レーダークルーズ レーンキープ クリアランスソナー LEDヘッド オートマチックハイビーム オートライト オートエアコン 純正15インチAW,192.9,183.2,"2026
(R08)","5
km",660CC,CVT,Chiba,轻自动车,/usedcar/detail/AU7064124571/index.html,2026-06-21,2026,0.0005,660.0,K-car (<=660cc),Honda,Domestic
777,ダイハツ,タント 660 カスタム RS トップエディション VS SAIII SDナビ 全方位カメラ 両側電動スライドドア スマートアシスト シートヒーター ドラレコ ETC スマートキー LEDヘッド オートマチックハイビーム オートライト オートエアコン Bluetooth,78.8,70.3,"2019
(H31)","10
万km",660CC,CVT,Nara,轻自动车,/usedcar/detail/AU6957676927/index.html,2026-06-21,2019,10.0,660.0,K-car (<=660cc),Daihatsu,Domestic
778,ダイハツ,タント 660 カスタム X 4WD 純正ナビ Bluetooth 片側電動スライドドア バックカメラ 衝突被害軽減 ハーフレザーシート オートライト スマートキー LEDヘッド ETC オートエアコン 純正14インチアルミ,54.9,47.3,"2013
(H25)","10.1
万km",660CC,CVT,Hokkaido,轻自动车,/usedcar/detail/AU7064317622/index.html,2026-06-21,2013,10.1,660.0,K-car (<=660cc),Daihatsu,Domestic
779,ホンダ,N-WGN 660 G ホンダ センシング ホンダセンシングレーンキープアシスト/誤発進抑制機能/衝突軽減システム・アダプティブクルーズコントロール/純正ナビ Bluetooth/CD/DVD/フルセグTV/バックカメラ/ETC,79.8,76.3,"2020
(R02)","7.3
万km",660CC,CVT,Tokyo,轻自动车,/usedcar/detail/AU7071738716/index.html,2026-06-21,2020,7.3,660.0,K-car (<=660cc),Honda,Domestic
780,ホンダ,N-BOX 660 届出済未使用車 禁煙車 HondaSENSING アダプティブクルーズコントロール 電子パーキング 左パワースライドドア LEDヘッドライト スマートキー プッシュスタート アイドリングストップ ステアリングスイッチ,149.9,140.1,"2026
(R08)","6
km",660CC,CVT,Osaka,轻自动车,/usedcar/detail/AU7095651859/index.html,2026-06-21,2026,0.0006,660.0,K-car (<=660cc),Honda,Domestic
781,日産,デイズ 660 X 4WD 走行距離無制限保証 日産認定中古車 日産純正ナビ アラウンドビューモニター ステアリングヒーター シートヒーター インテリジェントキー,132.2,125.0,"2024
(R06)","1.8
万km",660CC,CVT,Iwate,轻自动车,/usedcar/detail/AU6956593467/index.html,2026-06-21,2024,1.8,660.0,K-car (<=660cc),Nissan,Domestic
782,ダイハツ,ミラトコット 660 L SAIII 衝突軽減B 社外ナビ Bluetooth対応 Bカメラ ETC アイドリングストップ LEDヘッドライト,59.9,51.4,"2018
(H30)","1.7
万km",660CC,CVT,Ehime,轻自动车,/usedcar/detail/AU6801733619/index.html,2026-06-21,2018,1.7,660.0,K-car (<=660cc),Daihatsu,Domestic
783,ダイハツ,ミライース 660 L SAIII 衝突被害軽減システム 禁煙車 コーナーセンサー ETC オートハイビーム CD再生 横滑り防止装置 キーレス,59.9,49.5,"2019
(R01)","3.9
万km",660CC,CVT,Tochigi,轻自动车,/usedcar/detail/AU6936629240/index.html,2026-06-21,2019,3.9,660.0,K-car (<=660cc),Daihatsu,Domestic
784,ホンダ,N-WGN カスタム 660 L ホンダ センシング 禁煙 純正ナビ 衝突軽減 バックカメラ アダプティブクルーズ ドライブレコーダー クリアランスソナー スマートキー LEDヘッド ETC 純正14インチアルミ 車線逸脱警報,97.9,90.4,"2020
(R02)","2.2
万km",660CC,CVT,Miyazaki,轻自动车,/usedcar/detail/AU6915727261/index.html,2026-06-21,2020,2.2,660.0,K-car (<=660cc),Honda,Domestic
785,日産,デイズルークス 660 X Vセレクション 4WD 両側電動ドア 純正ナビ 全周囲カメラ 衝突軽減装置 禁煙車 シートヒーター スマートキー 純正14インチAW オートエアコン Bluetooth CD DVD再生 フルセグ 電動格納ミラー,59.9,49.3,"2017
(H29)","11.1
万km",660CC,CVT,Fukushima,轻自动车,/usedcar/detail/AU6990794158/index.html,2026-06-21,2017,11.1,660.0,K-car (<=660cc),Nissan,Domestic
786,ホンダ,N-WGN 660 G SSコンフォートパッケージ 禁煙車 保証付 修復歴無 ETC Bカメラ CTBA ESC シートH 純正ナビ BT CD USB HIDオートライト オートリトラミラー Pスタート Aストップ ステリモ AAC スマートキー2個 純正14インチAW あんしんPKG 走行距離18700キロ,74.8,64.8,"2018
(H30)","1.9
万km",660CC,CVT,Wakayama,轻自动车,/usedcar/detail/AU7084383059/index.html,2026-06-21,2018,1.9,660.0,K-car (<=660cc),Honda,Domestic
787,ダイハツ,ムーヴキャンバス 660 ストライプス G 禁煙 ディスプレイオーディオ 両側電動スライドドア バックカメラ 衝突軽減 クリアランスソナー ドラレコ ETC LEDヘッドライト オートエアコン オートライト スマートキー,139.8,132.4,"2023
(R05)","3.3
万km",660CC,CVT,Fukuoka,轻自动车,/usedcar/detail/AU6972362783/index.html,2026-06-21,2023,3.3,660.0,K-car (<=660cc),Daihatsu,Domestic
788,ダイハツ,ハイゼットトラック 660 スタンダード 3方開 4WD ダイハツ認定中古車,115.3,109.0,"2025
(R07)","58
km",660CC,CVT,Hokkaido,轻自动车,/usedcar/detail/AU7060735196/index.html,2026-06-21,2025,0.0058,660.0,K-car (<=660cc),Daihatsu,Domestic
789,スズキ,アルトラパン LC 660 X SDナビ バックカメラ 衝突軽減装置 禁煙車 ハーフレザーシート 2トーンカラー コーナーセンサー スマートキー LEDヘッド ETC オートライト オートエアコン Bluetooth CD 地デジ,139.9,129.5,"2023
(R05)","1
万km",660CC,CVT,Aichi,轻自动车,/usedcar/detail/AU6891055533/index.html,2026-06-21,2023,1.0,660.0,K-car (<=660cc),Suzuki,Domestic
790,日産,ルークス 660 X ディスプレイオーディオ 電動スライドドア エマージェンシーブレーキ 禁煙車 全周囲カメラ ETC Bluetooth AppieCarPlay スマートキー コーナーセンサー オートライト 盗難防止,89.9,81.7,"2023
(R05)","6.6
万km",660CC,CVT,Shizuoka,轻自动车,/usedcar/detail/AU7024026564/index.html,2026-06-21,2023,6.6,660.0,K-car (<=660cc),Nissan,Domestic
791,ホンダ,N-BOX 660 G ホンダセンシング 衝撃被害軽減ブレーキ・バックカメラ・ETC・禁煙車・アイドリング・シートヒーター・カーナビ・Bluetooth・フルセグTV・CD/DVD再生・スマートキー&プッシュスタート・ルームクリーニング!,74.5,67.8,"2020
(R02)","7.5
万km",660CC,CVT,Hyogo,轻自动车,/usedcar/detail/AU7002995283/index.html,2026-06-21,2020,7.5,660.0,K-car (<=660cc),Honda,Domestic
792,ホンダ,N-BOX 660 G L ホンダセンシング 禁煙車 電動スライドドア 純正SDナビ バックカメラ 衝突被害軽減システム スマートキー LEDヘッド ビルトインETC 車線逸脱警報 オートライト オートエアコン Bluetooth CD,109.9,102.0,"2020
(R02)","1.6
万km",660CC,CVT,Fukuoka,轻自动车,/usedcar/detail/AU6839427886/index.html,2026-06-21,2020,1.6,660.0,K-car (<=660cc),Honda,Domestic
793,ホンダ,N-BOX カスタム 660 コーディネートスタイル モノトーン 届出済未使用車 両側電動スライドドア 衝突被害軽減ブレーキ コーナーセンサー スマートキー アダクティブクルーズコントロール LEDヘッドライト フォグランプ シートヒーター アルミホイール,169.9,160.9,"2026
(R08)","5
km",660CC,CVT,Aichi,轻自动车,/usedcar/detail/AU6870967450/index.html,2026-06-21,2026,0.0005,660.0,K-car (<=660cc),Honda,Domestic
794,スズキ,ワゴンR 660 ハイブリッド FX セーフティパッケージ装着車 ナビゲーション/ETC/衝突被害軽減システム/レーンキープアシスト/スマートキー/シートヒーター/アイドリングストップ/ベンチシート/オートライト/オートエアコン/電動格納ミラー/フロアマット,59.7,54.8,"2019
(R01)","5.1
万km",660CC,CVT,Kagawa,轻自动车,/usedcar/detail/AU6533281717/index.html,2026-06-21,2019,5.1,660.0,K-car (<=660cc),Suzuki,Domestic
795,ダイハツ,ウェイク 660 Gターボ レジャーエディション SAIII メーカーナビ バックカメラ 両側パワースライドドア スマートアシスト ETC オートエアコン LEDヘッドランプ スマートキー アイドリングストップ 禁煙車 純正15インチアルミホイール,99.9,91.6,"2018
(H30)","5.7
万km",660CC,CVT,Fukuoka,轻自动车,/usedcar/detail/AU6819903598/index.html,2026-06-21,2018,5.7,660.0,K-car (<=660cc),Daihatsu,Domestic
796,日産,デイズルークス 660 ハイウェイスター Gターボ 4WD 両側電動ドア 純正ナビ 全周囲カメラ 寒冷地仕様 衝突軽減 禁煙車 クルコン シートヒーター ドラレコ ETC LEDヘッドライト オートハイビーム スマートキー 横滑防止装置 オートエアコン,77.9,67.3,"2017
(H29)","9
万km",660CC,CVT,Hokkaido,轻自动车,/usedcar/detail/AU7051802110/index.html,2026-06-21,2017,9.0,660.0,K-car (<=660cc),Nissan,Domestic
797,日産,ルークス 660 X 新型 届出済未使用車 片側電動スライドドア 衝突被害軽減ブレーキ コーナーセンサー スマートキー アイドリングストップ 電動格納ドアミラー オートエアコン LEDヘッドライト ベンチシート,159.9,150.9,"2025
(R07)","10
km",660CC,CVT,Gifu,轻自动车,/usedcar/detail/AU6709991227/index.html,2026-06-21,2025,0.001,660.0,K-car (<=660cc),Nissan,Domestic
798,スズキ,ハスラー 660 ハイブリッド G SDナビ 禁煙車 シートヒーター ドラレコ フルセグ Bluetooth再生 ETC スマートキー オートライト/エアコン アイドリングストップ 電動格納ミラー 横滑り防止装置 盗難防止システム,99.9,89.4,"2021
(R03)","5.4
万km",660CC,CVT,Oita,轻自动车,/usedcar/detail/AU6945003673/index.html,2026-06-21,2021,5.4,660.0,K-car (<=660cc),Suzuki,Domestic
799,スズキ,エブリイワゴン 660 PZターボ ハイルーフ 4WD オーディオレス 電動スライドドア LEDヘッドランプ キーレスプッシュスタート オーバーヘッドシェルフ ステアリングオーディオスイッチ 衝突被害軽減ブレーキ 後退時ブレーキサポート チルトステアリング,187.9,179.8,"2025
(R07)","0.3
万km",660CC,CVT,Kanagawa,轻自动车,/usedcar/detail/AU7066634266/index.html,2026-06-21,2025,0.3,660.0,K-car (<=660cc),Suzuki,Domestic
800,スズキ,ハスラー 660 ハイブリッド G スズキセーフティサポート LEDヘッドライト アダプティブクルーズコントロール スマートキー プッシュスタート アイドリングストップ 障害物センサー ステアリングスイッチ 電動格納ミラー オートエアコン,129.9,121.4,"2025
(R07)","0.5
万km",660CC,CVT,Nara,轻自动车,/usedcar/detail/AU7069765345/index.html,2026-06-21,2025,0.5,660.0,K-car (<=660cc),Suzuki,Domestic
801,日産,デイズルークス 660 X Vセレクション,90.9,83.0,"2020
(R02)","0.9
万km",660CC,CVT,Mie,轻自动车,/usedcar/detail/AU7018032083/index.html,2026-06-21,2020,0.9,660.0,K-car (<=660cc),Nissan,Domestic
802,日産,デイズルークス 660 X 禁煙車 アラウンドビューモニタ 電動スライドドア 衝突被害軽減 純正CDオーディオ スマートキー オートエアコン 後席サーキュレーター/サンシェード AUX接続,64.9,54.3,"2019
(H31)","2.7
万km",660CC,CVT,Kumamoto,轻自动车,/usedcar/detail/AU6901205863/index.html,2026-06-21,2019,2.7,660.0,K-car (<=660cc),Nissan,Domestic
803,ホンダ,N-BOX カスタム 660 ターボ ワンオーナー /純正8型ナビ /フルセグTV,159.8,156.0,"2024
(R06)","2
万km",660CC,CVT,Hiroshima,轻自动车,/usedcar/detail/AU7033486136/index.html,2026-06-21,2024,2.0,660.0,K-car (<=660cc),Honda,Domestic
804,スズキ,アルトラパン 660 G オートギヤシフト 禁煙車 SDナビ バックカメラ Bluetooth スズキセーフティーサポート ETC ドラレコ 横滑り防止装置 スマートキー CD DVD再生 ベンチシート 衝突安全ボディ バニティーミラー,73.9,66.1,"2018
(H30)","5.7
万km",660CC,5AT,Aichi,轻自动车,/usedcar/detail/AU7081882192/index.html,2026-06-21,2018,5.7,660.0,K-car (<=660cc),Suzuki,Domestic
805,ホンダ,N-BOX 660 届出済未使用車 片側電動スライドドア 衝突被害軽減ブレーキ コーナーセンサー アダクティブクルーズコントロール アイドリングストップ スマートキー LEDヘッドライト シートヒーター バックカメラ,137.7,128.7,"2026
(R08)","6
km",660CC,CVT,Aichi,轻自动车,/usedcar/detail/AU6971687255/index.html,2026-06-21,2026,0.0006,660.0,K-car (<=660cc),Honda,Domestic
806,ダイハツ,アトレーワゴン 660 カスタムターボRS 両側スライドドア フォグライト 電動格納ミラー オートエアコン 純正アルミホイール,39.9,32.0,"2014
(H26)","10.2
万km",660CC,4AT,Osaka,轻自动车,/usedcar/detail/AU6989769698/index.html,2026-06-21,2014,10.2,660.0,K-car (<=660cc),Daihatsu,Domestic
807,マツダ,キャロル 660 エコ X 4WD 4WD/禁煙/純正オーディオ/CD/ラジオ/運転席シートヒーター/社外アルミホイール付き夏タイヤ積込/アイドリングストップ/ミラーヒーター/ウインカーミラー/電動格納ミラー/プッシュスタート,49.8,45.8,"2014
(H26)","4.8
万km",660CC,CVT,Hokkaido,轻自动车,/usedcar/detail/AU7084831709/index.html,2026-06-21,2014,4.8,660.0,K-car (<=660cc),Mazda,Domestic
808,ダイハツ,ムーヴ 660 X SA SDナビ 衝突被害軽減システム 禁煙車 コーナーセンサー スマートキー ETC 純正14インAW オートライト オートエアコン 電動格納ミラー CD/DVD再生 地デジ アイドリングストップ,62.9,52.4,"2015
(H27)","1.9
万km",660CC,CVT,Tochigi,轻自动车,/usedcar/detail/AU7011554381/index.html,2026-06-21,2015,1.9,660.0,K-car (<=660cc),Daihatsu,Domestic
809,スズキ,ジムニー 660 XC 4WD ディスプレイオーディオ クルーズコントロール バックカメラ ステアリングスイッチ シートヒーター 前後ドライブレコーダー ビルドインETC LEDヘッドライト フォグライト 電動格納ミラー,198.8,195.3,"2024
(R06)","0.8
万km",660CC,4AT,Iwate,轻自动车,/usedcar/detail/AU7050875829/index.html,2026-06-21,2024,0.8,660.0,K-car (<=660cc),Suzuki,Domestic
810,スズキ,ハスラー 660 FリミテッドII 純正SDナビ 衝突被害軽減システム 禁煙車 スマートキー HIDヘッド オートライト オートエアコン Bluetooth CD DVD再生 フルセグ,87.9,80.1,"2018
(H30)","4.5
万km",660CC,CVT,Tochigi,轻自动车,/usedcar/detail/AU6927921188/index.html,2026-06-21,2018,4.5,660.0,K-car (<=660cc),Suzuki,Domestic
811,ホンダ,N-BOX 660 禁煙車 現行 電動スライドドア 衝突被害軽減システム レーダークルーズ コーナーセンサー 前席シートヒーター スマートキー LEDヘッドライト オートハイビーム オートライト オートエアコン CD再生,134.9,126.2,"2024
(R06)","0.4
万km",660CC,CVT,Aichi,轻自动车,/usedcar/detail/AU6998669017/index.html,2026-06-21,2024,0.4,660.0,K-car (<=660cc),Honda,Domestic
812,ホンダ,N-BOX 660 4WD 届出済未使用車 電動スライドドア ホンダセンシング アダプティブクルーズコントロール シートヒーター クリアランスソナー スマートキー LEDヘッド 車線逸脱警報 オートライト オートエアコン,174.9,165.2,"2026
(R08)","11
km",660CC,CVT,Iwate,轻自动车,/usedcar/detail/AU7089070651/index.html,2026-06-21,2026,0.0011,660.0,K-car (<=660cc),Honda,Domestic
813,日産,デイズ 660 X 4WD ナビ バックカメラ エマージェンシーブレーキ 禁煙車 コーナーセンサー スマートキー ETC 純正14インチAW オートライト オートエアコン Bluetooth CD,129.9,119.5,"2024
(R06)","1.2
万km",660CC,CVT,Ishikawa,轻自动车,/usedcar/detail/AU6967481191/index.html,2026-06-21,2024,1.2,660.0,K-car (<=660cc),Nissan,Domestic
814,ホンダ,S660 660 トラッドレザーエディション 禁煙車 茶革 CTBA 純正オーディオ 純15AW,196.1,191.2,"2019
(R01)","5.2
万km",660CC,CVT,Tochigi,轻自动车,/usedcar/detail/AU7093048456/index.html,2026-06-21,2019,5.2,660.0,K-car (<=660cc),Honda,Domestic
815,スズキ,アルト 660 L 4WD 禁煙車 シートヒーター アイドリングストップ ドライブレコーダー 横滑り防止 CDオーディオ ヘッドライトレベライザー トラクションコントロール,64.8,56.9,"2018
(H30)","4.7
万km",660CC,CVT,Hokkaido,轻自动车,/usedcar/detail/AU6941263397/index.html,2026-06-21,2018,4.7,660.0,K-car (<=660cc),Suzuki,Domestic
816,日産,クリッパー 660 DX GLパッケージ ハイルーフ 純正メモリーナビ・バックカメラ・被害軽減ブレーキ・前席シートヒーター・キーレス,114.9,108.0,"2024
(R06)","1.2
万km",660CC,CVT,Fukuoka,轻自动车,/usedcar/detail/AU7052610189/index.html,2026-06-21,2024,1.2,660.0,K-car (<=660cc),Nissan,Domestic
817,日産,デイズ 660 S ワンオーナー 社外ナビ リモコンキー,76.8,70.0,"2021
(R03)","3.2
万km",660CC,CVT,Fukuoka,轻自动车,/usedcar/detail/AU7074838442/index.html,2026-06-21,2021,3.2,660.0,K-car (<=660cc),Nissan,Domestic
818,ホンダ,N-BOX カスタム 660 届出済未使用車 片側電動スライドドア スマートキー 衝突被害軽減ブレーキ 電動格納ドアミラー LEDヘッドライト シートヒーター バックカメラ アルミホイール ベンチシート コーナーセンサー,154.9,145.9,"2025
(R07)","5
km",660CC,CVT,Aichi,轻自动车,/usedcar/detail/AU6603616386/index.html,2026-06-21,2025,0.0005,660.0,K-car (<=660cc),Honda,Domestic
819,ホンダ,N-BOX カスタム 660 ターボ 届出済未使用車 禁煙車 HondaSENSING アダプティブクルーズコントロール 電子パーキング 両側パワースライドドア LEDヘッドライト スマートキー アイドリングストップ 前席シートヒーター 純正アルミホイール,179.9,170.2,"2026
(R08)","16
km",660CC,MT,Hyogo,轻自动车,/usedcar/detail/AU6956432986/index.html,2026-06-21,2026,0.0016,660.0,K-car (<=660cc),Honda,Domestic
820,スズキ,アルトラパン LC 660 X オートライト プッシュスタート シートヒーター オートエアコン スズキセーフティーサポート アイドリングストップ 横滑り防止機能 衝突安全ボディ 盗難防止システム,136.0,127.0,"2025
(R07)","0.3
万km",660CC,CVT,Oita,轻自动车,/usedcar/detail/AU6908114154/index.html,2026-06-21,2025,0.3,660.0,K-car (<=660cc),Suzuki,Domestic
821,ホンダ,N-BOX カスタム 660 L ターボ 禁煙車 純正9インチナビ バックカメラ シートヒーター アダプティブクルーズコントロール ホンダセンシング ETC LEDヘッドライト パドルシフト プッシュスタート スマートキー オートライト フロアマット,170.9,166.8,"2023
(R05)","2.3
万km",660CC,MT,Fukuoka,轻自动车,/usedcar/detail/AU7009730770/index.html,2026-06-21,2023,2.3,660.0,K-car (<=660cc),Honda,Domestic
822,スズキ,ワゴンR 660 スティングレー T SDナビ バックカメラ 衝突被,49.9,41.8,"2016
(H28)","9.3
万km",660CC,CVT,Hiroshima,轻自动车,/usedcar/detail/AU7079306038/index.html,2026-06-21,2016,9.3,660.0,K-car (<=660cc),Suzuki,Domestic
823,ダイハツ,ミラココア 660 プラス X ナビ バックカメラ 禁煙車 スマートキー LEDヘッド ETC オートエアコン Bluetooth CD DVD再生 フルセグ LEDフォグ,62.9,54.5,"2015
(H27)","6.9
万km",660CC,CVT,Nagasaki,轻自动车,/usedcar/detail/AU7094789539/index.html,2026-06-21,2015,6.9,660.0,K-car (<=660cc),Daihatsu,Domestic
824,スズキ,スペーシア 660 ハイブリッド G スズキセーフティサポート非装着車 両側スライドドア スマートキー プッシュスタート アイドリングストップ 電動格納ミラー オートエアコン,86.9,77.6,"2021
(R03)","3
万km",660CC,CVT,Kyoto,轻自动车,/usedcar/detail/AU6966859707/index.html,2026-06-21,2021,3.0,660.0,K-car (<=660cc),Suzuki,Domestic
825,スズキ,スペーシア 660 カスタム ハイブリッド XSターボ 禁煙/OPブラックルーフ&ドアミラー&リアスポイラー/セーフティサポート/両側パワスラ/ハーフレザーシート/スリムサーキュレーター/KENWOODナビ/Bluetooth/パドルシフト/ACC/バックカメラ/踏み間違い防止,131.9,124.3,"2021
(R03)","3.2
万km",660CC,MT,Miyagi,轻自动车,/usedcar/detail/AU6906975100/index.html,2026-06-21,2021,3.2,660.0,K-car (<=660cc),Suzuki,Domestic
826,日産,ルークス 660 ハイウェイスターX メモリーナビ 全周囲カメラ 弊社社用車,114.9,107.0,"2021
(R03)","3.2
万km",660CC,CVT,Tochigi,轻自动车,/usedcar/detail/AU6968563826/index.html,2026-06-21,2021,3.2,660.0,K-car (<=660cc),Nissan,Domestic
827,スズキ,ハスラー 660 ハイブリッド G 禁煙車 ETC ドアバイザー 衝突被害軽減ブレーキ パーキングセンサー オートライト オートハイビーム スマートキー プッシュスタート UVカットガラス シートヒーター 助手席アンダーボックス 横滑り防止,94.9,89.5,"2021
(R03)","6.7
万km",660CC,CVT,Okayama,轻自动车,/usedcar/detail/AU7036744945/index.html,2026-06-21,2021,6.7,660.0,K-car (<=660cc),Suzuki,Domestic
828,スズキ,エブリイ 660 PA ハイルーフ FM/AMラジオ 両側スライドドア オーバーヘッドシェルフ 集中ドアロック 衝突被害軽減ブレーキ 後退時ブレーキサポート ESP(車両走行安定補助システム) アイドリングストップ オートライト,113.6,105.8,"2025
(R07)","0.3
万km",660CC,4AT,Kanagawa,轻自动车,/usedcar/detail/AU7082390238/index.html,2026-06-21,2025,0.3,660.0,K-car (<=660cc),Suzuki,Domestic
829,三菱,デリカミニ 660 T プレミアム 届出済未使用車 マイパイロット マルチアラウンドモニター 衝突被害軽減ブレーキ 両側電動スライドドア ルーフレール シートヒーター リアロールサンシェード 純正14インチアルミホイール LEDヘッドライト,229.8,219.8,"2026
(R08)","6
km",660CC,CVT,Shiga,轻自动车,/usedcar/detail/AU7022225311/index.html,2026-06-21,2026,0.0006,660.0,K-car (<=660cc),Mitsubishi,Domestic
830,スズキ,ハスラー 660 JスタイルIIIターボ 禁煙車 衝突軽減装置 純正ナビ 全方位カメラ シートヒーター ドラレコ ETC HIDヘッドライト 純正15インチアルミ スマートキー オートエアコン クルーズコントロール,79.9,71.8,"2018
(H30)","8.5
万km",660CC,CVT,Miyagi,轻自动车,/usedcar/detail/AU6957638704/index.html,2026-06-21,2018,8.5,660.0,K-car (<=660cc),Suzuki,Domestic
831,ダイハツ,ムーヴ 660 カスタム X 修復歴なし スマートキー プッシュスタート ETC LEDヘッドライト アイドリングストップ 14インチアルミ オートエアコン ベンチシート ドアバイザー プライバシーガラス 整備保証付,34.9,24.9,"2014
(H26)","8.3
万km",660CC,CVT,Chiba,轻自动车,/usedcar/detail/AU7088903434/index.html,2026-06-21,2014,8.3,660.0,K-car (<=660cc),Daihatsu,Domestic
832,三菱,デリカミニ 660 G プレミアム 届出済未使用車/禁煙車/電動スライド/シートヒーター/LEDヘッドライト/衝突被害軽減ブレーキ/パーキングセンサー/踏み間違い防止/オートライト/オートエアコン/プッシュスタート/クルーズコントロール,209.9,204.4,"2025
(R07)","3
km",660CC,CVT,Okayama,轻自动车,/usedcar/detail/AU7034542407/index.html,2026-06-21,2025,0.0003,660.0,K-car (<=660cc),Mitsubishi,Domestic
833,スズキ,ハスラー 660 ハイブリッド G 社外8型メモリーナビ Bluetooth接続/AM/FM スズキセーフティサポート デュアルカメラブレーキサポート 前席シートヒーター アダプティブクルーズコントロール プッシュスタート ETC,159.8,156.2,"2025
(R07)","0.3
万km",660CC,CVT,Kanagawa,轻自动车,/usedcar/detail/AU7059504293/index.html,2026-06-21,2025,0.3,660.0,K-car (<=660cc),Suzuki,Domestic
834,ホンダ,N-BOX 660 届出済未使用車 片側電動スライドドア 衝突被害軽減ブレーキ コーナーセンサー アダクティブクルーズコントロール スマートキー チップアップシート アイドリングストップ LED 電動格納ドアミラー,137.7,128.7,"2026
(R08)","5
km",660CC,CVT,Aichi,轻自动车,/usedcar/detail/AU7077054152/index.html,2026-06-21,2026,0.0005,660.0,K-car (<=660cc),Honda,Domestic
835,スズキ,ワゴンR 660 スティングレー ハイブリッド X ナビ 全方位カメラ ETC ドラレコ,102.9,95.0,"2021
(R03)","2.7
万km",660CC,CVT,Kyoto,轻自动车,/usedcar/detail/AU7101311785/index.html,2026-06-21,2021,2.7,660.0,K-car (<=660cc),Suzuki,Domestic
836,ホンダ,N-WGN 660 G 禁煙車 スマートキー オートエアコン CD,43.2,32.5,"2015
(H27)","8
万km",660CC,CVT,Chiba,轻自动车,/usedcar/detail/AU7088886974/index.html,2026-06-21,2015,8.0,660.0,K-car (<=660cc),Honda,Domestic
837,スズキ,ハスラー 660 Gターボ 禁煙 純正ナビ 衝突軽減 ドライブレコーダー スマートキー 車線逸脱警報 オートエアコン Bluetooth CD/DVD再生,97.9,87.2,"2019
(R01)","3.8
万km",660CC,CVT,Miyazaki,轻自动车,/usedcar/detail/AU6962184534/index.html,2026-06-21,2019,3.8,660.0,K-car (<=660cc),Suzuki,Domestic
838,スズキ,ハスラー 660 ハイブリッド G スズキセーフティサポート 社外ナビ Bluetooth対応 Bカメラ スマートキー プッシュスタート アイドリングストップ 前席シートヒーター ステアリングスイッチ 障害物センサー,129.9,121.5,"2024
(R06)","1.5
万km",660CC,CVT,Hyogo,轻自动车,/usedcar/detail/AU6954763443/index.html,2026-06-21,2024,1.5,660.0,K-car (<=660cc),Suzuki,Domestic
839,日産,ルークス 660 S 禁煙車 純正ディスプレイオーディオ Bluetooth ETC 両側スライドドア 右側イージークローザー オートエアコン LEDヘッドライト ヘッドライトレベライザー,149.9,143.4,"2025
(R07)","0.1
万km",660CC,CVT,Yamagata,轻自动车,/usedcar/detail/AU7036965788/index.html,2026-06-21,2025,0.1,660.0,K-car (<=660cc),Nissan,Domestic
840,スズキ,アルトラパン 660 モード 禁煙車 ディスプレイオーディオ LEDヘッドライト 衝突被害軽減ブレーキ パーキングセンサー オートライト オートハイビーム スマートキー プッシュスタート UVカットガラス ディスプレイオーディオ,79.9,74.3,"2019
(R01)","5.7
万km",660CC,CVT,Okayama,轻自动车,/usedcar/detail/AU7077052063/index.html,2026-06-21,2019,5.7,660.0,K-car (<=660cc),Suzuki,Domestic
841,日産,デイズ 660 S ヘッドライトレベライザー/アイドリングストップ/ヘッドライトレベライザー/ベンチシート/電動格納ミラー/フロアマット/サイドバイザー/キーレスエントリー,19.5,14.6,"2014
(H26)","8.9
万km",660CC,CVT,Kagawa,轻自动车,/usedcar/detail/AU5860756143/index.html,2026-06-21,2014,8.9,660.0,K-car (<=660cc),Nissan,Domestic
842,ホンダ,N-ONE 660 RS 届出済未使用車 MT車 ホンダセンシング アダプティブクルーズコントロール シートヒーター スマートキー LEDヘッドライト オートエアコン オートライト シートリフター ヘッドライトレベライザー,229.9,220.4,"2026
(R08)","10
km",660CC,6MT,Shizuoka,轻自动车,/usedcar/detail/AU7070321841/index.html,2026-06-21,2026,0.001,660.0,K-car (<=660cc),Honda,Domestic
843,スズキ,ハスラー 660 JスタイルII 禁煙車 純正ナビ 全周囲カメラ 衝突被害軽減システム ドラレコ スマートキー HIDヘッド ビルトインETC 純正15インチアルミ オートライト オートエアコン Bluetooth CD DVD再生,69.9,59.2,"2016
(H28)","8.8
万km",660CC,CVT,Fukuoka,轻自动车,/usedcar/detail/AU6948865323/index.html,2026-06-21,2016,8.8,660.0,K-car (<=660cc),Suzuki,Domestic
844,スズキ,ハスラー 660 ハイブリッド G 衝突軽減装置 レーダークルーズ レーンキープ クリアランスソナー 禁煙車 LEDヘッド オートライト シートヒーター オートマチックハイビーム スマートキー,147.9,139.6,"2025
(R07)","0.8
万km",660CC,CVT,Chiba,轻自动车,/usedcar/detail/AU7040165462/index.html,2026-06-21,2025,0.8,660.0,K-car (<=660cc),Suzuki,Domestic
845,日産,サクラ X 試乗車アップ車両 シートヒーター ハンドルヒーター,156.7,147.0,"2024
(R06)","0.5
万km",,AT,Osaka,轻自动车,/usedcar/detail/AU7028765579/index.html,2026-06-21,2024,0.5,,Luxury (3001cc+),Nissan,Domestic
846,スズキ,スペーシア 660 カスタム ハイブリッド XS 両側電動ドア 純正SDナビ バックカメラ 衝突被害軽減システム 禁煙車 ドラレコ コーナーセンサー スマートキー LEDヘッド 純正14インチアルミ 車線逸脱警報 オートライト オートエアコン,69.9,62.4,"2018
(H30)","9.5
万km",660CC,CVT,Toyama,轻自动车,/usedcar/detail/AU6894380175/index.html,2026-06-21,2018,9.5,660.0,K-car (<=660cc),Suzuki,Domestic
847,ホンダ,N-BOX 660 現行 届出済未使用車 電動スライドドア 衝突被害軽減システム レーダークルーズ コーナーセンサー ホンダセンシング スマートキー 純正14インチAW 車線逸脱警報 オートライト オートエアコン LEDヘッド,167.9,158.1,"2026
(R08)","10
km",660CC,CVT,Aichi,轻自动车,/usedcar/detail/AU7087182151/index.html,2026-06-21,2026,0.001,660.0,K-car (<=660cc),Honda,Domestic
848,スズキ,スペーシア 660 カスタム ハイブリッド XS 届出済未使用車 両側電動スライドドア 衝突被害軽減ブレーキ コーナーセンサー スマートキー シートヒーター アダクティブクルーズコントロール アイドリングストップ オットマン アルミホイール LED,169.9,160.9,"2025
(R07)","17
km",660CC,CVT,Aichi,轻自动车,/usedcar/detail/AU7015948836/index.html,2026-06-21,2025,0.0017,660.0,K-car (<=660cc),Suzuki,Domestic
849,ホンダ,N-ONE 660 オリジナル 4WD 禁煙車 衝突軽減 純正8型ナビ Bluetooh再生 スマートキー LEDヘッド,149.9,142.0,"2024
(R06)","1.5
万km",660CC,CVT,Niigata,轻自动车,/usedcar/detail/AU7006099603/index.html,2026-06-21,2024,1.5,660.0,K-car (<=660cc),Honda,Domestic
850,ダイハツ,ハイゼットトラック 660 エクストラ 3方開 4WD FM/AMラジオ付CD LEDヘッドランプ プッシュボタンスタート スマートアシスト アイドルストップ機能 トラクションコントロール アングルポスト オートライト 電源ソケット エアコン,114.4,104.8,"2022
(R04)","1.4
万km",660CC,5MT,Kanagawa,轻自动车,/usedcar/detail/AU7018035069/index.html,2026-06-21,2022,1.4,660.0,K-car (<=660cc),Daihatsu,Domestic
851,ダイハツ,タント 660 L ecoIDLE非装着車 禁煙車/両側スライドドア/衝突軽減ブレーキ/コーナーセンサー/LEDヘッドライト/バックカメラ/UVカットガラス/オートエアコン/ピラーレス,114.9,109.3,"2024
(R06)","0.6
万km",660CC,CVT,Kagawa,轻自动车,/usedcar/detail/AU7084830833/index.html,2026-06-21,2024,0.6,660.0,K-car (<=660cc),Daihatsu,Domestic
852,スズキ,ハスラー 660 Jスタイル ターボ 純正9型ナビ 全周囲カメラ フルセグTV BT CD DVD FM AM USB ビルドインETC 前席シートヒーター レーダークルーズコントロール 衝突軽減装置 横滑り防止装置 車線逸脱警報装置,155.9,152.6,"2022
(R04)","1.4
万km",660CC,CVT,Tokyo,轻自动车,/usedcar/detail/AU6917848069/index.html,2026-06-21,2022,1.4,660.0,K-car (<=660cc),Suzuki,Domestic
853,スズキ,スペーシア 660 カスタム ハイブリッド XS 衝突軽減B アダプティブクルーズコントロール 両側自動ドア 運転席シートヒーター LEDヘッドライト フォグライト スマートキー プッシュスタート アイドリングストップ 社外オーディオ 純正アルミホイール,123.9,114.1,"2021
(R03)","2.9
万km",660CC,CVT,Osaka,轻自动车,/usedcar/detail/AU6696311526/index.html,2026-06-21,2021,2.9,660.0,K-car (<=660cc),Suzuki,Domestic
854,ホンダ,N-BOX 660 G SSパッケージ 両側電動ドア SDナビ バックカメラ 衝突被害軽減システム 禁煙車 スマートキー ETC オートエアコン Bluetooth CD DVD再生 地デジ プライバシーガラス,49.9,42.4,"2015
(H27)","10.3
万km",660CC,CVT,Aichi,轻自动车,/usedcar/detail/AU7048781742/index.html,2026-06-21,2015,10.3,660.0,K-car (<=660cc),Honda,Domestic
855,ホンダ,N-ONE 660 G Lパッケージ ナビ(CN-RA03D) バックカメラ 衝突軽減システム 踏み間違い防止アシスト ビルトインETC LEDライト 横滑り防止装置 アイドリングストップ 純正フロアマット プッシュスタート スマートキー,52.8,47.9,"2017
(H29)","8.4
万km",660CC,CVT,Hiroshima,轻自动车,/usedcar/detail/AU7087011775/index.html,2026-06-21,2017,8.4,660.0,K-car (<=660cc),Honda,Domestic
856,日産,デイズ 660 ハイウェイスターX 修復歴なし 純正ナビ フルセグ Bluetooth バックカメラ スマートキー プッシュスタート ETC HIDヘッドライト アイドリングストップ オートエアコン プライバシーガラス 整備保証付,29.9,24.9,"2013
(H25)","7.6
万km",660CC,CVT,Chiba,轻自动车,/usedcar/detail/AU6980111996/index.html,2026-06-21,2013,7.6,660.0,K-car (<=660cc),Nissan,Domestic
857,スズキ,ハスラー 660 ハイブリッド G SDナビ 衝突被害軽減システム レーダークルーズ 禁煙車 コーナーセンサー スマートキー LEDヘッド 純正15インチアルミ 車線逸脱警報 オートライト オートエアコン Bluetooth フルセグ,132.9,125.4,"2024
(R06)","2.8
万km",660CC,CVT,Mie,轻自动车,/usedcar/detail/AU6964965143/index.html,2026-06-21,2024,2.8,660.0,K-car (<=660cc),Suzuki,Domestic
858,スズキ,ワゴンR 660 FX 社外ナビ TV アイドリングストップ キーレスエントリー 電動格納ミラー ヘッドライトレベライザー オートエアコン,36.9,29.1,"2014
(H26)","2.7
万km",660CC,CVT,Kyoto,轻自动车,/usedcar/detail/AU7064140236/index.html,2026-06-21,2014,2.7,660.0,K-car (<=660cc),Suzuki,Domestic
859,ホンダ,N-BOX 660 G L ホンダセンシング 4WD 4WD /純正ナビ /クルーズコントロール /ETC,114.8,110.0,"2019
(R01)","7
万km",660CC,CVT,Hokkaido,轻自动车,/usedcar/detail/AU7073232416/index.html,2026-06-21,2019,7.0,660.0,K-car (<=660cc),Honda,Domestic
860,スズキ,アルトラパン 660 S 全周囲カメラ 衝突被害軽減システム 禁煙車 シートヒーター ドラレコ スマートキー HIDヘッド ビルトインETC 純正14インチアルミ オートライト Bluetooth,99.7,91.7,"2018
(H30)","4
万km",660CC,CVT,Yamanashi,轻自动车,/usedcar/detail/AU7024376236/index.html,2026-06-21,2018,4.0,660.0,K-car (<=660cc),Suzuki,Domestic
861,ダイハツ,ミライース 660 X SA,52.9,44.6,"2016
(H28)","3
万km",660CC,CVT,Aichi,轻自动车,/usedcar/detail/AU7101132155/index.html,2026-06-21,2016,3.0,660.0,K-car (<=660cc),Daihatsu,Domestic
862,スズキ,ワゴンR 660 ハイブリッド FX SDナビ バックカメラ 禁煙車 シートヒーター ドラレコ ETC オートエアコン Bluetooth CD DVD再生 フルセグ キーレス アイドリングストップ プライバシーガラス,54.9,46.7,"2017
(H29)","6
万km",660CC,CVT,Ibaraki,轻自动车,/usedcar/detail/AU6973015811/index.html,2026-06-21,2017,6.0,660.0,K-car (<=660cc),Suzuki,Domestic
863,スズキ,アルト 660 F 4WD 5速マニュアル 純正ナビ テレビ Bluetooth シートヒーター 社外アルミ ライトレベライザー キーレス,64.8,57.0,"2017
(H29)","8.6
万km",660CC,5MT,Hokkaido,轻自动车,/usedcar/detail/AU6897737643/index.html,2026-06-21,2017,8.6,660.0,K-car (<=660cc),Suzuki,Domestic
864,スズキ,ハスラー 660 Jスタイル 衝突軽減装置 禁煙車 スマートキー CD再生 Bluetooth再生 LEDヘッドライト ETC コーナーセンサー 純正15インチAW オートライト LEDフォグランプ オートエアコン 横滑り防止 電動格納ミラー,99.9,89.4,"2021
(R03)","8.8
万km",660CC,CVT,Tochigi,轻自动车,/usedcar/detail/AU6950075588/index.html,2026-06-21,2021,8.8,660.0,K-car (<=660cc),Suzuki,Domestic
865,スズキ,ハスラー 660 ハイブリッド G 届出済未使用車 衝突被害軽減システム コーナーセンサー スマートキー LEDヘッド 純正15インチアルミ オートハイビーム 車線逸脱警報 オートライト オートエアコン,142.9,134.0,"2025
(R07)","10
km",660CC,CVT,Kagawa,轻自动车,/usedcar/detail/AU6756621752/index.html,2026-06-21,2025,0.001,660.0,K-car (<=660cc),Suzuki,Domestic
866,ダイハツ,ムーヴ 660 カスタム X SA 衝突被害軽減システム 禁煙車 LEDヘッド 純正14インチアルミ オートエアコン オートライト スマートキー 純正14インチアルミ アイドリングストップ 電動格納ミラー プライバシーガラス,39.9,32.4,"2013
(H25)","8.4
万km",660CC,CVT,Tochigi,轻自动车,/usedcar/detail/AU6993555090/index.html,2026-06-21,2013,8.4,660.0,K-car (<=660cc),Daihatsu,Domestic
867,スズキ,スペーシア 660 ギア ハイブリッド XZターボ 両側電動ドア 全周囲カメラ 衝突被害軽減システム レーダークルーズ 禁煙車 コーナーセンサー スマートキー LEDヘッド 純正14インチアルミ 車線逸脱警報 オートライト オートエアコン,192.9,184.8,"2024
(R06)","0.1
万km",660CC,CVT,Tochigi,轻自动车,/usedcar/detail/AU6908434204/index.html,2026-06-21,2024,0.1,660.0,K-car (<=660cc),Suzuki,Domestic
868,ホンダ,N-VAN 660 G ホンダセンシング 衝突軽減 アダプティブクルーズ ETC 禁煙車 車線逸脱警報 ステアリングスイッチ オートエアコン 盗難防止システム プライバシーガラス パワーウィンドウ 電動格納ミラー パワーステアリング,59.9,52.0,"2019
(R01)","11
万km",660CC,CVT,Fukuoka,轻自动车,/usedcar/detail/AU7090865492/index.html,2026-06-21,2019,11.0,660.0,K-car (<=660cc),Honda,Domestic
869,マツダ,スクラム 660 PCスペシャル ハイルーフ 5AGS車 4WD 4WD/禁煙/社外ナビ/BT/TV/CD/DVD/SD/USB/エンジンスターター/ホイール付き冬タイヤ積み込み/ETC/プリクラッシュセーフティー/横滑り防止/ヘッドライトレベライザー,55.8,52.4,"2017
(H29)","10.3
万km",660CC,MT,Hokkaido,轻自动车,/usedcar/detail/AU7066974751/index.html,2026-06-21,2017,10.3,660.0,K-car (<=660cc),Mazda,Domestic
870,スズキ,アルト 660 L 4WD 純正オーディオ 前方ドラレコ 夏冬タイヤ有 シートヒーター CD リモコンキー アイドリングストップ 横滑り防止 AUX エアコン ABS 保証書 取扱説明書 ヘッドライトレベライザー,55.8,52.7,"2017
(H29)","4
万km",660CC,CVT,Hokkaido,轻自动车,/usedcar/detail/AU7036753093/index.html,2026-06-21,2017,4.0,660.0,K-car (<=660cc),Suzuki,Domestic
871,ダイハツ,ミライース 660 X SAIII 雹害車CDプレーヤー・キーレスキー・禁煙車・ベンチシート・ルームクリーニング,54.5,44.8,"2021
(R03)","5.2
万km",660CC,CVT,Hyogo,轻自动车,/usedcar/detail/AU7032017859/index.html,2026-06-21,2021,5.2,660.0,K-car (<=660cc),Daihatsu,Domestic
872,スズキ,アルト 660 ハイブリッド X 4WD,113.6,108.0,"2022
(R04)","3.2
万km",660CC,CVT,Iwate,轻自动车,/usedcar/detail/AU7018901669/index.html,2026-06-21,2022,3.2,660.0,K-car (<=660cc),Suzuki,Domestic
873,ダイハツ,タント 660 L スマートアシスト非装着車 社外ディスプレイ Bluetooth対応 LEDヘッドライト 両側スライドドア アイドリングストップ ETC,79.9,72.6,"2021
(R03)","3
万km",660CC,CVT,Hyogo,轻自动车,/usedcar/detail/AU6956431691/index.html,2026-06-21,2021,3.0,660.0,K-car (<=660cc),Daihatsu,Domestic
874,スズキ,ハスラー 660 ハイブリッド Xターボ 純正ナビ 全周囲カメラ 衝突軽減システム レーダークルーズ ドラレコ スマートキー LEDヘッド ビルトインETC 純正15インチアルミ オートライト オートエアコン Bluetooth,88.8,81.2,"2020
(R02)","9.7
万km",660CC,MT,Gunma,轻自动车,/usedcar/detail/AU7016749559/index.html,2026-06-21,2020,9.7,660.0,K-car (<=660cc),Suzuki,Domestic
875,スズキ,ジムニー 660 XL 4WD MT車 純正ナビ バックカメラ 寒冷地仕様 禁煙車 ドラレコ スマートキー LEDヘッド ETC シートヒーター 純正16インチAW 車線逸脱警報 オートライト オートエアコン,194.9,187.5,"2021
(R03)","1.9
万km",660CC,5MT,Hokkaido,轻自动车,/usedcar/detail/AU7029092147/index.html,2026-06-21,2021,1.9,660.0,K-car (<=660cc),Suzuki,Domestic
876,ダイハツ,タント 660 L 新品タイヤ/スマートアシスト(トヨタ・ダイハツ)/ヘッドランプ LED/横滑り防止装置/アイドリングストップ/禁煙車/エンジンスタートボタン/オートエアコン/オートライト,116.8,108.8,"2024
(R06)","0.7
万km",660CC,CVT,Kochi,轻自动车,/usedcar/detail/AU6944363711/index.html,2026-06-21,2024,0.7,660.0,K-car (<=660cc),Daihatsu,Domestic
877,ダイハツ,ハイゼットカーゴ CNG車 天然ガス車 社外メモリナビ(AM/FM/CD/SD/BT) バックカメラ 地デジワンセグ ETC 前方ドライブレコーダー 前後コーナーセンサー 社外フロアマット ドアバイザー パワーウィンドウ ABS,49.8,44.9,"2016
(H28)","3.6
万km",660CC,4AT,Mie,轻自动车,/usedcar/detail/AU6988119377/index.html,2026-06-21,2016,3.6,660.0,K-car (<=660cc),Daihatsu,Domestic
878,ダイハツ,ミライース 660 X SAIII 純正オーディオ ドライブレコーダー スマートアシスト 電動格納ドアミラー クリアランスソナー ISOFIX フルフラットシート アイドリングストップ LEDヘッドライト 衝突被害軽減ブレーキ,69.8,63.3,"2020
(R02)","1
万km",660CC,CVT,Osaka,轻自动车,/usedcar/detail/AU6997954237/index.html,2026-06-21,2020,1.0,660.0,K-car (<=660cc),Daihatsu,Domestic
879,スズキ,アルト 660 ターボRS オートギヤシフト 衝突軽減B 社外オーディオ ETC スマートキー プッシュスタート アイドリングストップ HIDヘッドライト フォグライト 革巻きステアリング パドルシフト 純正アルミホイール,43.9,34.8,"2015
(H27)","9.8
万km",660CC,MT,Osaka,轻自动车,/usedcar/detail/AU6968902966/index.html,2026-06-21,2015,9.8,660.0,K-car (<=660cc),Suzuki,Domestic
880,日産,デイズ 660 ハイウェイスターX 禁煙車 純正ナビフルセグ アラウンドビューモニタ インテリジェントエマージェンシーブレーキ HIDヘッド 純正14インチAW 車線逸脱警告 ハイビームアシスト オートライト Bluetooth,74.9,67.0,"2018
(H30)","0.5
万km",660CC,CVT,Kumamoto,轻自动车,/usedcar/detail/AU6891614064/index.html,2026-06-21,2018,0.5,660.0,K-car (<=660cc),Nissan,Domestic
881,ダイハツ,タント 660 カスタム RS ecoIDLE非装着車 純正9型DA 両側電動ドア バックカメラ 衝突被害軽減システム 禁煙車 ハーフレザーシート コーナーセンサー スマートキー ビルトインETC 純正15インチアルミ オートハイビーム 車線逸脱警報,152.9,145.4,"2023
(R05)","2.5
万km",660CC,CVT,Osaka,轻自动车,/usedcar/detail/AU6907620497/index.html,2026-06-21,2023,2.5,660.0,K-car (<=660cc),Daihatsu,Domestic
882,日産,デイズルークス 660 ライダー ハイウェイスター ターボベース 4WD,76.1,70.0,"2016
(H28)","7.7
万km",660CC,CVT,Yamanashi,轻自动车,/usedcar/detail/AU7072563639/index.html,2026-06-21,2016,7.7,660.0,K-car (<=660cc),Nissan,Domestic
883,スズキ,ハスラー 660 ハイブリッド X 禁煙車 SDナビ バックカメラ 衝突被害軽減システム レーダークルーズ コーナーセンサー スマートキー LEDヘッド ETC 純正15インチアルミ オートハイビーム 車線逸脱警報 オートライト,155.9,145.2,"2024
(R06)","1.4
万km",660CC,CVT,Aichi,轻自动车,/usedcar/detail/AU7092858130/index.html,2026-06-21,2024,1.4,660.0,K-car (<=660cc),Suzuki,Domestic
884,スズキ,アルト 660 L GoGoチラシ対象車 メモリーナビ キーレスエントリー シートヒーター 車両走行安定補助システム アイドリングストップ オートライト 電動格納ドアミラー パワーウィンドウ エアコン,52.2,42.8,"2021
(R03)","5.6
万km",660CC,CVT,Kanagawa,轻自动车,/usedcar/detail/AU6962762813/index.html,2026-06-21,2021,5.6,660.0,K-car (<=660cc),Suzuki,Domestic
885,スズキ,スペーシア 660 カスタム ハイブリッド XS 雹害車・衝突軽減ブレーキ・バックカメラ・両側電動スライドドア・ワンオーナー・カーナビ・Bluetooth・フルセグTV・CD再生・スマートキー&プッシュスタート・ベンチシート・ルームクリーニング!,89.5,82.8,"2020
(R02)","7.1
万km",660CC,CVT,Hyogo,轻自动车,/usedcar/detail/AU6944522486/index.html,2026-06-21,2020,7.1,660.0,K-car (<=660cc),Suzuki,Domestic
886,スズキ,ハスラー 660 ハイブリッド G SDナビ バックカメラ 衝突軽減 シートヒーター ETC Bluetooth オートハイビーム オートライト オートエアコン スマートキー プッシュスタート アイドリングストップ 電動格納ミラー,89.9,79.4,"2022
(R04)","8.7
万km",660CC,CVT,Nagano,轻自动车,/usedcar/detail/AU6970830981/index.html,2026-06-21,2022,8.7,660.0,K-car (<=660cc),Suzuki,Domestic
887,日産,ルークス 660 ハイウェイスターGターボ プロパイロット エディション 両側オートスライドドア プロパイロット アダプティブLEDヘッドライト 純正ドライブレコーダー(フロント+車室内) アラウンドビュー インテリジェントルームミラー 前後踏み間違い防止アシスト,160.8,149.0,"2023
(R05)","0.8
万km",660CC,CVT,Osaka,轻自动车,/usedcar/detail/AU7093032423/index.html,2026-06-21,2023,0.8,660.0,K-car (<=660cc),Nissan,Domestic
888,スズキ,ハスラー 660 ハイブリッド G クルコン シートヒーター ドラレコ,119.8,116.4,"2022
(R04)","1.9
万km",660CC,CVT,Kochi,轻自动车,/usedcar/detail/AU7026184200/index.html,2026-06-21,2022,1.9,660.0,K-car (<=660cc),Suzuki,Domestic
889,日産,ルークス 660 ハイウェイスターX プロパイロット エディション ナビゲーション/ETC/全周囲カメラ/ドライブレコーダー/スマートキー/衝突被害軽減システム/アダプティブクルーズコントロール/両側電動スライドドア/レーンキープアシスト/クリアランスソナー,114.7,109.8,"2022
(R04)","3.4
万km",660CC,CVT,Kagawa,轻自动车,/usedcar/detail/AU6903750734/index.html,2026-06-21,2022,3.4,660.0,K-car (<=660cc),Nissan,Domestic
890,スズキ,アルト 660 L シートヒーター 横滑り防止 アイドリングストップ ドラレコ CD 純正オーディオ,49.9,42.5,"2017
(H29)","1.3
万km",660CC,CVT,Miyagi,轻自动车,/usedcar/detail/AU7093617789/index.html,2026-06-21,2017,1.3,660.0,K-car (<=660cc),Suzuki,Domestic
891,スズキ,ハスラー 660 ハイブリッド G 届出済未使用車 衝突被害軽減ブレーキ コーナーセンサー スマートキー アイドリングストップ アダクティブクルーズコントロール LEDヘッドライト シートヒーター 横滑り防止機能 電動格納ドアミラー,129.7,120.7,"2026
(R08)","8
km",660CC,CVT,Aichi,轻自动车,/usedcar/detail/AU7032020845/index.html,2026-06-21,2026,0.0008,660.0,K-car (<=660cc),Suzuki,Domestic
892,ホンダ,N-BOX 660 4WD 電動スライドドア 衝突被害軽減システム レーダークルーズ 禁煙車 コーナーセンサー スマートキー LEDヘッド 車線逸脱警報 オートライト オートエアコン,159.9,151.1,"2024
(R06)","0.4
万km",660CC,CVT,Ishikawa,轻自动车,/usedcar/detail/AU6989907591/index.html,2026-06-21,2024,0.4,660.0,K-car (<=660cc),Honda,Domestic
893,スズキ,スペーシア 660 Gリミテッド 4WD 社外ナビフルセグパワースライド・シートヒーター・片側パワースライドドア・プッシュスタート・スペアキー・社外エンジンスターター・フルオートエアコン・衝突被害軽減ブレーキ・車線逸脱警報,82.9,78.0,"2017
(H29)","5.8
万km",660CC,CVT,Hokkaido,轻自动车,/usedcar/detail/AU7064645948/index.html,2026-06-21,2017,5.8,660.0,K-car (<=660cc),Suzuki,Domestic
894,日産,デイズ 660 X モカセレクション ワンオーナー 純正メモリーナビ 全周囲カメラ,41.4,33.0,"2017
(H29)","10.7
万km",660CC,CVT,Fukuoka,轻自动车,/usedcar/detail/AU7046875879/index.html,2026-06-21,2017,10.7,660.0,K-car (<=660cc),Nissan,Domestic
895,ホンダ,N-BOX カスタム 660 G L ホンダセンシング 禁煙車 両側電動ドア 純正ナビ バックカメラ 衝突被害軽減システム レーダークルーズ ドラレコ コーナーセンサー スマートキー LEDヘッド ビルトインETC 純正14インチアルミ オートライト,134.9,126.7,"2020
(R02)","1.4
万km",660CC,CVT,Chiba,轻自动车,/usedcar/detail/AU7047949026/index.html,2026-06-21,2020,1.4,660.0,K-car (<=660cc),Honda,Domestic
896,ホンダ,N-BOX 660 カスタムG SSパッケージ GoGoチラシ対象車 メモリーナビ バックアイカメラ パドルシフト 両側電動スライドドア ドライブレコーダー ETC LEDヘッドランプ パワースイッチ スマートキー オートクルーズコントロール,82.7,72.8,"2017
(H29)","7.2
万km",660CC,CVT,Kanagawa,轻自动车,/usedcar/detail/AU7052606142/index.html,2026-06-21,2017,7.2,660.0,K-car (<=660cc),Honda,Domestic
897,ホンダ,N-BOX カスタム 660 届出済未使用車 片側電動スライドドア 衝突被害軽減ブレーキ コーナーセンサー アダクティブクルーズコントロール アイドリングストップ アルミホイール スマートキー シートヒーター LEDヘッドライト,156.7,147.7,"2025
(R07)","6
km",660CC,CVT,Aichi,轻自动车,/usedcar/detail/AU6752947640/index.html,2026-06-21,2025,0.0006,660.0,K-car (<=660cc),Honda,Domestic
898,スズキ,エブリイ 660 PA ハイルーフ GoGoチラシ対象車 FM/AMラジオ 両側スライドドア オーバーヘッドシェルフ 衝突被害軽減ブレーキ 後退時ブレーキサポート 車両走行安定補助システム アイドリングストップ オートライト 電源ソケット,113.6,105.8,"2025
(R07)","0.3
万km",660CC,4AT,Kanagawa,轻自动车,/usedcar/detail/AU7076189063/index.html,2026-06-21,2025,0.3,660.0,K-car (<=660cc),Suzuki,Domestic
899,スズキ,ワゴンR 660 スティングレー X SDナビ バックカメラ,49.8,42.0,"2014
(H26)","5.4
万km",660CC,CVT,Ibaraki,轻自动车,/usedcar/detail/AU6924485178/index.html,2026-06-21,2014,5.4,660.0,K-car (<=660cc),Suzuki,Domestic
900,ダイハツ,タント 660 カスタム RS clarion製ナビ バックカメラ 両側パワースライドドア オートエアコン スマートキー LEDヘッドライト フルセグTV Bluetooth接続,59.9,52.0,"2014
(H26)","8.8
万km",660CC,CVT,Hyogo,轻自动车,/usedcar/detail/AU6953354710/index.html,2026-06-21,2014,8.8,660.0,K-car (<=660cc),Daihatsu,Domestic
1004,トヨタ,ヴォクシー 1.8 ハイブリッド S-Z 純正10インチディスプレイオーディオ 後席フリップダウンモニターバックモニター トヨタセーフティーセンス 両側電動スライドドア アダプティブクルーズコントロール 純正アルミホイール LEDヘッドライト ETC2.0,344.8,334.8,"2023
(R05)","4.7
万km",1800CC,CVT,Shiga,混合动力,/usedcar/detail/AU7040344375/index.html,2026-06-21,2023,4.7,1800.0,Mid-size (1501-2000cc),Toyota,Domestic
1006,日産,ノート 1.2 X 衝突軽減B Panasonic社外ナビ TV Bluetooth対応 Bカメラ LEDヘッドライト スマートキー プッシュスタート 電子パーキング ステアリングスイッチ 電動格納ミラー オートエアコン,123.9,110.8,"2021
(R03)","4.2
万km",1200CC,AT,Fukui,混合动力,/usedcar/detail/AU6927274057/index.html,2026-06-21,2021,4.2,1200.0,Compact (<=1500cc),Nissan,Domestic
1007,日産,セレナ 2.0 ハイウェイスター 衝突軽減B 純正9インチナビ TV Bluetooth対応 アラウンドビューモニター 両側自動ドア クルーズコントロール 革巻きステアリング LEDヘッドライト スマートキー プッシュスタート ETC 純正アルミホイール,139.9,128.4,"2017
(H29)","3.6
万km",2000CC,CVT,Kyoto,混合动力,/usedcar/detail/AU7005788899/index.html,2026-06-21,2017,3.6,2000.0,Mid-size (1501-2000cc),Nissan,Domestic
1008,日産,ノート 1.2 X エマージェンシーブレーキ 純正9型ナビ フルセグTV BT AUDIO HDMI アラウンドビューモニター ビルドインETC デジタルインナーミラー ドライブレコーダー クリアランスソナー BSM,171.9,166.2,"2023
(R05)","0.6
万km",1200CC,AT,Osaka,混合动力,/usedcar/detail/AU7000203281/index.html,2026-06-21,2023,0.6,1200.0,Compact (<=1500cc),Nissan,Domestic
1009,レクサス,HS 250h バージョンL SDナビ バックカメラ,189.9,176.6,"2016
(H28)","0.7
万km",2400CC,CVT,Hiroshima,混合动力,/usedcar/detail/AU7013943455/index.html,2026-06-21,2016,0.7,2400.0,Large (2001-3000cc),Lexus,Domestic
1010,トヨタ,アクア 1.5 S 禁煙 ナビ 衝突軽減 バックカメラ スマートキー ETC オートエアコン,92.9,76.2,"2016
(H28)","6.3
万km",1500CC,CVT,Miyazaki,混合动力,/usedcar/detail/AU7030303705/index.html,2026-06-21,2016,6.3,1500.0,Compact (<=1500cc),Toyota,Domestic
1011,ホンダ,ステップワゴン 2.0 e:HEV スパーダ 登録済未使用車 ブラインドスポットインフォメーション LEDアクティブコーナリングライト 二列目オットマン パワーテールゲート 運転席助手席シートヒーター 16インチ純正アルミホイール,379.7,369.0,"2026
(R08)","10
km",2000CC,AT,Osaka,混合动力,/usedcar/detail/AU6927263933/index.html,2026-06-21,2026,0.001,2000.0,Mid-size (1501-2000cc),Honda,Domestic
1012,日産,ノート 1.2 S 純正ナビ Bluetooth/CD/DVD/フルセグTV ETC エマージェンシーブレーキ 標識検知支援 側方支援 オートハイビーム LEDヘッドライト スマートキー,128.8,123.0,"2021
(R03)","4.6
万km",1200CC,AT,Chiba,混合动力,/usedcar/detail/AU7060925765/index.html,2026-06-21,2021,4.6,1200.0,Compact (<=1500cc),Nissan,Domestic
1013,トヨタ,ヤリス 1.5 ハイブリッド X 純正ディスプレイオーディオ バックカメラ セーフティセンス レーダークルーズ 禁煙車 ETC オートハイビーム 車線逸脱警報 オートライト オートエアコン Bluetooth リモコンキー,159.9,144.5,"2023
(R05)","2.4
万km",1500CC,CVT,Ibaraki,混合动力,/usedcar/detail/AU6936948466/index.html,2026-06-21,2023,2.4,1500.0,Compact (<=1500cc),Toyota,Domestic
1014,トヨタ,ノア 1.8 ハイブリッド S-Z 快適利便パッケージ 純正ディスプレイオーディオ バックカメラ CD/DVD HDMI トヨタセーフティセンス シートヒーター ハーフレザーシート ビルトインETC2.0 アダプティブクルーズコントロール パワーバックドア LED,349.8,339.8,"2024
(R06)","3.6
万km",1800CC,CVT,Shiga,混合动力,/usedcar/detail/AU7093779596/index.html,2026-06-21,2024,3.6,1800.0,Mid-size (1501-2000cc),Toyota,Domestic
1015,トヨタ,SAI SAI G ナビ ETC,109.8,98.0,"2014
(H26)","5
万km",2400CC,AT,Aichi,混合动力,/usedcar/detail/AU7101129294/index.html,2026-06-21,2014,5.0,2400.0,Large (2001-3000cc),Toyota,Domestic
1016,三菱,アウトランダーPHEV 2.4 G プラスパッケージ 4WD 衝突被害軽減ブレーキ 純正ナビゲーション Bluetooth フルセグテレビ 全方位カメラ レーダークルーズコントロール ETC ドライブレコーダー ハーフレザーシート パワーバックドア スマートキー,196.9,189.0,"2018
(H30)","4.6
万km",2400CC,MT,Tokyo,混合动力,/usedcar/detail/AU6962932493/index.html,2026-06-21,2018,4.6,2400.0,Large (2001-3000cc),Mitsubishi,Domestic
1017,トヨタ,アクア 1.5 S 禁煙車 LEDヘッド ETC オートエアコン CD ヘッドライトウォッシャー 電動格納ミラー キーレス,70.9,58.7,"2014
(H26)","5.1
万km",1500CC,CVT,Aichi,混合动力,/usedcar/detail/AU7067454988/index.html,2026-06-21,2014,5.1,1500.0,Compact (<=1500cc),Toyota,Domestic
1018,日産,セレナ 2.0 ハイウェイスター Vセレクション 4WD 後席モニター 全周囲カメラ 純正ナビ ハンズフリー両側電動スライド 衝突被害軽減 車線逸脱警報 クルーズコントロール 駐車支援アシスト コーナーセンサー LEDヘッド スマートキー ETC,149.9,131.9,"2017
(H29)","7.4
万km",2000CC,CVT,Hokkaido,混合动力,/usedcar/detail/AU7096386927/index.html,2026-06-21,2017,7.4,2000.0,Mid-size (1501-2000cc),Nissan,Domestic
1019,日産,セレナ 2.0 ハイウェイスター 衝突軽減B 純正9インチナビ Bluetooth対応 アラウンドビューモニター ETC 両側自動ドア クルーズコントロール 革巻きステアリング LEDヘッドライト スマートキー プッシュスタート 純正アルミホイール,99.9,84.3,"2019
(R01)","11
万km",2000CC,CVT,Hyogo,混合动力,/usedcar/detail/AU7042091399/index.html,2026-06-21,2019,11.0,2000.0,Mid-size (1501-2000cc),Nissan,Domestic
1020,トヨタ,ヤリスクロス 1.5 ハイブリッド Z 純正8型ナビ バックカメラ 衝突被害軽減システム レーダークルーズ 禁煙車 シートヒーター ハーフレザーシート パワーシート コーナーセンサー スマートキー LEDヘッド ETC オートハイビーム,209.9,193.6,"2021
(R03)","4.4
万km",1500CC,CVT,Ibaraki,混合动力,/usedcar/detail/AU6992765325/index.html,2026-06-21,2021,4.4,1500.0,Compact (<=1500cc),Toyota,Domestic
1021,ホンダ,フィット 1.5 e:HEV ベーシック ナビ Bluetooth ETC 前方ドライブレコーダー LEDヘッドライト ホンダセンシング アダプティブクルーズコントロール レーンキープアシスト コーナーセンサー プッシュスタート スマートキー,144.8,136.5,"2023
(R05)","6
万km",1500CC,AT,Gunma,混合动力,/usedcar/detail/AU6891838982/index.html,2026-06-21,2023,6.0,1500.0,Compact (<=1500cc),Honda,Domestic
1022,トヨタ,アクア 1.5 L 禁煙車 後期 寒冷地仕様 SDナビ バックカメラ Bluetooth 衝突軽減装置 ETC キーレス オートマチックハイビーム オートエアコン 車線逸脱警報 横滑り防止装置 盗難防止システム,112.9,96.5,"2019
(R01)","5.3
万km",1500CC,CVT,Niigata,混合动力,/usedcar/detail/AU7092849472/index.html,2026-06-21,2019,5.3,1500.0,Compact (<=1500cc),Toyota,Domestic
1023,日産,セレナ 2.0 ハイウェイスター Vセレクション 社外ナビ・バックカメラ・ETC・ドライブレコーダー・両側パワースライドドア(ハンズフリー機能付き)・クルーズコントロール・車線逸脱警報・エマージェンシーブレーキ・LEDヘッドライト・純正アルミホイール,169.8,160.3,"2019
(R01)","4.4
万km",2000CC,CVT,Hyogo,混合动力,/usedcar/detail/AU6989770345/index.html,2026-06-21,2019,4.4,2000.0,Mid-size (1501-2000cc),Nissan,Domestic
1024,トヨタ,ライズ ハイブリッド 1.2 G 車両品質評価書/純正9インチディスプレイオーディオ/全方位カメラ/衝突軽減ブレーキ/アクセサリーコンセント/パーキングセンサー/Bluetooth/フルセグTV/USBソケット/スペアスマートキー/純正16インチアルミホイール,172.4,156.8,"2022
(R04)","4.3
万km",1200CC,AT,Wakayama,混合动力,/usedcar/detail/AU6981615271/index.html,2026-06-21,2022,4.3,1200.0,Compact (<=1500cc),Toyota,Domestic
1026,トヨタ,エスクァイア 1.8 ハイブリッド Xi 両側電動ドア 純正9型SDナビ 後席モニター バックカメラ 衝突被害軽減システム 禁煙車 スマートキー LEDヘッド クリアランスソナー ビルトインETC 純正15インチアルミ オートハイビーム,117.9,105.3,"2016
(H28)","10.9
万km",1800CC,CVT,Shizuoka,混合动力,/usedcar/detail/AU7064316051/index.html,2026-06-21,2016,10.9,1800.0,Mid-size (1501-2000cc),Toyota,Domestic
1027,スバル,フォレスター 2.0 アドバンス 4WD サンルーフ/純正8型ナビ/Bluetooth/フルセグTV/バックカメラ/シートヒーター/エアーシート/プリクラッシュブレーキ/AT誤発進抑制機能/電動リアゲート/全車速追従式クルーズコントロール/デジタルインナーミラー,254.8,245.5,"2021
(R03)","2.5
万km",2000CC,MT,Chiba,混合动力,/usedcar/detail/AU7094971505/index.html,2026-06-21,2021,2.5,2000.0,Mid-size (1501-2000cc),Subaru,Domestic
1028,ホンダ,ヴェゼル 1.5 ハイブリッド Z 純正ナビ バックカメラ 衝突軽減 ブレーキホールド スマートキー LEDヘッド ETC クルコン 純正17インチアルミ オートライト デュアルエアコン Bluetooth CD DVD再生,84.9,72.2,"2014
(H26)","13
万km",1500CC,7AT,Nagano,混合动力,/usedcar/detail/AU7077053108/index.html,2026-06-21,2014,13.0,1500.0,Compact (<=1500cc),Honda,Domestic
1029,日産,ノート 1.2 e-POWER メダリスト 禁煙/エマージェンシーブレーキ!/車線逸脱警報/純正ナビ&フルセグTV&DVD&BT/インテリジェントアラウンドビューモニター&ルームミラー/LEDヘッドライト/オートライト/純正アルミ/ETC2.0,96.3,82.5,"2020
(R02)","5.2
万km",1200CC,AT,Miyagi,混合动力,/usedcar/detail/AU7099290475/index.html,2026-06-21,2020,5.2,1200.0,Compact (<=1500cc),Nissan,Domestic
1030,レクサス,CT 200h クリエイティブ テキスタイル インテリア 禁煙車 メーカーナビTV バックカメラ LEDヘッド 純正17インチAW Ltexシート クリアランスソナー クルーズコントロール シートヒーター パワーシート ポジションメモリ ETC DVD再生,129.9,111.7,"2013
(H25)","4.7
万km",1800CC,CVT,Kumamoto,混合动力,/usedcar/detail/AU6931443455/index.html,2026-06-21,2013,4.7,1800.0,Mid-size (1501-2000cc),Lexus,Domestic
1031,トヨタ,シエンタ ハイブリッド 1.5 Z 両側電動スライド 10.5型純正ナビ バックカメラ AC100V電源 衝突軽減 禁煙車 ドラレコ スマートキー LEDヘッド ETC クルコン 車線逸脱警報 先行車発進機能 オートライト,259.9,247.5,"2022
(R04)","2.6
万km",1500CC,CVT,Miyagi,混合动力,/usedcar/detail/AU7055043449/index.html,2026-06-21,2022,2.6,1500.0,Compact (<=1500cc),Toyota,Domestic
1032,トヨタ,アクア 1.5 L 純正ナビ・バックカメラ・フルセグTV・CD/DVD再生・トヨタセーフティセンス・キーレス・Bluetooth・ETC・ドライブレコーダー,129.9,112.8,"2021
(R03)","1.8
万km",1500CC,CVT,Aichi,混合动力,/usedcar/detail/AU7085133006/index.html,2026-06-21,2021,1.8,1500.0,Compact (<=1500cc),Toyota,Domestic
1033,トヨタ,アクア 1.5 Z プリクラッシュセーフティ 全方位カメラ 純正10.5インチディスプレイオーディオ 追従クルーズコントロール 純正フルセグTV シートヒーター ハーフレザーシート LEDヘッドライト 純正ビルトインETC BSM,308.9,302.0,"2025
(R07)","567
km",1500CC,CVT,Gunma,混合动力,/usedcar/detail/AU7008823334/index.html,2026-06-21,2025,0.0567,1500.0,Compact (<=1500cc),Toyota,Domestic
1035,トヨタ,アクア 1.5 S 禁煙車 純正ナビ バックカメラ オートライト LEDヘッド オートエアコン Bluetooth ETC フルセグ CD DVD再生 電動格納ミラー スマートキー,85.9,73.4,"2016
(H28)","7.4
万km",1500CC,CVT,Aichi,混合动力,/usedcar/detail/AU6932961182/index.html,2026-06-21,2016,7.4,1500.0,Compact (<=1500cc),Toyota,Domestic
1036,日産,ノートオーラ 1.2 G FOUR レザーエディション 4WD 衝突軽減ブレーキ・プロパイロット全方位カメラ・純正ディスプレイオーディオ・バックカメラ・サイドカメラ・フロントカメラ・ブラインドスポットモニター・デジタルインナーミラー・レザーシート・コーナーセンサー,153.8,147.2,"2022
(R04)","10.5
万km",1200CC,AT,Hokkaido,混合动力,/usedcar/detail/AU7087027871/index.html,2026-06-21,2022,10.5,1200.0,Compact (<=1500cc),Nissan,Domestic
1037,ホンダ,ヴェゼル 1.5 ハイブリッド X 純正ナビ 禁煙車 シティブレーキサポート サイド/バックカメラ Bluetooth ETC ドラレコ LEDヘッドランプ クルコン 純正16インチアルミ オートライト スマートキー,104.9,92.4,"2014
(H26)","5.1
万km",1500CC,7AT,Okayama,混合动力,/usedcar/detail/AU6907947366/index.html,2026-06-21,2014,5.1,1500.0,Compact (<=1500cc),Honda,Domestic
1038,トヨタ,アクア 1.5 S 禁煙車 オートエアコン CD,59.9,47.8,"2014
(H26)","3
万km",1500CC,CVT,Shizuoka,混合动力,/usedcar/detail/AU7022714414/index.html,2026-06-21,2014,3.0,1500.0,Compact (<=1500cc),Toyota,Domestic
1039,トヨタ,シエンタ ハイブリッド 1.5 G クエロ 両側パワスラドア スマキ- LEDライト Bカメラ エアロ アルミホイール クルコン ワンオーナー 盗難防止 ETC 横滑り防止 DVD再生 オ-トエアコン メモリ-ナビ エアバッグ キーフリー,195.4,184.8,"2021
(R03)","3.2
万km",1500CC,CVT,Gunma,混合动力,/usedcar/detail/AU7096926743/index.html,2026-06-21,2021,3.2,1500.0,Compact (<=1500cc),Toyota,Domestic
1040,トヨタ,プリウス 2.0 Z パノラマルーフ 純正12型ナビ 全周囲カメラ デジタルミラー ブラインドスポットモニター クリアランスソナー シートクーラー ステアリングヒーター LEDヘッド 純正19アルミ パワーバックドア 禁煙,339.9,327.7,"2023
(R05)","0.7
万km",2000CC,CVT,Shiga,混合动力,/usedcar/detail/AU6831904390/index.html,2026-06-21,2023,0.7,2000.0,Mid-size (1501-2000cc),Toyota,Domestic
1041,トヨタ,シエンタ ハイブリッド 1.5 G SDナビ バックカメラ スマート,84.9,72.9,"2016
(H28)","10.3
万km",1500CC,CVT,Hiroshima,混合动力,/usedcar/detail/AU7073231242/index.html,2026-06-21,2016,10.3,1500.0,Compact (<=1500cc),Toyota,Domestic
1043,トヨタ,アルファード ハイブリッド 2.5 Z E-Four 4WD 純正14型ナビ フルセグTV BT トヨタセーフティーセンス パノラミックビューモニター 左右独立サンルーフ レザーシート ベンチレーション デジタルインナーミラー 両側パワースライドドア ETC,685.9,676.9,"2025
(R07)","0.7
万km",2500CC,MT,Tokyo,混合动力,/usedcar/detail/AU6951306421/index.html,2026-06-21,2025,0.7,2500.0,Large (2001-3000cc),Toyota,Domestic
1044,トヨタ,アクア 1.5 S SDナビ オートエアコン ETC キーレスエントリー 電動格納ドアミラー 純正15インチスチールホイール シートリフター パワーウィンドウ プライバシーガラス 禁煙車,48.9,31.7,"2013
(H25)","9.7
万km",1500CC,CVT,Gunma,混合动力,/usedcar/detail/AU6984007082/index.html,2026-06-21,2013,9.7,1500.0,Compact (<=1500cc),Toyota,Domestic
1045,レクサス,UX 300h バージョンC 純正12.3型ナビ 3眼LED 茶革シート レーダークルーズ パワーシート シートヒーター ステアリングヒーター アダプティブハイビーム 衝突軽減ブレーキ スマホ連携 フルセグTV ETC2.0,413.8,406.7,"2024
(R06)","0.8
万km",2000CC,MT,Hiroshima,混合动力,/usedcar/detail/AU7046888087/index.html,2026-06-21,2024,0.8,2000.0,Mid-size (1501-2000cc),Lexus,Domestic
1046,トヨタ,C-HR ハイブリッド 1.8 G 雹害 禁煙 純正ナビ 衝突軽減 バックカメラ ドライブレコーダー スマートキー LEDヘッド ETC 純正18インチアルミ オートライト オートエアコン,162.9,145.6,"2019
(R01)","3.3
万km",1800CC,CVT,Miyazaki,混合动力,/usedcar/detail/AU6922886878/index.html,2026-06-21,2019,3.3,1800.0,Mid-size (1501-2000cc),Toyota,Domestic
1047,日産,ノート 1.2 X 禁煙車 SDナビ バックカメラ 衝突被害軽減システム ドラレコ コーナーセンサー LEDヘッド ビルトインETC 純正16インチアルミ オートライト オートエアコン Bluetooth,174.9,158.6,"2024
(R06)","1.4
万km",1200CC,AT,Mie,混合动力,/usedcar/detail/AU7050875617/index.html,2026-06-21,2024,1.4,1200.0,Compact (<=1500cc),Nissan,Domestic
1048,日産,セレナ 1.2 e-POWER ハイウェイスター V 禁煙 セーフティパックA 両側電動ドア 純正9型ナビ 全周囲カメラ ステアリングヒーター シートヒーター ドラレコ クリアランスソナー スマートキー LEDヘッド クルコン 純正15インチアルミ オートライト ETC,142.9,125.3,"2018
(H30)","8.1
万km",1200CC,AT,Chiba,混合动力,/usedcar/detail/AU6914840319/index.html,2026-06-21,2018,8.1,1200.0,Compact (<=1500cc),Nissan,Domestic
1049,トヨタ,ヴィッツ 1.5 ハイブリッド F メモリーナビ/バックカメラ/Bluetooth/オートエアコン/プリクラッシュセーフティ/レーンキープアシスト/キーレスキー/ウィンカードアミラー/ETC,104.8,89.9,"2019
(R01)","5.8
万km",1500CC,CVT,Hyogo,混合动力,/usedcar/detail/AU6936065817/index.html,2026-06-21,2019,5.8,1500.0,Compact (<=1500cc),Toyota,Domestic
1050,スズキ,ソリオ 1.2 ハイブリッド MZ デュアルカメラブレーキサポート装着車 両側電動ドア 純正SDナビ 全周囲カメラ 衝突被害軽減システム レーダークルーズ 禁煙車 シートヒーター ドラレコ スマートキー HIDヘッド 純正15インチアルミ オートハイビーム 車線逸脱警報,71.9,60.2,"2015
(H27)","6.2
万km",1200CC,CVT,Ishikawa,混合动力,/usedcar/detail/AU6895221693/index.html,2026-06-21,2015,6.2,1200.0,Compact (<=1500cc),Suzuki,Domestic
1051,日産,セレナ 1.2 e-POWER ハイウェイスター V 衝突軽減 プロパイロット ナビ 全周囲カメラ 後席モニター 両側電動スライド LEDヘッド Bluetooth接続 ドラレコ ETC CD/DVD再生 オートエアコン オートライト スマートキー,157.9,145.1,"2019
(H31)","8.3
万km",1200CC,AT,Niigata,混合动力,/usedcar/detail/AU7065998338/index.html,2026-06-21,2019,8.3,1200.0,Compact (<=1500cc),Nissan,Domestic
1052,トヨタ,ヴォクシー 1.8 ハイブリッド V 禁煙車 純正9型ナビ バックカメラ フルセグ 両側電動ドア クルコン コーナーセンサー シートヒーター LEDライト,116.9,103.6,"2015
(H27)","12.8
万km",1800CC,CVT,Chiba,混合动力,/usedcar/detail/AU7020620556/index.html,2026-06-21,2015,12.8,1800.0,Mid-size (1501-2000cc),Toyota,Domestic
1053,トヨタ,ヤリス 1.5 ハイブリッド X E-Four 4WD 純正ナビ,169.9,154.6,"2021
(R03)","4.3
万km",1500CC,CVT,Hokkaido,混合动力,/usedcar/detail/AU7036964359/index.html,2026-06-21,2021,4.3,1500.0,Compact (<=1500cc),Toyota,Domestic
1054,トヨタ,プリウス 1.8 S ツーリングセレクション 純正9インチナビ/レーダークルーズコントロール/バックカメラ/デジタルミラー/ビルトインETC/ドライブレコーダー/レザーシート/衝突軽減ブレーキ/前後コーナーセンサー/前席シートヒーター/スペアキー,169.8,162.4,"2019
(H31)","8.2
万km",1800CC,CVT,Hiroshima,混合动力,/usedcar/detail/AU7075607880/index.html,2026-06-21,2019,8.2,1800.0,Mid-size (1501-2000cc),Toyota,Domestic
1055,日産,ノート 1.2 e-POWER X 純正SDナビ 全周囲カメラ 衝突被害軽減システム レーダークルーズ インテリジェントルームミラー 禁煙車 スマートキー コーナーセンサー ETC 純正15インチアルミ オートハイビーム 車線逸脱警報,97.9,86.0,"2019
(H31)","2.6
万km",1200CC,AT,Fukuoka,混合动力,/usedcar/detail/AU6957038246/index.html,2026-06-21,2019,2.6,1200.0,Compact (<=1500cc),Nissan,Domestic
1056,日産,セレナ 2.0 ハイウェイスター Vセレクション 禁煙車 両側電動ドア 純正9型SDナビ 11型後席モニター バックカメラ 衝突被害軽減システム ドラレコ コーナーセンサー スマートキー LEDヘッド ビルトインETC クルコン 純正16インチアルミ,135.9,123.1,"2018
(H30)","7.4
万km",2000CC,CVT,Fukuoka,混合动力,/usedcar/detail/AU6934807710/index.html,2026-06-21,2018,7.4,2000.0,Mid-size (1501-2000cc),Nissan,Domestic
1057,日産,ノート 1.2 e-POWER メダリスト 禁煙車 純正7インチSDナビ・フルセグTV 全方位カメラ デジタルインナーミラー 追従クルコン ハイビームアシスト ETC LEDヘッドライト フォグランプ プッシュスタート&スマートキー,100.0,93.3,"2020
(R02)","5.4
万km",1200CC,AT,Chiba,混合动力,/usedcar/detail/AU6950672410/index.html,2026-06-21,2020,5.4,1200.0,Compact (<=1500cc),Nissan,Domestic
1058,トヨタ,アルファード ハイブリッド 2.5 Z ガラスルーフ 両側電動 純正14ナビ 全周囲カメラ 100V電源 衝突軽減 レーダークルーズ 禁煙 電動リアゲート 前中席シートエアコン 合皮シート ドラレコ コーナーセンサー スマートキー,612.9,598.6,"2025
(R07)","1.1
万km",2500CC,MT,Mie,混合动力,/usedcar/detail/AU6944852284/index.html,2026-06-21,2025,1.1,2500.0,Large (2001-3000cc),Toyota,Domestic
1060,トヨタ,プリウス 1.8 A E-Four 4WD サポカーS 4WD 寒冷地仕様 ドライブレコーダー 純正アルミ ETC メモリーナビ フルセグTV CD・DVD再生 LED,138.9,129.0,"2020
(R02)","8.8
万km",1800CC,CVT,Toyama,混合动力,/usedcar/detail/AU6874389571/index.html,2026-06-21,2020,8.8,1800.0,Mid-size (1501-2000cc),Toyota,Domestic
1061,日産,ノート 1.2 S 衝突軽減B 純正ディスプレイ Bluetooth対応 アラウンドビューモニター 電子パーキング ステアリングスイッチ 電動格納ミラー,129.9,117.3,"2021
(R03)","3.3
万km",1200CC,AT,Shiga,混合动力,/usedcar/detail/AU7065753654/index.html,2026-06-21,2021,3.3,1200.0,Compact (<=1500cc),Nissan,Domestic
1062,スバル,インプレッサXV ハイブリッド 2.0i-L アイサイト 4WD カロッツェリア製メモリーナビ バックカメラ レーダークルーズ スマートキー パワーシート HIDヘッドライト フォグライト ETC レーンキープアシスト 横滑り防止装置 オートライト オートエアコン,105.6,87.8,"2013
(H25)","3.5
万km",2000CC,MT,Iwate,混合动力,/usedcar/detail/AU7055840025/index.html,2026-06-21,2013,3.5,2000.0,Mid-size (1501-2000cc),Subaru,Domestic
1063,トヨタ,ノア 1.8 ハイブリッド Z 禁煙車 トヨタチームメイト セーフティセンス ACC パノラミックビューモニター フルセグ付ディスプレイオーディオ 両側パワースライドドア ビルトインETC LEDヘッドライト,342.1,326.7,"2023
(R05)","3.3
万km",1800CC,CVT,Hokkaido,混合动力,/usedcar/detail/AU6956425874/index.html,2026-06-21,2023,3.3,1800.0,Mid-size (1501-2000cc),Toyota,Domestic
1066,スズキ,スイフト 1.2 ハイブリッド ML セーフティパッケージ装着車 衝突軽減B 社外ナビ Bluetooth対応 TV ETC LEDヘッドライト アダプティブクルーズコントロール 革巻きステアリング スマートキー プッシュスタート アイドリングストップ 純正アルミホイール,81.1,67.1,"2017
(H29)","3.3
万km",1200CC,MT,Shiga,混合动力,/usedcar/detail/AU6677439840/index.html,2026-06-21,2017,3.3,1200.0,Compact (<=1500cc),Suzuki,Domestic
1067,トヨタ,アクア 1.5 L 純正ナビ バックカメラ 禁煙車 ETC オートエアコン CD 純正14インチスチールホイール 電動格納ミラー,80.9,64.2,"2016
(H28)","5.8
万km",1500CC,CVT,Osaka,混合动力,/usedcar/detail/AU6991864017/index.html,2026-06-21,2016,5.8,1500.0,Compact (<=1500cc),Toyota,Domestic
1068,日産,ノート 1.2 X 衝突軽減B 純正9インチナビ Bluetooth対応 アラウンドビューモニター ETC2.0 LEDヘッドライト フォグライト スマートキー プッシュスタート 電子パーキング ステアリングスイッチ 社外アルミホイール,133.9,123.3,"2021
(R03)","5.4
万km",1200CC,AT,Ishikawa,混合动力,/usedcar/detail/AU6911507383/index.html,2026-06-21,2021,5.4,1200.0,Compact (<=1500cc),Nissan,Domestic
1070,トヨタ,カムリ 2.5 G E-Four 4WD ロングラン保証1年+延長1年(合計2年),329.5,319.0,"2022
(R04)","3.4
万km",2500CC,CVT,Wakayama,混合动力,/usedcar/detail/AU7052611018/index.html,2026-06-21,2022,3.4,2500.0,Large (2001-3000cc),Toyota,Domestic
1071,トヨタ,ヤリスクロス 1.5 ハイブリッド X 衝突被害軽減ブレーキ レーダークルーズ 7インチDAナビ バックカメラ スマートキー ETC 車線逸脱警報 オートハイビーム クリアランスソナー 前後ドラレコ LEDヘッドライト 横滑り防止装置 ワンオーナー,198.3,189.8,"2022
(R04)","2.9
万km",1500CC,CVT,Gunma,混合动力,/usedcar/detail/AU7097584174/index.html,2026-06-21,2022,2.9,1500.0,Compact (<=1500cc),Toyota,Domestic
1072,ホンダ,ジェイド 1.5 ハイブリッド X 純正8inメモリーナビTV Bカメラ ホンダセンシング ETC LEDヘッドライト フォグライト レーダークルーズコントロール 黒革調シートカバー 純正17インチAW LKA EGプッシュスタート スマートキー,68.0,62.8,"2016
(H28)","12.6
万km",1500CC,7AT,Hyogo,混合动力,/usedcar/detail/AU6997617527/index.html,2026-06-21,2016,12.6,1500.0,Compact (<=1500cc),Honda,Domestic
1073,日産,ノート 1.2 S 衝突軽減B 社外ナビ TV ETC プッシュスタート 電子パーキング ステアリングスイッチ ヘッドライトレベライザー 電動格納ミラー オートエアコン,149.9,136.7,"2022
(R04)","0.2
万km",1200CC,AT,Hyogo,混合动力,/usedcar/detail/AU6897430513/index.html,2026-06-21,2022,0.2,1200.0,Compact (<=1500cc),Nissan,Domestic
1074,日産,セレナ 2.0 ハイウェイスター VセレクションII 純正9型ナビ,129.9,111.9,"2019
(R01)","8.8
万km",2000CC,CVT,Fukui,混合动力,/usedcar/detail/AU6894127047/index.html,2026-06-21,2019,8.8,2000.0,Mid-size (1501-2000cc),Nissan,Domestic
1075,日産,セレナ 2.0 ハイウェイスター VセレクションII 両側電動ドア 純正9型ナビ 全周囲カメラ 衝突軽減装置 禁煙車 コーナーセンサー スマートキー LEDヘッド ETC クルコン 純正16インチAW オートハイビーム オートエアコン Bluetooth,129.9,111.9,"2019
(R01)","9.2
万km",2000CC,CVT,Fukushima,混合动力,/usedcar/detail/AU7068564117/index.html,2026-06-21,2019,9.2,2000.0,Mid-size (1501-2000cc),Nissan,Domestic
1076,日産,ノート 1.2 e-POWER X FOUR Vセレクション 4WD 純正メモリーナビ 全周囲カメラ インテリジェントエマージェンシーブレーキ 禁煙車 コーナーセンサー スマートキー LEDヘッド デジタルインナーミラー 車線逸脱警報 オートライト,109.8,93.5,"2020
(R02)","7.6
万km",1200CC,AT,Hokkaido,混合动力,/usedcar/detail/AU6936628964/index.html,2026-06-21,2020,7.6,1200.0,Compact (<=1500cc),Nissan,Domestic
1077,ホンダ,フリード 1.5 e:HEV エアー EX 6人乗り マルチビューカメラ アダプティブハイビーム LEDヘッドランプ ホンダセンシング 両側パワースライドドア シートヒーター ホンダコネクトナビ対応 本革ステアリング リアクーラー 15インチアルミ,308.0,304.0,"2026
(R08)","18
km",1500CC,AT,Aichi,混合动力,/usedcar/detail/AU7047464571/index.html,2026-06-21,2026,0.0018,1500.0,Compact (<=1500cc),Honda,Domestic
1078,トヨタ,ライズ ハイブリッド 1.2 Z 禁煙車 純正9型ディスプレイオーディオ バックカメラ スマートアシスト アダプティブクルーズ ドラレコ ETC シートヒーター コーナーセンサー スマートキー LEDヘッド/フォグ 純正17インチAW,199.9,183.6,"2022
(R04)","4.2
万km",1200CC,AT,Oita,混合动力,/usedcar/detail/AU6986334835/index.html,2026-06-21,2022,4.2,1200.0,Compact (<=1500cc),Toyota,Domestic
1081,トヨタ,シエンタ ハイブリッド 1.5 ファンベース G セーフティ エディションII 禁煙 9型ナビ バックカメラ 両側電動ドア セーフティセンス レーンアシスト オートマチックハイビーム クリアランスソナー クルーズコントロール,205.9,194.5,"2021
(R03)","3.3
万km",1500CC,CVT,Chiba,混合动力,/usedcar/detail/AU7022924257/index.html,2026-06-21,2021,3.3,1500.0,Compact (<=1500cc),Toyota,Domestic
1082,日産,ノート 1.2 S FOUR 4WD 衝突軽減B 純正9インチナビ Bカメラ プッシュスタート 電子パーキング ステアリングスイッチ 電動格納ミラー オートエアコン,149.9,136.8,"2023
(R05)","4.4
万km",1200CC,AT,Fukui,混合动力,/usedcar/detail/AU6983838386/index.html,2026-06-21,2023,4.4,1200.0,Compact (<=1500cc),Nissan,Domestic
1083,トヨタ,プリウスPHV 1.8 A 純正9型ナビ バックカメラ 衝突被害軽減システム レーダークルーズ 禁煙車 パワーシート ドラレコ コーナーセンサー スマートキー LEDヘッド ビルトインETC オートハイビーム 車線逸脱警報,204.9,192.1,"2020
(R02)","5.1
万km",1800CC,CVT,Aichi,混合动力,/usedcar/detail/AU7085130926/index.html,2026-06-21,2020,5.1,1800.0,Mid-size (1501-2000cc),Toyota,Domestic
1085,トヨタ,プリウス 1.8 A プレミアム ツーリングセレクション モデリスタエアロ/レザーシート/ALPINE9型ナビ/バックカメラ/TV/DVD再生/Bluetooth/追従クルーズコントロール/LEDオートライト/ヘッドアップディスプレイ/電動シート/シートヒーター/ドラレコ/ETC/純正17AW/禁煙車,121.1,113.7,"2016
(H28)","10.5
万km",1800CC,CVT,Kumamoto,混合动力,/usedcar/detail/AU7002700148/index.html,2026-06-21,2016,10.5,1800.0,Mid-size (1501-2000cc),Toyota,Domestic
1086,トヨタ,プリウス 1.8 S 純正ナビ バックカメラ スマートキー HID,92.9,80.1,"2014
(H26)","3.7
万km",1800CC,CVT,Ibaraki,混合动力,/usedcar/detail/AU7022230369/index.html,2026-06-21,2014,3.7,1800.0,Mid-size (1501-2000cc),Toyota,Domestic
1087,トヨタ,アクア 1.5 G ソフトレザーセレクション ナビ バックカメラ 寒冷地仕様 トヨタセーフティセンス 禁煙車 合皮レザーシート ドラレコ コーナーセンサー スマートキー ETC クルコン オートハイビーム 車線逸脱警報 オートライト,114.9,98.2,"2019
(R01)","6.7
万km",1500CC,CVT,Hokkaido,混合动力,/usedcar/detail/AU7077361456/index.html,2026-06-21,2019,6.7,1500.0,Compact (<=1500cc),Toyota,Domestic
1088,トヨタ,プリウス 1.8 S セーフティ プラス E-Four 4WD BIG-X9型ナビ バックカメラ 寒冷地仕様 レーダークルーズ 禁煙車 ヘッドアップディスプレイ LEDヘッド Bluetooth接続 フルセグ ETC オートエアコン オートライト,119.9,106.9,"2016
(H28)","7.6
万km",1800CC,CVT,Niigata,混合动力,/usedcar/detail/AU6929416745/index.html,2026-06-21,2016,7.6,1800.0,Mid-size (1501-2000cc),Toyota,Domestic
1089,スズキ,クロスビー 1.0 ハイブリッド MZ 禁煙車 純正8インチナビ 全周囲カメラ 衝突被害軽減システム コーナーセンサー LEDヘッド ビルトインETC クルコン 前席シートヒーター オートハイビーム 車線逸脱警報 オートライト,119.9,108.4,"2020
(R02)","8.5
万km",1000CC,6AT,Fukuoka,混合动力,/usedcar/detail/AU7073866389/index.html,2026-06-21,2020,8.5,1000.0,Compact (<=1500cc),Suzuki,Domestic
1090,ホンダ,ヴェゼル 1.5 ハイブリッド X Lパッケージ 4WD 4WD/ワンオーナー/純ナビ/フルセグ/BT/CD/バックカメラ/あんしんPKG/コンフォートビューPKG/シティブレーキアクティブシステム/クルーズコントロール/ブレーキホールド/ビルトインETC/LEDライト/ハーフレザーシート,113.9,106.9,"2014
(H26)","6.2
万km",1500CC,MT,Hokkaido,混合动力,/usedcar/detail/AU6986172581/index.html,2026-06-21,2014,6.2,1500.0,Compact (<=1500cc),Honda,Domestic
1091,トヨタ,ヴィッツ 1.5 ハイブリッド F 純正9型SDナビ バックカメラ セーフティセンス 禁煙車 ドラレコ コーナーセンサー スマートキー LEDヘッドライト ビルトインETC 車線逸脱警報 オートライト オートエアコン Bluetooth,115.9,104.0,"2019
(R01)","5.6
万km",1500CC,CVT,Shizuoka,混合动力,/usedcar/detail/AU7021154191/index.html,2026-06-21,2019,5.6,1500.0,Compact (<=1500cc),Toyota,Domestic
1092,レクサス,IS 300h バージョンL マークレビンソン サンルーフ BSM 黒革シート ベンチレーション クリアランスソナー フルセグTV Bluetooth ETC LEDオートライト レーダークルーズ ステアリングヒーター スマートキー,199.8,194.1,"2013
(H25)","4.1
万km",2500CC,CVT,Okayama,混合动力,/usedcar/detail/AU6922538519/index.html,2026-06-21,2013,4.1,2500.0,Large (2001-3000cc),Lexus,Domestic
1093,トヨタ,プリウス 1.8 S セーフティ プラス 1オーナー/純正9インチナビ/バックカメラ/レーダークルーズコントロール/インテリジェントパーキングアシスト/衝突軽減ブレーキ/クリアランスソナー/ETC/ドライブレコーダー/スマートキー×2/保証書,139.8,132.4,"2018
(H30)","7.5
万km",1800CC,CVT,Hiroshima,混合动力,/usedcar/detail/AU7082882255/index.html,2026-06-21,2018,7.5,1800.0,Mid-size (1501-2000cc),Toyota,Domestic
1094,日産,ノート 1.2 e-POWER X 禁煙車 純正ナビ Bluetooth接続 フルセグ DVD再生 衝突軽減装置 オートライト コーナーセンサー オートエアコン スマートキー 盗難防止装置 プライバシーガラス ETC,92.9,76.3,"2018
(H30)","3.5
万km",1200CC,AT,Niigata,混合动力,/usedcar/detail/AU7090865805/index.html,2026-06-21,2018,3.5,1200.0,Compact (<=1500cc),Nissan,Domestic
1095,トヨタ,プリウスα 1.8 S チューン ブラックII プリクラッシュ レーダークルーズ 純正ナビ フルセグ Bluetoothオーディオ バックカメラ ETC スマートキー LEDヘッドライト 5人乗り,152.8,139.3,"2018
(H30)","8.9
万km",1800CC,CVT,Saitama,混合动力,/usedcar/detail/AU6882107128/index.html,2026-06-21,2018,8.9,1800.0,Mid-size (1501-2000cc),Toyota,Domestic
1096,トヨタ,プリウス 1.8 S マイコーデ 禁煙車 純正SDナビ バックカメラ 衝突被害軽減システム コーナーセンサー スマートキー HIDヘッドライト ビルトインETC 純正16インチアルミ オートライト オートエアコン Bluetooth CD再生,79.9,67.7,"2015
(H27)","8.3
万km",1800CC,CVT,Saga,混合动力,/usedcar/detail/AU7008668922/index.html,2026-06-21,2015,8.3,1800.0,Mid-size (1501-2000cc),Toyota,Domestic
1097,日産,ノート 1.2 X 衝突軽減B 純正9インチナビ TV Bluetooth対応 Bカメラ ETC プッシュスタート 電子パーキング ヘッドライトレベライザー 電動格納ミラー オートエアコン,119.9,106.8,"2021
(R03)","2.3
万km",1200CC,AT,Fukui,混合动力,/usedcar/detail/AU6881202636/index.html,2026-06-21,2021,2.3,1200.0,Compact (<=1500cc),Nissan,Domestic
1098,トヨタ,ヤリス 1.5 ハイブリッド X 純正ディスプレイ ナビキット バックカメラ レーダクルーズコントロール ETC オートハイビーム オートライト オートエアコン キーレスエントリー 禁煙車 衝突被害軽減装置 横滑り防止システム,162.9,146.5,"2023
(R05)","2.5
万km",1500CC,CVT,Gunma,混合动力,/usedcar/detail/AU6953185464/index.html,2026-06-21,2023,2.5,1500.0,Compact (<=1500cc),Toyota,Domestic
1099,ホンダ,フィット 1.5 e:HEV ホーム 4WD 純正SDナビ バックカメラ 寒冷地仕様 ホンダセンシング アダプティブハイビーム 禁煙車 コーナーセンサー レーンキープ スマートキー LEDヘッド ETC オートハイビーム 車線逸脱警報,164.9,153.2,"2022
(R04)","2.2
万km",1500CC,AT,Iwate,混合动力,/usedcar/detail/AU7043127668/index.html,2026-06-21,2022,2.2,1500.0,Compact (<=1500cc),Honda,Domestic
1100,日産,ノート 1.2 X 衝突軽減B 純正9インチナビ TV Bluetooth対応 アラウンドビューモニター ETC LEDヘッドライト フォグライト スマートキー プッシュスタート 電子パーキング 社外アルミホイール ステアリングスイッチ,149.9,137.5,"2021
(R03)","3.3
万km",1200CC,AT,Osaka,混合动力,/usedcar/detail/AU6915569096/index.html,2026-06-21,2021,3.3,1200.0,Compact (<=1500cc),Nissan,Domestic
1101,トヨタ,ライズ ハイブリッド 1.2 G 車両品質評価書付/純正ナビ/バックカメラ/衝突軽減ブレーキ/ETC車載器/ブラインドスポットモニター/フルセグテレビ/Bluetooth/CD/ラジオ/コーナーセンサー/スマートキー/LEDヘッドライト/純正16AW/プッシュスタート,181.2,165.8,"2022
(R04)","4.5
万km",1200CC,AT,Wakayama,混合动力,/usedcar/detail/AU6946355614/index.html,2026-06-21,2022,4.5,1200.0,Compact (<=1500cc),Toyota,Domestic
1103,スバル,フォレスター 2.0 アドバンス 4WD 本革シート 後席モニター,242.9,228.0,"2019
(R01)","2.1
万km",2000CC,MT,Aichi,混合动力,/usedcar/detail/AU7050337261/index.html,2026-06-21,2019,2.1,2000.0,Mid-size (1501-2000cc),Subaru,Domestic
1104,トヨタ,カムリ 2.5 G セーフティセンス ブラインドスポットモニター 純正ナビ バックカメラ LEDヘッドライト 純正17インチアルミ 純正革巻きハンドル パワーシート スマートキー ETC ドラレコ レーダークルーズ,178.9,165.8,"2018
(H30)","8.8
万km",2500CC,MT,Aichi,混合动力,/usedcar/detail/AU6981926479/index.html,2026-06-21,2018,8.8,2500.0,Large (2001-3000cc),Toyota,Domestic
1105,三菱,デリカD：2 1.2 ハイブリッド MZ 全方位カメラパッケージ 両側電動スライドドア HUD 衝突軽減ブレーキ 障害物センサー 全方位カメラ 前席シートヒーター LEDヘッドライト スマートキー 純正AW 社外メモリーナビ バックカメラ DVD再生 Bluetooth ETC ドライブレコーダー,154.6,137.8,"2023
(R05)","3.4
万km",1200CC,CVT,Aichi,混合动力,/usedcar/detail/AU6809938224/index.html,2026-06-21,2023,3.4,1200.0,Compact (<=1500cc),Mitsubishi,Domestic
1107,三菱,エクリプスクロス PHEV 2.4 P 4WD 全周囲カメラ/ラリーアート仕様/BSM/ナビTV/衝突軽減/レーンアシスト/レーダークルーズ/AC100V/18インチアルミ/ハンドルヒーター/パドルシフト/シートヒーター/パワーシート/ETC,283.8,274.5,"2023
(R05)","2.1
万km",2400CC,MT,Aichi,混合动力,/usedcar/detail/AU7083038478/index.html,2026-06-21,2023,2.1,2400.0,Large (2001-3000cc),Mitsubishi,Domestic
1108,日産,エクストレイル 2.0 20X ハイブリッド 4WD 4WD/禁煙/社外ナビ/BT/TV/SD/USB/CD/DVD/電動リアゲート/ダウンヒルアシストコントロール/アラウンドビューモニター/純正17インチアルミホイール/エマージェンシーブレーキ,138.8,131.6,"2018
(H30)","4.5
万km",2000CC,CVT,Hokkaido,混合动力,/usedcar/detail/AU7066385439/index.html,2026-06-21,2018,4.5,2000.0,Mid-size (1501-2000cc),Nissan,Domestic
1109,ホンダ,シャトル 1.5 ハイブリッド ホンダセンシング 後期型 衝突被害軽減システム レーンアシスト レーダークルーズコントロール 社外メモリーナビ Bluetooth バックカメラ スマートキー ETC パワーウィンドウ オートエアコン パワーステアリング,145.8,131.6,"2022
(R04)","5.7
万km",1500CC,7AT,Saitama,混合动力,/usedcar/detail/AU6950837430/index.html,2026-06-21,2022,5.7,1500.0,Compact (<=1500cc),Honda,Domestic
1110,トヨタ,プリウス 1.8 S 衝突軽減&純正9インチナビ&バックカメラ&ETC&1年保証付,93.9,83.0,"2015
(H27)","12.9
万km",1800CC,CVT,Miyazaki,混合动力,/usedcar/detail/AU7028415806/index.html,2026-06-21,2015,12.9,1800.0,Mid-size (1501-2000cc),Toyota,Domestic
1111,トヨタ,クラウンロイヤル ハイブリッド 2.5 ロイヤルサルーン 純正ナビ Bluetooth フルセグ シートヒーター ハンドルヒーター クルーズコントロール ドライブレコーダー カーテンエアバック ビルドインETC2.0 純正フロアマット 衝突軽減ブレーキ,222.8,215.7,"2017
(H29)","3.3
万km",2500CC,MT,Gunma,混合动力,/usedcar/detail/AU7025328162/index.html,2026-06-21,2017,3.3,2500.0,Large (2001-3000cc),Toyota,Domestic
1112,トヨタ,プリウス 1.8 S ツーリングセレクション 純正8インチナビ バックカメラ 禁煙車 LEDヘッドライト オートライト フロントフォグライト スマートキー ETC Bluetooth フルセグ 純正17インチAW 電動格納ミラー オートエアコン,77.9,64.5,"2013
(H25)","11.1
万km",1800CC,CVT,Fukuoka,混合动力,/usedcar/detail/AU7088358767/index.html,2026-06-21,2013,11.1,1800.0,Mid-size (1501-2000cc),Toyota,Domestic
1113,トヨタ,プリウス プリウス S,69.3,55.0,"2009
(H21)","3.9
万km",1800CC,AT,Aichi,混合动力,/usedcar/detail/AU7098769191/index.html,2026-06-21,2009,3.9,1800.0,Mid-size (1501-2000cc),Toyota,Domestic
1115,日産,ノート 1.2 S 衝突被害軽減システム/ETC/ナビ/クリアランスソナー/オートマチックハイビーム/オートライト/スマートキー/電動格納ミラー/CVT/盗難防止システム/衝突安全ボディ/ABS/ESC/USB,131.9,119.2,"2022
(R04)","3.7
万km",1200CC,AT,Ishikawa,混合动力,/usedcar/detail/AU6861498768/index.html,2026-06-21,2022,3.7,1200.0,Compact (<=1500cc),Nissan,Domestic
1117,スズキ,スイフト 1.2 ハイブリッド MX 登録済未使用車 衝突被害軽減ブレーキ コーナーセンサー スマートキー アイドリングストップ 電動格納ドアミラー シートヒーター アダクティブクルーズコントロール LEDヘッドライト 横滑り防止機能,169.9,157.7,"2025
(R07)","68
km",1200CC,CVT,Aichi,混合动力,/usedcar/detail/AU7033885327/index.html,2026-06-21,2025,0.0068,1200.0,Compact (<=1500cc),Suzuki,Domestic
1118,トヨタ,カムリ 2.5 G トヨタ認定中古車・メモリ-ナビ・フルセグTV・DVD再生・Bluetooth接続・前後ドライブレコ-ダ-・スマ-トキ-・LEDヘッドランプ付き,187.8,177.8,"2017
(H29)","3.7
万km",2500CC,CVT,Okayama,混合动力,/usedcar/detail/AU7062019167/index.html,2026-06-21,2017,3.7,2500.0,Large (2001-3000cc),Toyota,Domestic
1121,トヨタ,アクア 1.5 クロスオーバー SDナビ バックカメラ プリクラッシュセーフティ 合皮シート ドラレコ スマートキー LEDヘッド ビルトインETC 純正15インチAW オートハイビーム 車線逸脱警報 オートライト オートエアコン,128.5,112.8,"2017
(H29)","2.7
万km",1500CC,CVT,Kanagawa,混合动力,/usedcar/detail/AU6984341721/index.html,2026-06-21,2017,2.7,1500.0,Compact (<=1500cc),Toyota,Domestic
1122,トヨタ,アクア 1.5 Z 全周囲カメラ 純正10型DA 禁煙車 アドバンスドパーク シートヒーター Bluetooth ETC ドラレコ LEDヘッドランプ 純正15インチアルミ ブラインドスポット パワーシート,209.9,193.4,"2023
(R05)","2.7
万km",1500CC,CVT,Okayama,混合动力,/usedcar/detail/AU6932457530/index.html,2026-06-21,2023,2.7,1500.0,Compact (<=1500cc),Toyota,Domestic
1123,ホンダ,フリード+ 1.5 ハイブリッド G ホンダセンシング 4WD 社外ナビ/バックカメラ/両側パワースライドドア/4WD/衝突軽減ブレーキ/レーダークルーズコントロール/レーンキープアシスト/コーナーセンサー/社外ナビ/フルセグ/Bluetooth・バックカメラ/ハーフレザーシート,119.8,110.9,"2018
(H30)","9.1
万km",1500CC,7AT,Aomori,混合动力,/usedcar/detail/AU7088727609/index.html,2026-06-21,2018,9.1,1500.0,Compact (<=1500cc),Honda,Domestic
1124,トヨタ,プリウス 2.0 Z 純正12型DA 全周囲カメラ 電動リアゲート AC100V BSM レーダークルーズ ワイヤレス充電 シートヒーター シートベンチレーション クリアランスソナー applecarplay ETC2.0,289.9,277.0,"2023
(R05)","3
万km",2000CC,CVT,Osaka,混合动力,/usedcar/detail/AU6974307049/index.html,2026-06-21,2023,3.0,2000.0,Mid-size (1501-2000cc),Toyota,Domestic
1125,日産,ノート 1.2 e-POWER メダリスト 純正メモリナビ/全周囲カメラ/前後ドライブレコーダー/デジタルインナーミラー/クルーズコントロール/ハーフレザーシート/フルセグTV/LEDヘッドライト/禁煙車/レーンキープ/純正15インチAW,92.8,84.4,"2018
(H30)","4.9
万km",1200CC,AT,Chiba,混合动力,/usedcar/detail/AU6871147720/index.html,2026-06-21,2018,4.9,1200.0,Compact (<=1500cc),Nissan,Domestic
1126,日産,ノート 1.2 S 禁煙車 SDナビ 全周囲カメラ 衝突軽減 ブラインドスポットモニター デジタルインナーミラー ETC 電動パーキングブレーキ オートエアコン,119.9,103.6,"2022
(R04)","8.9
万km",1200CC,AT,Shizuoka,混合动力,/usedcar/detail/AU6979100200/index.html,2026-06-21,2022,8.9,1200.0,Compact (<=1500cc),Nissan,Domestic
1127,トヨタ,クラウンロイヤル クラウンロイヤル HV ロイヤルサルーン メディアプレイヤー接続 横滑り防止機能 ETC付 電動シート 1オーナー車 スマートキー・プッシュスタート オートクルーズコントロール パワーウィンドウ カラーバックモニター DVD再生機能 エアコン,130.5,118.0,"2013
(H25)","5.7
万km",2500CC,AT,Gunma,混合动力,/usedcar/detail/AU7064118377/index.html,2026-06-21,2013,5.7,2500.0,Large (2001-3000cc),Toyota,Domestic
1128,トヨタ,プリウス 1.8 S セーフティ プラス 衝突軽減&純正7インチナビ&バックカメラ&ETC&1年保証付,123.0,110.0,"2017
(H29)","8.3
万km",1800CC,CVT,Miyazaki,混合动力,/usedcar/detail/AU6956256950/index.html,2026-06-21,2017,8.3,1800.0,Mid-size (1501-2000cc),Toyota,Domestic
1129,トヨタ,シエンタ ハイブリッド 1.5 G 禁煙車/純正10.5型ナビ/全方位カメラ/フルセグTV/トヨタセーフティセンス/ETC2.0/LEDヘッドライト/ブラインドスポットモニター/レーダークルーズコントロール/純正アルミホイール/両側電動スライドドア/衝突軽減,272.9,265.9,"2025
(R07)","1.3
万km",1500CC,CVT,Fukuoka,混合动力,/usedcar/detail/AU7084648314/index.html,2026-06-21,2025,1.3,1500.0,Compact (<=1500cc),Toyota,Domestic
1131,トヨタ,アクア 1.5 S プッシュスタート/純正ナビ/Bluetooth/CD/DVD/フルセグTV/バックカメラ/ビルトインETC/オートライト/シートヒーター/ヒルアシストコントロール/スマートキー/ステアリングスイッチ/横滑り防止装置/禁煙車,114.8,108.4,"2018
(H30)","2.9
万km",1500CC,CVT,Chiba,混合动力,/usedcar/detail/AU7097411105/index.html,2026-06-21,2018,2.9,1500.0,Compact (<=1500cc),Toyota,Domestic
1132,トヨタ,アクア 1.5 L 禁煙車 ドラレコ ETC オートエアコン キーレス 横滑り防止装置 電動格納ミラー 盗難防止装置 衝突安全ボディ パワーウィンドウ ドアバイザー パワーステアリング,95.9,79.2,"2018
(H30)","5.5
万km",1500CC,CVT,Aichi,混合动力,/usedcar/detail/AU6976214664/index.html,2026-06-21,2018,5.5,1500.0,Compact (<=1500cc),Toyota,Domestic
1133,トヨタ,プリウス 1.8 S セーフティ プラス 純正SDナビ バックカメラ トヨタセーフティセンス レーダークルーズ 禁煙車 ドライブレコーダー コーナーセンサー スマートキー LEDヘッライト ビルトインETC 純正15インチアルミホイール,119.9,107.1,"2016
(H28)","10.1
万km",1800CC,CVT,Shizuoka,混合动力,/usedcar/detail/AU6919014738/index.html,2026-06-21,2016,10.1,1800.0,Mid-size (1501-2000cc),Toyota,Domestic
1134,トヨタ,アクア 1.5 S スタイルブラック トヨタセーフティセンス 純正ナビ Bluetooth対応 Bカメラ スマートエントリー プッシュスタート LEDヘッドライト フォグライト ステアリングスイッチ 社外アルミホイール,92.6,78.0,"2016
(H28)","5
万km",1500CC,CVT,Hyogo,混合动力,/usedcar/detail/AU6707773999/index.html,2026-06-21,2016,5.0,1500.0,Compact (<=1500cc),Toyota,Domestic
1135,日産,ノート 1.2 X 禁煙 ナビ 衝突軽減 バックカメラ クリアランスソナー スマートキー ETC オートハイビーム オートエアコン Bluetooth再生,150.9,139.6,"2021
(R03)","3.3
万km",1200CC,AT,Miyazaki,混合动力,/usedcar/detail/AU6801899894/index.html,2026-06-21,2021,3.3,1200.0,Compact (<=1500cc),Nissan,Domestic
1136,日産,スカイライン 3.5 350GT ハイブリッド タイプP 純正カーナビ 全方位カメラ ETC アイドリングストップ アダプティブクルーズコントロール フロントフォグランプ スマートキー,209.9,196.3,"2018
(H30)","3.5
万km",3500CC,MT,Osaka,混合动力,/usedcar/detail/AU7015283471/index.html,2026-06-21,2018,3.5,3500.0,Luxury (3001cc+),Nissan,Domestic
1137,日産,ノート 1.2 S 純正9インチナビ /フルセグTV/ドライブレコーダー/ Bluetooth/CD/DVD/バックカメラ/エマージェンシーブレーキ/踏み間違い防止アシスト/レーンキープアシスト/スマートキー/ETC/オートエアコン/電子パーキング/禁煙車,134.9,129.3,"2021
(R03)","2.7
万km",1200CC,AT,Chiba,混合动力,/usedcar/detail/AU7094970321/index.html,2026-06-21,2021,2.7,1200.0,Compact (<=1500cc),Nissan,Domestic
1138,トヨタ,アクア 1.5 S スタイルブラック 禁煙車 衝突軽減 SDナビ ETC コーナーセンサー 車線逸脱警報 LEDヘッド オートライト オートエアコン LEDフォグ スマートキー オートハイビーム 横滑り防止装置 電動格納ミラー プライバシーガラス,106.9,95.3,"2019
(R01)","6.1
万km",1500CC,CVT,Aichi,混合动力,/usedcar/detail/AU6983684692/index.html,2026-06-21,2019,6.1,1500.0,Compact (<=1500cc),Toyota,Domestic
1139,トヨタ,ハリアー 2.5 ハイブリッド S 禁煙車 純正8型ナビ バックカメラ フルセグ セーフティセンス レーダ―クルーズ コーナーセンサー スマートキー LEDヘッド ETC 純正17インチアルミ オートハイビーム オートエアコン,289.9,271.6,"2021
(R03)","2.8
万km",2500CC,MT,Chiba,混合动力,/usedcar/detail/AU7008466200/index.html,2026-06-21,2021,2.8,2500.0,Large (2001-3000cc),Toyota,Domestic
1140,日産,セレナ 2.0 ハイウェイスター S-HYBRID,98.4,85.9,"2013
(H25)","3.4
万km",2000CC,CVT,Gunma,混合动力,/usedcar/detail/AU6928740221/index.html,2026-06-21,2013,3.4,2000.0,Mid-size (1501-2000cc),Nissan,Domestic
1141,トヨタ,アクア 1.5 X トヨタセーフティセンス 純正ナビ ETC バックカメラ スペアキー2本 ドライブレコーダー AAC フルセグTV 純正AW ABS LEDライト レーダークルーズコントロール,170.6,163.5,"2023
(R05)","4.6
万km",1500CC,CVT,Saitama,混合动力,/usedcar/detail/AU7065754286/index.html,2026-06-21,2023,4.6,1500.0,Compact (<=1500cc),Toyota,Domestic
1142,トヨタ,クラウンクロスオーバー 2.5 G E-Four 4WD セーフティセンス パノラミックビューモニター ブラインドスポットモニター パワートランクリッド 純正19インチアルミ LEDヘッドライト 革巻きステアリング 電動チルト 運転席パワーシート 禁煙車,429.9,416.3,"2024
(R06)","0.9
万km",2500CC,CVT,Aichi,混合动力,/usedcar/detail/AU7089561327/index.html,2026-06-21,2024,0.9,2500.0,Large (2001-3000cc),Toyota,Domestic
1143,トヨタ,プリウスPHV 1.8 S セーフティ プラス メモリーナビ 衝突軽減 レーダークルーズ 禁煙車 ETC 前席シートヒーター コーナーセンサー ステアリングヒーター オートハイビーム スマートキー LEDヘッド&フォグ 電動格納ミラー,139.9,127.2,"2018
(H30)","10.3
万km",1800CC,CVT,Ibaraki,混合动力,/usedcar/detail/AU6989125776/index.html,2026-06-21,2018,10.3,1800.0,Mid-size (1501-2000cc),Toyota,Domestic
1144,スズキ,スイフト 1.2 ハイブリッド MX 4WD 純正ナビ・バックカメラ・衝突軽減ブレーキ・ブラインドスポットモニター・LEDヘッドライト・障害物センサー・純正16インチAW・ETC・クルーズコントロール・レーンキープアラート・Bluetooth・スマートキー,166.7,149.9,"2024
(R06)","2.3
万km",1200CC,CVT,Saitama,混合动力,/usedcar/detail/AU7088901536/index.html,2026-06-21,2024,2.3,1200.0,Compact (<=1500cc),Suzuki,Domestic
1145,トヨタ,ヴェルファイア ハイブリッド 2.5 Zプレミア 禁煙車 後席モニター 純正14型ナビ 全周囲カメラ ムーンルーフ アドバンストパーク デジタルミラー 両側電動ドア 100V電源 電動リアゲート 本革シート 前席シートエアコン リアシートエアコン,672.9,659.1,"2024
(R06)","1.8
万km",2500CC,CVT,Chiba,混合动力,/usedcar/detail/AU6911822741/index.html,2026-06-21,2024,1.8,2500.0,Large (2001-3000cc),Toyota,Domestic
1146,ホンダ,ステップワゴン 2.0 e:HEV スパーダ 純正ナビ 両パワスラ Pバックドア ホンダセンシング レーンキープアシスト オットマン バックカメラ コーナーセンサー パワーバックドア クリスタルブラック・パール,367.8,359.7,"2025
(R07)","1
万km",2000CC,MT,Saitama,混合动力,/usedcar/detail/AU6946340615/index.html,2026-06-21,2025,1.0,2000.0,Mid-size (1501-2000cc),Honda,Domestic
1147,レクサス,NX 300h スパイス＆シック パノラマルーフ/パノラミックビューモニター/BSM/純正10.3インチナビ/前後ドライブレコーダー/ETC2.0/ハンズフリーパワーバックドア/シートヒーター/ベンチレーション/パワーシート/レーダークルーズ/禁煙車,391.8,381.8,"2021
(R03)","3.3
万km",2500CC,MT,Miyagi,混合动力,/usedcar/detail/AU7057595540/index.html,2026-06-21,2021,3.3,2500.0,Large (2001-3000cc),Lexus,Domestic
1148,トヨタ,アクア 1.5 G 純正7インチナビ フルセグ バックカメラ トヨタセーフティセンス 衝突軽減ブレーキ 車線逸脱警報 オートハイビーム クルーズコントロール プッシュスタート LEDヘッドライト フォグ ETC AAC,97.8,91.1,"2016
(H28)","5.6
万km",1500CC,CVT,Fukuoka,混合动力,/usedcar/detail/AU6929564584/index.html,2026-06-21,2016,5.6,1500.0,Compact (<=1500cc),Toyota,Domestic
1149,トヨタ,プリウスα 1.8 S ツーリングセレクション 純正SDナビ バックカメラ 禁煙車 スマートキー LEDヘッド ビルトインETC 純正17インチアルミ オートライト オートエアコン Bluetooth CD DVD再生 フルセグ LEDフォグ,103.9,90.5,"2015
(H27)","9.3
万km",1800CC,CVT,Tochigi,混合动力,/usedcar/detail/AU6925458540/index.html,2026-06-21,2015,9.3,1800.0,Mid-size (1501-2000cc),Toyota,Domestic
1150,レクサス,CT 200h バージョンC 純正10型ナビ バックカメラ 衝突被害軽減システム レーダークルーズ 禁煙車 ドラレコ コーナーセンサー スマートキー LEDヘッド ETC2.0 純正16インチアルミ オートハイビーム オートライト,177.9,165.6,"2017
(H29)","7.3
万km",1800CC,CVT,Aichi,混合动力,/usedcar/detail/AU7066585261/index.html,2026-06-21,2017,7.3,1800.0,Mid-size (1501-2000cc),Lexus,Domestic
1151,スズキ,ソリオ 1.2 ハイブリッド MG GoGoチラシ対象車 オーディオレス 両側スライドドア キーレスプッシュスタート ウォークスルー アダプティブクルーズコントロール マイルドハイブリッド 衝突被害軽減ブレーキ 後退時ブレーキサポート,180.8,169.8,"2025
(R07)","0.2
万km",1200CC,CVT,Kanagawa,混合动力,/usedcar/detail/AU7044078576/index.html,2026-06-21,2025,0.2,1200.0,Compact (<=1500cc),Suzuki,Domestic
1152,ホンダ,シャトル 1.5 ハイブリッド ホンダセンシング 純正SDナビ バックカメラ 禁煙車 ドラレコ スマートキー LEDヘッド ビルトインETC オートライト オートエアコン Bluetooth CD DVD再生 フルセグ LEDフォグ,114.9,102.1,"2019
(H31)","6.8
万km",1500CC,7AT,Aichi,混合动力,/usedcar/detail/AU7071354358/index.html,2026-06-21,2019,6.8,1500.0,Compact (<=1500cc),Honda,Domestic
1153,日産,キックス 1.2 X (e-POWER) 禁煙車 9型ナビ プロパイロット アラウンドビューモニター インテリジェントルームミラー コーナーセンサー フルセグ CD/DVD再生 Bluetooth接続 純正17インチアルミ LEDヘッド ETC ドライブレコーダー ハーフレザー,162.9,146.5,"2021
(R03)","6
万km",1200CC,AT,Chiba,混合动力,/usedcar/detail/AU6914431687/index.html,2026-06-21,2021,6.0,1200.0,Compact (<=1500cc),Nissan,Domestic
1156,トヨタ,カローラクロス 1.8 ハイブリッド Z 禁煙車/ガラスルーフ/純正10.5型ナビ/全周囲カメラ/アドバンストパーク/衝突被害軽減装置/レーダークルーズ/電動リアゲート/ブラインドスポットモニター/ETC2.0/前席シートヒーター/パワーシート,349.9,336.8,"2025
(R07)","0.6
万km",1800CC,CVT,Osaka,混合动力,/usedcar/detail/AU6953839593/index.html,2026-06-21,2025,0.6,1800.0,Mid-size (1501-2000cc),Toyota,Domestic
1157,トヨタ,カローラツーリング 1.8 ハイブリッド S ディスプレイオーディオ/車内ドラレコ,200.2,190.0,"2021
(R03)","3.3
万km",1800CC,CVT,Ibaraki,混合动力,/usedcar/detail/AU7044425086/index.html,2026-06-21,2021,3.3,1800.0,Mid-size (1501-2000cc),Toyota,Domestic
1159,トヨタ,ノア 1.8 ハイブリッド S-Z E-Four 4WD,405.9,387.8,"2023
(R05)","2.3
万km",1800CC,CVT,Niigata,混合动力,/usedcar/detail/AU7054065932/index.html,2026-06-21,2023,2.3,1800.0,Mid-size (1501-2000cc),Toyota,Domestic
1162,トヨタ,ヴェルファイア ハイブリッド 2.5 Zプレミア,659.9,645.4,"2024
(R06)","1.7
万km",2500CC,CVT,Osaka,混合动力,/usedcar/detail/AU7050876386/index.html,2026-06-21,2024,1.7,2500.0,Large (2001-3000cc),Toyota,Domestic
1164,日産,セレナ 2.0 ハイウェイスター Vエアロモード+Safety S-HYBRID アドバンストセーフティ PKG 両側電動ドア 純正SDナビ 全周囲カメラ 衝突被害軽減システム 禁煙車 コーナーセンサー スマートキー LEDヘッド ビルトインETC クルコン 純正16インチアルミ オートハイビーム オートライト,99.9,81.8,"2015
(H27)","4.9
万km",2000CC,CVT,Tochigi,混合动力,/usedcar/detail/AU7016124093/index.html,2026-06-21,2015,4.9,2000.0,Mid-size (1501-2000cc),Nissan,Domestic
1165,トヨタ,プリウス 1.8 A 純正ナビ TV BT接続 Bカメラ ETC クリアランスソナー LEDヘッドライト N席回転シート レーダークルーズコントロール,128.2,113.8,"2016
(H28)","6.2
万km",1800CC,CVT,Osaka,混合动力,/usedcar/detail/AU6828860737/index.html,2026-06-21,2016,6.2,1800.0,Mid-size (1501-2000cc),Toyota,Domestic
1167,日産,ノートオーラ 1.2 G レザーエディション 衝突軽減 純正9型ナビ 全周囲カメラ 黒革シート パワーシート コーナーセンサー ETC デジタルインナーミラー フルセグ Bluetooth CD/DVD再生 LEDヘッド 純正17インチAW,239.9,227.3,"2025
(R07)","1.1
万km",1200CC,AT,Miyagi,混合动力,/usedcar/detail/AU6917834940/index.html,2026-06-21,2025,1.1,1200.0,Compact (<=1500cc),Nissan,Domestic
1168,トヨタ,プリウス 1.8 A 純正ナビ フルセグ・CD・DVD・FM・AM・SD・BT D席パワーシート トヨタセーフティセンス 全方位ソナー 追従クルコン パーキングアシスト ブラインドスポットモニター ヘッドアップディスプレイ 純正ドラレコ,179.8,173.1,"2019
(R01)","4.9
万km",1800CC,CVT,Aichi,混合动力,/usedcar/detail/AU7024224566/index.html,2026-06-21,2019,4.9,1800.0,Mid-size (1501-2000cc),Toyota,Domestic
1169,トヨタ,アクア 1.5 クロスオーバー 後期型 SDナビ バックカメラ 寒冷地仕様 衝突被害軽減 禁煙車 スマートキー LEDヘッド ビルトインETC 純正16インチアルミ オートハイビーム 車線逸脱警報 Bluetooth フルセグ,112.9,101.0,"2017
(H29)","7
万km",1500CC,CVT,Niigata,混合动力,/usedcar/detail/AU6920332926/index.html,2026-06-21,2017,7.0,1500.0,Compact (<=1500cc),Toyota,Domestic
1476,ホンダ,フィットシャトルハイブリッド 1.3 スマートセレクション ファインライン 車両品質評価書付・純正8インチナビ・バックカメラ・フルセグ・ビルトインETC・シートヒーター・HIDヘッドライト・DVD・CD・オートエアコン・オートライト・フォグライト・FM・AM,35.6,19.8,"2013
(H25)","9.8
万km",1300CC,CVT,Wakayama,Domestic,/usedcar/detail/AU7050169809/index.html,2026-06-23,2013,9.8,1300.0,Compact (<=1500cc),Honda,Domestic
1477,スズキ,ハスラー 660 Xターボ 4WD 4WD/禁煙/純正ナビ/CD/DVD/BT/USB/TV/AUX/前席シートヒーター/ダウンヒルアシストコントロール/グリップコントロール/エンジンスターター/ドライブレコーダー,89.8,86.1,"2016
(H28)","3.5
万km",660CC,CVT,Hokkaido,Domestic,/usedcar/detail/AU7046112269/index.html,2026-06-23,2016,3.5,660.0,K-car (<=660cc),Suzuki,Domestic
1483,日産,ノート 1.2 S 衝突軽減B 社外ナビ Bluetooth対応 アラウンドビューモニター プッシュスタート 電子パーキング ステアリングスイッチ ヘッドライトレベライザー オートエアコン,139.9,128.8,"2023
(R05)","2.4
万km",1200CC,AT,Kyoto,Domestic,/usedcar/detail/AU6803557807/index.html,2026-06-23,2023,2.4,1200.0,Compact (<=1500cc),Nissan,Domestic
1488,トヨタ,アクア 1.5 X 禁煙車 純正ディスプレイ 全周囲カメラ ブラインドスポットモニター ETC LEDライト オートハイビーム AC100V電源 レーダークルーズコントロール,149.9,133.4,"2022
(R04)","6.5
万km",1500CC,CVT,Shizuoka,Domestic,/usedcar/detail/AU7047949082/index.html,2026-06-23,2022,6.5,1500.0,Compact (<=1500cc),Toyota,Domestic
1491,日産,ノート 1.2 X 純正ナビ バックカメラ 禁煙車 スマートキー オートライト CD 地デジ アイドリングストップ プライバシーガラス バニティミラー シートリフター 盗難防止装置 横滑り防止措置,49.9,38.3,"2013
(H25)","0.7
万km",1200CC,CVT,Ibaraki,Domestic,/usedcar/detail/AU7029996457/index.html,2026-06-23,2013,0.7,1200.0,Compact (<=1500cc),Nissan,Domestic
1504,日産,ティアナ 2.5 250XE 後期型 カーウィングス対応HDDナビ16インチアルミホイール 1オーナー デュアルオートエアコン 禁煙車 バックカメラ&サイドカメラ シルキーエクリュシート オートライト Bluetooth ETC スマートキー,59.9,41.7,"2013
(H25)","4
万km",2500CC,CVT,Gunma,Domestic,/usedcar/detail/AU7103720309/index.html,2026-06-23,2013,4.0,2500.0,Large (2001-3000cc),Nissan,Domestic
1582,,ＢＭＷ 7シリーズ 750i Mスポーツ サンルーフ harman/kardon ヘッドアップD BMWレーザーライト ブラックレザーシート シートベンチレーション シートヒーター 純正20インチアルミ シートマッサージ ドラレコ ヘッドアップディスプレイ ハーマン,252.8,237.2,"2016
(H28)","4.8
万km",4400CC,MT,Mie,Import,/usedcar/detail/AU6988438990/index.html,2026-06-23,2016,4.8,4400.0,Luxury (3001cc+),Unknown,Import
1586,ミニ,ミニ クーパーD 5ドア ペッパーPKG LEDヘッドライト 純正HDDナビ バックカメラ Bluetooth 禁煙車 ETC コンフォートアクセス デュアルオートエアコン 純正15インチAW,114.9,101.3,"2017
(H29)","5.5
万km",1500CC,MT,Aichi,Import,/usedcar/detail/AU7103733959/index.html,2026-06-23,2017,5.5,1500.0,Compact (<=1500cc),MINI,Import
1589,アウディ,TT クーペ 45 TFSI クワトロ 4WD コンフォートパッケージ バーチャルコックピット 前席シートヒーター 前席パワーシート バックカメラ クリアランスソナー LEDヘッドランプ 純正ナビTV Bluetooth ETC,259.9,246.1,"2019
(R01)","6.5
万km",2000CC,MT,Hokkaido,Import,/usedcar/detail/AU7106156787/index.html,2026-06-23,2019,6.5,2000.0,Mid-size (1501-2000cc),Audi,Import
1608,ホンダ,N-BOX 660 届出済未使用車 片側電動スライドドア 衝突被害軽減ブレーキ コーナーセンサー アダクティブクルーズコントロール スマートキー チップアップシート アイドリングストップ LED 電動格納ドアミラー,139.9,130.9,"2026
(R08)","4
km",660CC,CVT,Aichi,K-car,/usedcar/detail/AU7079489687/index.html,2026-06-23,2026,0.0004,660.0,K-car (<=660cc),Honda,Domestic
1619,ダイハツ,タント 660 G スペシャル 電動スライドドア CDオーディオ 禁煙車 スマートキー フォグライト アイドリングストップ ETC 純正14インチアルミ オートエアコン 電動格納ミラー ベンチシート 衝突安全ボディ,29.9,22.5,"2013
(H25)","9.7
万km",660CC,CVT,Ibaraki,K-car,/usedcar/detail/AU6980575821/index.html,2026-06-23,2013,9.7,660.0,K-car (<=660cc),Daihatsu,Domestic
1630,日産,ルークス 660 ハイウェイスターX プロパイロット エディション 衝突軽減B 両側自動ドア クルーズコントロール 電子パーキング LEDヘッドライト フォグライト スマートキー プッシュスタート アイドリングストップ 革巻きステアリング 純正アルミホイール,106.9,98.2,"2022
(R04)","4.5
万km",660CC,CVT,Nara,K-car,/usedcar/detail/AU6805426561/index.html,2026-06-23,2022,4.5,660.0,K-car (<=660cc),Nissan,Domestic
1632,日産,デイズルークス 660 S SDナビ 禁煙車 Bluetooth CD DVD再生 地デジ アイドリングストップ 盗難防止装置 プライバシーガラス 電動格納ミラー キーレス ドアバイザー,39.9,32.4,"2015
(H27)","8.5
万km",660CC,CVT,Ibaraki,K-car,/usedcar/detail/AU7040948498/index.html,2026-06-23,2015,8.5,660.0,K-car (<=660cc),Nissan,Domestic
1638,スズキ,ハスラー 660 ハイブリッド G セーフティサポート 禁煙車 コーナーセンサー スマートキー オートハイビーム 車線逸脱警報 オートエアコン Bluetooth CD,109.9,99.4,"2020
(R02)","6.4
万km",660CC,CVT,Kanagawa,K-car,/usedcar/detail/AU6953787653/index.html,2026-06-23,2020,6.4,660.0,K-car (<=660cc),Suzuki,Domestic
1644,日産,デイズルークス 660 ハイウェイスター Gターボ 衝突軽減B 純正ナビ TV Bluetooth対応 両側自動ドア クルーズコントロール 革巻きステアリング HIDヘッドライト フォグライト スマートキー プッシュスタート アイドリングストップ 純正アルミホイール,69.9,60.7,"2017
(H29)","3
万km",660CC,CVT,Kyoto,K-car,/usedcar/detail/AU7101308022/index.html,2026-06-23,2017,3.0,660.0,K-car (<=660cc),Nissan,Domestic
1671,トヨタ,シエンタ ハイブリッド 1.5 G 両側電動ドア 純正SDナビ バックカメラ 衝突被害軽減システム 禁煙車 スマートキー LEDヘッド ビルトインETC 純正15インチアルミ オートハイビーム 車線逸脱警報 オートライト,84.9,72.7,"2016
(H28)","9.6
万km",1500CC,CVT,Aichi,Hybrid,/usedcar/detail/AU7029732756/index.html,2026-06-23,2016,9.6,1500.0,Compact (<=1500cc),Toyota,Domestic
1679,トヨタ,アクア 1.5 L SDナビ バックカメラ 禁煙車 ドラレコ ビルトインETC オートエアコン Bluetooth CD,124.9,108.5,"2021
(R03)","3.4
万km",1500CC,CVT,Aichi,Hybrid,/usedcar/detail/AU7047464443/index.html,2026-06-23,2021,3.4,1500.0,Compact (<=1500cc),Toyota,Domestic
1691,日産,ノート 1.2 S 禁煙車 SDナビ 全周囲カメラ 衝突被害軽減システム コーナーセンサー スマートキー ETC オートライト オートエアコン Bluetooth DVD再生,99.9,83.6,"2022
(R04)","9.5
万km",1200CC,AT,Gifu,Hybrid,/usedcar/detail/AU7005773209/index.html,2026-06-23,2022,9.5,1200.0,Compact (<=1500cc),Nissan,Domestic
1692,トヨタ,アクア 1.5 S スタイルブラック 禁煙車 後期型 セーフティセンス 純正ナビ Bluetooth再生 バックカメラ 車線逸脱警報 オートハイビーム LEDライト スマートキー ステアリングスイッチ 純正アルミ オートエアコン ETC,109.9,94.2,"2019
(R01)","7
万km",1500CC,CVT,Shizuoka,Hybrid,/usedcar/detail/AU7040165199/index.html,2026-06-23,2019,7.0,1500.0,Compact (<=1500cc),Toyota,Domestic
1693,トヨタ,カローラツーリング 1.8 ハイブリッド G-X プラス ブラックマイカ/ドラレコ/ETC,185.3,169.9,"2022
(R04)","4.3
万km",1800CC,CVT,Kanagawa,Hybrid,/usedcar/detail/AU7104089889/index.html,2026-06-23,2022,4.3,1800.0,Mid-size (1501-2000cc),Toyota,Domestic
1694,日産,フーガハイブリッド 3.5 禁煙車 後期 全方位運転支援 純正ナビ 全周囲カメラ ベージュ革 メモリー付きパワーシート インテリジェントクルーズコントロール 純正18インチAW シートベンチレーション ブランドスポット ETC,185.9,172.0,"2019
(R01)","5.1
万km",3500CC,MT,Osaka,Hybrid,/usedcar/detail/AU7100675720/index.html,2026-06-23,2019,5.1,3500.0,Luxury (3001cc+),Nissan,Domestic
2061,スズキ,ジムニー 660 XC 4WD /禁煙車/社外ナビ/フルセグTV/バックカメラ/純正16アルミ/ETC,154.8,151.1,"2018
(H30)","2
万km",660CC,5MT,Aichi,K-car,/usedcar/detail/AU7106351282/index.html,2026-06-23,2018,2.0,660.0,K-car (<=660cc),Suzuki,Domestic
3651,ミニ,ミニクラブマン クーパー SD ペッパーPKG ACC 純正ナビ Bカメラ Bluetooth接続 PDC コンフォートアクセス LEDヘッドライト 衝突軽減ブレーキ ツインマフラー ETC内蔵ミラー エキサイトメントPKG ストレージコンパートメントPKG,188.8,177.7,"2019
(R01)","4.1
万km",2000CC,MT,Chiba,Import,/usedcar/detail/AU7106881586/index.html,2026-06-23,2019,4.1,2000.0,Mid-size (1501-2000cc),MINI,Import
4052,トヨタ,アクア 1.5 G 純正ナビ ワンセグTV ドラレコ前後 ETC オートライト 純正アルミ Bカメラ ECOモード EVモード電動格納式ミラー,49.6,39.0,"2014
(H26)","6.6
万km",1500CC,CVT,Osaka,Domestic,/usedcar/detail/AU7106516621/index.html,2026-06-23,2014,6.6,1500.0,Compact (<=1500cc),Toyota,Domestic
4066,日産,ノート 1.2 X 純正9インチナビ フルセグTV Bカメラ ETC 前方ドラレコ クリアランスソナー BT接続 オートマチックハイビーム 社外アルミ Fフォグ,122.1,108.8,"2021
(R03)","5
万km",1200CC,AT,Osaka,Domestic,/usedcar/detail/AU7099299689/index.html,2026-06-23,2021,5.0,1200.0,Compact (<=1500cc),Nissan,Domestic
5579,トヨタ,シエンタ ハイブリッド 1.5 ファンベース G,154.6,145.2,"2020
(R02)","6.2
万km",1500CC,AT,Aichi,Hybrid,/usedcar/detail/AU7106145746/index.html,2026-06-23,2020,6.2,1500.0,Compact (<=1500cc),Toyota,Domestic
6703,ホンダ,N-BOX 660 G メモリーナビ バックカメラ 禁煙車 スマートキー ETC オートエアコン Bluetooth接続 CD/DVD再生 フルセグ,59.9,49.1,2017(H29),2.9万km,660CC,CVT,Niigata,Domestic,/usedcar/detail/AU6909957877/index.html,2026-06-24,2017,2.9,660.0,K-car (<=660cc),Honda,Domestic
6745,マツダ,CX-5 2.2 XD ディーゼルターボ SDナビ バックカメラ 衝突被害軽減システム ドラレコ スマートキー LEDヘッド ETC クルコン 純正17インチアルミ オートライト デュアルエアコン Bluetooth,59.9,46.2,"2014
(H26)","9.1
万km",2200CC,MT,Aichi,Domestic,/usedcar/detail/AU6980574931/index.html,2026-06-24,2014,9.1,2200.0,Large (2001-3000cc),Mazda,Domestic
6759,,ルノー トゥインゴ インテンス SDナビ バックソナー,59.9,41.9,"2018
(H30)","6
万km",900CC,MT,Niigata,Import,/usedcar/detail/AU7042403821/index.html,2026-06-24,2018,6.0,900.0,Compact (<=1500cc),Unknown,Import
6793,ジープ,レネゲード リミテッド 後期 黒革 純正ナビ バックカメラ ACC 前席パワーシート 前席シートヒーター ステアリングヒーター LEDヘッドライト デュアルオートエアコン 純正17インチAW 禁煙車,199.9,181.6,"2021
(R03)","5.4
万km",1300CC,MT,Osaka,Import,/usedcar/detail/AU7099965099/index.html,2026-06-24,2021,5.4,1300.0,Compact (<=1500cc),Jeep,Import
6840,ダイハツ,タフト 660 G 届出済未使用車/禁煙車/衝突被害軽減ブレーキ/オーディオレス/オートライト/オートエアコン 電子パーキング/コーナーセンサー/フルフラット/オートハイビーム/シートヒーター/電動格納ミラー,129.9,124.3,"2025
(R07)","11
km",660CC,CVT,Okayama,K-car,/usedcar/detail/AU6585405277/index.html,2026-06-24,2025,0.0011,660.0,K-car (<=660cc),Daihatsu,Domestic
6858,ホンダ,N-BOX 660 届出済未使用車 コンフォートパッケージ ホンダセンシング レーダークルーズ 両側パワスラ LEDヘッド オートライト シートヒーター オートエアコン スマートキー サンシェード シートリフター,161.8,152.0,"2026
(R08)","8
km",660CC,CVT,Shizuoka,K-car,/usedcar/detail/AU7104235607/index.html,2026-06-24,2026,0.0008,660.0,K-car (<=660cc),Honda,Domestic
6862,日産,デイズ 660 J 衝突軽減ブレーキ・バックカメラ・ETC・禁煙車・CDプレーヤー・キーレスキー・ベンチシート・ルームクリーニング!,34.5,24.8,"2017
(H29)","6.7
万km",660CC,CVT,Hyogo,K-car,/usedcar/detail/AU7099286657/index.html,2026-06-24,2017,6.7,660.0,K-car (<=660cc),Nissan,Domestic
6864,ホンダ,N-BOX 660 L 禁煙車 純正SDナビ バックカメラ コーナーセンサー アダプティブクルーズコントロール ビルトインETC シートヒーター ロールシェード オートライト オートエアコン Bluetooth CD,89.9,79.2,"2021
(R03)","7.2
万km",660CC,CVT,Aichi,K-car,/usedcar/detail/AU7071543314/index.html,2026-06-24,2021,7.2,660.0,K-car (<=660cc),Honda,Domestic
6867,ホンダ,N-BOX 660 電動スライドドア 純正8型ナビ バックカメラ 衝突被害軽減システム 禁煙車 コーナーセンサー LEDヘッド ビルトインETC オートハイビーム オートライト オートエアコン Bluetooth,134.9,127.1,"2024
(R06)","0.3
万km",660CC,CVT,Aichi,K-car,/usedcar/detail/AU6807654543/index.html,2026-06-24,2024,0.3,660.0,K-car (<=660cc),Honda,Domestic
6910,トヨタ,エスクァイア 1.8 ハイブリッド Gi 両側電動ドア 純正ナビ 後席モニター バックカメラ 禁煙 ハーフレザーシート LEDヘッド ビルトインETC クルコン 純正15インチアルミ オートライト オートエアコン Bluetooth CD,119.9,107.3,"2015
(H27)","11.1
万km",1800CC,CVT,Nagasaki,Hybrid,/usedcar/detail/AU7003142138/index.html,2026-06-24,2015,11.1,1800.0,Mid-size (1501-2000cc),Toyota,Domestic
6913,日産,セレナ 2.0 ハイウェイスター S-HYBRID Vセレクション 後席モニター 純正8型ナビ 両側電動スライド バックカメラ 禁煙車 ドラレコ HIDヘッド ETC クルコン 純正16インチアルミ オートライト オートエアコン Bluetooth CD DVD再生,54.9,42.5,"2013
(H25)","7.5
万km",2000CC,CVT,Aichi,Hybrid,/usedcar/detail/AU6789290827/index.html,2026-06-24,2013,7.5,2000.0,Mid-size (1501-2000cc),Nissan,Domestic
7448,トヨタ,アクア 1.5 L,108.0,95.0,"2021
(R03)","6.5
万km",1500CC,CVT,Miyazaki,Domestic,/usedcar/detail/AU7108735021/index.html,2026-06-24,2021,6.5,1500.0,Compact (<=1500cc),Toyota,Domestic
8291,トヨタ,コペン 660 GR スポーツ BBSアルミホイール/社外マフラー/ドライブレコーダー/純正ナビ/BluetoothAudio/ETC/地デジ/バックカメラ/LEDヘッドライト/オートライト/momoステアリング,123.9,119.8,"2021
(R03)","8.5
万km",660CC,MT,Nagano,K-car,/usedcar/detail/AU7101646814/index.html,2026-06-24,2021,8.5,660.0,K-car (<=660cc),Toyota,Domestic
11703,ホンダ,オデッセイ 2.4 アブソルート 4WD 純正ナビ 全方位カメラ 両側パワスラ LED,287.7,276.4,"2021
(R03)","6.5
万km",2400CC,MT,Hokkaido,Domestic,/usedcar/detail/AU6894126475/index.html,2026-06-24,2021,6.5,2400.0,Large (2001-3000cc),Honda,Domestic
12840,三菱,eKワゴン 660 M 届出済未使用車/禁煙車/オーディオレス/バックカメラ/バックカメラ/シートヒーター/衝突被害軽減ブレーキ/パーキングセンサー/オートライト/オートハイビーム/電動格納ミラー/キーレス,99.9,94.5,"2026
(R08)","4
km",660CC,CVT,Okayama,K-car,/usedcar/detail/AU6993556691/index.html,2026-06-24,2026,0.0004,660.0,K-car (<=660cc),Mitsubishi,Domestic
14379,トヨタ,ヤリス 1.5 X 4WD 禁煙車 バックカメラ 寒冷地仕様 セーフティセンス ディスプレイオーディオ レーダークルーズ ドラレコ コーナーセンサー ETC オートハイビーム オートライト Bluetooth スマートキー,132.0,115.8,"2024
(R06)","6.4
万km",1500CC,MT,Hokkaido,Domestic,/usedcar/detail/AU7107503832/index.html,2026-06-25,2024,6.4,1500.0,Compact (<=1500cc),Toyota,Domestic
14388,マツダ,MAZDA2 1.5 XD Lパッケージ ディーゼルターボ 禁煙車/i-アクティブセンス/ヘッドアップディスプレイ/BSM/全周囲カメラ/マツダコネクトナビ/フルセグTV/ハーフレザー/シートヒーター/ステアリングヒーター/パワーシート/パドルシフトスマートキー×2,109.8,103.2,"2020
(R02)","5.6
万km",1500CC,MT,Miyagi,Domestic,/usedcar/detail/AU7031478843/index.html,2026-06-25,2020,5.6,1500.0,Compact (<=1500cc),Mazda,Domestic
14420,ミニ,ミニ ヴィクトリア 5ドア DCT 特別仕様車 ユニオンジャックテールランプ HDDナビ Bカメラ Bluetooth接続 MINIコネクテッド LEDヘッドライト LEDフロントフォグ 純正15インチAW アイドリングストップ ボディ同色ルーフ,129.8,119.6,"2019
(H31)","5.8
万km",1500CC,MT,Chiba,Import,/usedcar/detail/AU7111360718/index.html,2026-06-25,2019,5.8,1500.0,Compact (<=1500cc),MINI,Import
14490,ダイハツ,タフト 660 X 届出済未使用車 衝突被害軽減ブレーキ コーナーセンサー スマートキー バックカメラ アイドリングストップ 電動格納ドアミラー オートエアコン LEDヘッドライト 横滑り防止機能 光軸調整機能,109.9,100.9,"2025
(R07)","6
km",660CC,CVT,Aichi,K-car,/usedcar/detail/AU6956740222/index.html,2026-06-25,2025,0.0006,660.0,K-car (<=660cc),Daihatsu,Domestic
14494,スズキ,ハスラー 660 A 禁煙車 ETC CD 盗難防止装置 プライバシーガラス ドアバイザー キーレス トラクションコントロール 衝突安全ボディ 横滑り防止装置,59.9,52.4,"2015
(H27)","7.7
万km",660CC,CVT,Ibaraki,K-car,/usedcar/detail/AU7040950464/index.html,2026-06-25,2015,7.7,660.0,K-car (<=660cc),Suzuki,Domestic
14507,ダイハツ,タフト 660 X 届出済未使用車 衝突被害軽減ブレーキ コーナーセンサー スマートキー バックカメラ アイドリングストップ 電動格納ドアミラー オートエアコン LEDヘッドライト 横滑り防止機能 光軸調整機能,109.9,100.9,"2025
(R07)","6
km",660CC,CVT,Aichi,K-car,/usedcar/detail/AU6956738813/index.html,2026-06-25,2025,0.0006,660.0,K-car (<=660cc),Daihatsu,Domestic
14520,スズキ,ワゴンR 660 25周年記念車 ハイブリッド FZリミテッド 4WD 衝突軽減 純正8型ナビ 全周囲カメラ シートヒーター 禁煙車 LEDヘッド ETC オートエアコン Bluetooth接続 フルセグ CD再生 HUD アイドリングストップ 電動格納ミラー,89.9,79.2,"2019
(R01)","5.2
万km",660CC,CVT,Niigata,K-car,/usedcar/detail/AU7066246104/index.html,2026-06-25,2019,5.2,660.0,K-car (<=660cc),Suzuki,Domestic
14546,日産,ノート 1.2 X コネクトナビゲーションシステム プロパイロット LEDヘッド&フォグ オートハイビーム エマージェンシーブレーキ オートエアコン ステアリングスイッチ スマートキー ETC ドラレコ,139.6,123.6,"2021
(R03)","2.7
万km",1200CC,AT,Shiga,Hybrid,/usedcar/detail/AU7071542925/index.html,2026-06-25,2021,2.7,1200.0,Compact (<=1500cc),Nissan,Domestic
14548,日産,ノート 1.2 X 衝突軽減B 純正9インチナビ Bluetooth対応 アラウンドビューモニター LEDヘッドライト フォグライト スマートキー プッシュスタート 電子パーキング デジタルルームミラー ブレーキホールド,143.9,130.8,"2021
(R03)","3.8
万km",1200CC,AT,Osaka,Hybrid,/usedcar/detail/AU6867495336/index.html,2026-06-25,2021,3.8,1200.0,Compact (<=1500cc),Nissan,Domestic
14565,トヨタ,プリウスα 1.8 S ツーリングセレクション 純正SDナビ フルセグTV/CD/DVD/Bluetooth バックカメラ ステアリングリモコン ビルドインETC 電動格納ミラー フォグライト ヘッドライトウォッシャー LEDヘッドライト,97.8,87.7,"2014
(H26)","5.9
万km",1800CC,CVT,Iwate,Hybrid,/usedcar/detail/AU7040949134/index.html,2026-06-25,2014,5.9,1800.0,Mid-size (1501-2000cc),Toyota,Domestic
14566,トヨタ,アクア 1.5 G バックカメラ・ワンオーナー・ETC・カーナビ・禁煙車・Bluetooth・フルセグTV・CD/DVD再生・キーレス・ベンチシート・ルームクリーニング!,39.5,24.8,"2013
(H25)","11.5
万km",1500CC,CVT,Hyogo,Hybrid,/usedcar/detail/AU7086544517/index.html,2026-06-25,2013,11.5,1500.0,Compact (<=1500cc),Toyota,Domestic
14568,日産,セレナ 2.0 ハイウェイスター S-HYBRID アドバンストセーフティ パッケージ 禁煙車 純正8型ナビ 後席モニター 両側電動スライドドア 全周囲カメラ 衝突軽減 LEDヘッドランプ コーナーセンサー クルーズコントロール ETC Bluetooth スマートキー ダブルエアコン,63.5,51.0,"2014
(H26)","7.9
万km",2000CC,CVT,Kanagawa,Hybrid,/usedcar/detail/AU6957647676/index.html,2026-06-25,2014,7.9,2000.0,Mid-size (1501-2000cc),Nissan,Domestic
14578,日産,ノート 1.2 X 衝突軽減B 純正9インチナビ TV Bluetooth対応 LEDヘッドライト スマートキー プッシュスタート 電子パーキング ステアリングスイッチ 電動格納ミラー オートエアコン,119.9,105.7,"2021
(R03)","5.2
万km",1200CC,AT,Kyoto,Hybrid,/usedcar/detail/AU6929073597/index.html,2026-06-25,2021,5.2,1200.0,Compact (<=1500cc),Nissan,Domestic
14579,トヨタ,アクア 1.5 X-URBAN 禁煙車 純正7インチナビ バックカメラ ハーフレザーシート ドラレコ スマートキー LEDヘッド ルーフモール ビルトインETC 純正16インチアルミ オートライト オートエアコン Bluetooth,89.6,74.2,"2015
(H27)","5.9
万km",1500CC,CVT,Fukuoka,Hybrid,/usedcar/detail/AU7102892555/index.html,2026-06-25,2015,5.9,1500.0,Compact (<=1500cc),Toyota,Domestic
14837,ホンダ,ヴェゼル 1.5 ハイブリッド X HDDナビ バックカメラ 衝突被害軽減システム 禁煙車 ドラレコ コーナーセンサー スマートキー LEDヘッド ETC クルコン 純正17インチアルミ オートハイビーム オートライト オートエアコン,99.6,87.6,"2014
(H26)","2.7
万km",1500CC,7AT,Ibaraki,Domestic,/usedcar/detail/AU7055256751/index.html,2026-06-25,2014,2.7,1500.0,Compact (<=1500cc),Honda,Domestic
14843,トヨタ,ヴィッツ 1.0 F 純正ナビ 禁煙車 ドラレコ ビルトインETC Bluetooth CD 地デジ 電動格納ミラー 盗難防止措置 衝突安全ボディー,49.6,38.1,"2015
(H27)","3.6
万km",1000CC,CVT,Ibaraki,Domestic,/usedcar/detail/AU7055108949/index.html,2026-06-25,2015,3.6,1000.0,Compact (<=1500cc),Toyota,Domestic
14983,スズキ,ハスラー 660 ハイブリッド G セーフティサポート 前後誤発進抑制機能 パーキングセンサー シートヒーター ハイビームアシスト/オートライト スマートキー オートエアコン 軽自動車,119.9,114.9,"2024
(R06)","1.1
万km",660CC,CVT,Aichi,K-car,/usedcar/detail/AU7108900235/index.html,2026-06-25,2024,1.1,660.0,K-car (<=660cc),Suzuki,Domestic
15055,日産,キックス 1.2 X (e-POWER) プロパイロット 衝突軽減装置 純正ディスプレイ バックカメラ シートヒーター ドライブレコーダー ETC LEDヘッド スマートキー オートエアコン 電動パーキング ステアリングスイッチ,148.7,131.7,"2021
(R03)","5.7
万km",1200CC,AT,Miyagi,Hybrid,/usedcar/detail/AU7008466546/index.html,2026-06-25,2021,5.7,1200.0,Compact (<=1500cc),Nissan,Domestic
15059,日産,エクストレイル 2.0 モード・プレミア ハイブリッド エマージェンシーブレーキパッケージ 4WD,89.5,77.7,"2015
(H27)","8.4
万km",2000CC,CVT,Niigata,Hybrid,/usedcar/detail/AU7028926207/index.html,2026-06-25,2015,8.4,2000.0,Mid-size (1501-2000cc),Nissan,Domestic
15899,メルセデス・ベンツ,Eクラス E400 4マチック エクスクルーシブ 4WD レーダーセーフティパッケージ 全周囲カメラ 黒革シート メモリ機能付きパワーシート シートヒーター ヘッドアップディスプレイ LEDヘッドランプ カープレイ 純正ナビTV Bluetooth ETC,224.3,208.6,"2018
(H30)","5.7
万km",3500CC,MT,Hokkaido,Import,/usedcar/detail/AU7104235643/index.html,2026-06-25,2018,5.7,3500.0,Luxury (3001cc+),Mercedes-Benz,Import
16886,日産,モコ 660 ドルチェ X 禁煙車 純正SDナビ スマートキー HIDヘッドライト 純正14インチアルミホイール オートライト オートエアコン Bluetooth接続 CD再生 DVD再生 地デジ,29.8,22.2,"2014
(H26)","8.2
万km",660CC,CVT,Saga,K-car,/usedcar/detail/AU6903110275/index.html,2026-06-25,2014,8.2,660.0,K-car (<=660cc),Nissan,Domestic
19798,スズキ,イグニス 1.2 ハイブリッド MF 衝突軽減 クルコン ドラレコ ETC 禁煙車 クルコン レーンアシスト LEDヘッド オートライト オートエアコン アイドリングストップ スマートキー 電動格納ミラー シートヒーター,132.6,121.2,"2020
(R02)","4.9
万km",1200CC,MT,Fukuoka,Hybrid,/usedcar/detail/AU7093779910/index.html,2026-06-25,2020,4.9,1200.0,Compact (<=1500cc),Suzuki,Domestic
21992,スズキ,ワゴンR 660 FX リミテッド レーダーブレーキサポート装着車 衝突軽減B 社外ナビ スマートキー プッシュスタート アイドリングストップ 電動格納ミラー オートエアコン 純正アルミホイール,19.9,12.2,"2014
(H26)","11.3
万km",660CC,CVT,Hyogo,Domestic,/usedcar/detail/AU7069760118/index.html,2026-06-26,2014,11.3,660.0,K-car (<=660cc),Suzuki,Domestic
21998,スズキ,スペーシア 660 カスタム ハイブリッド XSターボ メモリーナビ 全周囲カメラ 衝突軽減 HUD アダプティブクルーズ 両側電動ドア 禁煙 LEDヘッド&フォグ コーナーセンサー シートヒーター ハーフレザーシート 純正15インチAW ETC,105.8,97.4,"2021
(R03)","8.4
万km",660CC,MT,Ibaraki,Domestic,/usedcar/detail/AU7104414388/index.html,2026-06-26,2021,8.4,660.0,K-car (<=660cc),Suzuki,Domestic
22019,日産,ノート 1.2 S 社外ナビ ETC 全周囲カメラ スペアキー インテリジェントルームミラー コーナーセンサー LEDヘッドライト 電子パーキングブレーキ オートホールド オートハイビーム 衝突軽減ブレーキ,134.8,126.6,"2021
(R03)","4.9
万km",1200CC,AT,Ibaraki,Domestic,/usedcar/detail/AU7109230082/index.html,2026-06-26,2021,4.9,1200.0,Compact (<=1500cc),Nissan,Domestic
22022,マツダ,プレマシー 2.0 20C スカイアクティブ 後期 電動スライド SDナビ バックカメラ オートエアコン CD再生 地デジ アイドリングストップ 横滑り防止装置 電動格納ミラー シートリフター キーレス ヘッドライトレベライザー,49.5,36.7,"2016
(H28)","9.7
万km",2000CC,6AT,Fukushima,Domestic,/usedcar/detail/AU7048797675/index.html,2026-06-26,2016,9.7,2000.0,Mid-size (1501-2000cc),Mazda,Domestic
22023,日産,ノート 1.2 e-POWER メダリスト 純正SDナビ 全周囲カメラ 衝突被害軽減システム 禁煙車 ハーフレザーシート コーナーセンサー スマートキー LEDヘッド ETC 純正15インチアルミ オートハイビーム オートライト,109.5,97.2,"2019
(R01)","0.6
万km",1200CC,AT,Tochigi,Domestic,/usedcar/detail/AU7099965740/index.html,2026-06-26,2019,0.6,1200.0,Compact (<=1500cc),Nissan,Domestic
22036,スズキ,ハスラー 660 G 純正ナビ バックカメラ 衝突被害軽減システム 禁煙車 シートヒーター スマートキー ETC 誤発進抑制機能 オートエアコン Bluetooth 地デジ アイドリングストップ 横滑防止装置,49.9,39.2,"2015
(H27)","8.7
万km",660CC,CVT,Ibaraki,Domestic,/usedcar/detail/AU6988438963/index.html,2026-06-26,2015,8.7,660.0,K-car (<=660cc),Suzuki,Domestic
22038,日産,エクストレイル 2.0 20X エマージェンシーブレーキパッケージ 2列車 4WD 純正ナビ 全周囲カメラ 衝突被害軽減システム 禁煙車 電動リアゲート ドラレコ シートヒーター スマートキー LEDヘッド ルーフレール ETC クルコン パークアシスト クリアランスソナー,99.6,82.7,"2013
(H25)","5.1
万km",2000CC,CVT,Niigata,Domestic,/usedcar/detail/AU6921987067/index.html,2026-06-26,2013,5.1,2000.0,Mid-size (1501-2000cc),Nissan,Domestic
22043,ダイハツ,タント 660 L 禁煙車 純正SDナビ ETC アイドリングストップ 電動格納ミラー 地デジ プライバシ―ガラス セキュリティアラーム ドアバイザー Wエアバック,39.9,29.2,"2013
(H25)","2
万km",660CC,CVT,Osaka,Domestic,/usedcar/detail/AU7108734512/index.html,2026-06-26,2013,2.0,660.0,K-car (<=660cc),Daihatsu,Domestic
22049,日産,ルークス 660 X 純正9型SDナビ 全周囲カメラ 両側電動ドア 衝突被害軽減システム コーナーセンサー スマートキー ビルトインETC オートライト オートエアコン Bluetooth フルセグ,99.9,89.4,"2021
(R03)","4.3
万km",660CC,CVT,Tochigi,Domestic,/usedcar/detail/AU6957570063/index.html,2026-06-26,2021,4.3,660.0,K-car (<=660cc),Nissan,Domestic
22064,ジープ,チェロキー トレイルホーク 4WD アダプティブクルーズコントロールSTOP & GO機能付 車線逸脱警報プラス 前面衝突警報 ブラインドスポットモニター ParkSense縦列並列パークアシスト.8.4インチ純正メモリナビ ディスチャージヘッドライト,159.8,146.9,"2018
(H30)","5.2
万km",3200CC,MT,Shizuoka,Import,/usedcar/detail/AU7104235150/index.html,2026-06-26,2018,5.2,3200.0,Luxury (3001cc+),Jeep,Import
22141,スズキ,ワゴンR 660 スティングレー T 禁煙車 衝突軽減システム クルーズコントロール シートヒーター CDオーディオ アイドリングストップ オートエアコン HIDヘッドライト ステアリングリモコン スマートキー,49.9,39.2,"2015
(H27)","7.1
万km",660CC,CVT,Fukuoka,K-car,/usedcar/detail/AU7106160151/index.html,2026-06-26,2015,7.1,660.0,K-car (<=660cc),Suzuki,Domestic
22153,スズキ,ワゴンR 660 FA 衝突軽減B 社外ナビ Bluetooth対応 障害物センサー ヘッドライトレベライザー 電動格納ミラー,36.9,28.0,"2021
(R03)","9.9
万km",660CC,CVT,Kyoto,K-car,/usedcar/detail/AU6867497392/index.html,2026-06-26,2021,9.9,660.0,K-car (<=660cc),Suzuki,Domestic
22154,ホンダ,N-ONE 660 プレミアム 純正ナビ 衝突軽減装置 レーダークルーズ ドラレコ ETC LEDヘッド バックカメラ Bluetooth 電動パーキング オートエアコン スマートキー プッシュスタート オートライト,124.9,116.9,"2022
(R04)","2.3
万km",660CC,CVT,Aichi,K-car,/usedcar/detail/AU6991864217/index.html,2026-06-26,2022,2.3,660.0,K-car (<=660cc),Honda,Domestic
22157,ホンダ,N-ONE 660 ツアラー Aパッケージ 禁煙車 純正SDナビ バックカメラ ドラレコ スマートキー HIDヘッド ETC クルコン 純正14インチアルミ オートライト オートエアコン Bluetooth CD DVD再生 地デジ,49.8,42.0,"2014
(H26)","8.3
万km",660CC,CVT,Chiba,K-car,/usedcar/detail/AU7070323176/index.html,2026-06-26,2014,8.3,660.0,K-car (<=660cc),Honda,Domestic
22168,ホンダ,N-BOX 660 届出済未使用車 電動スライドドア 衝突軽減装置 レーダークルーズ レーンキープ クリアランスソナー LEDヘッド オートマチックハイビーム オートライト シートヒーター オートエアコン,159.9,150.2,"2026
(R08)","45
km",660CC,CVT,Chiba,K-car,/usedcar/detail/AU7106158922/index.html,2026-06-26,2026,0.0045,660.0,K-car (<=660cc),Honda,Domestic
22203,トヨタ,アクア 1.5 S 純正ナビ バックカメラ 衝突軽減 禁煙 ETC スマートキー オートハイビーム 車線逸脱警報 オートエアコン Bluetooth接続 CD再生 地デジ 電動格納ミラー シートリフター,77.6,65.8,"2016
(H28)","4.5
万km",1500CC,CVT,Ibaraki,Hybrid,/usedcar/detail/AU7087686181/index.html,2026-06-26,2016,4.5,1500.0,Compact (<=1500cc),Toyota,Domestic
22217,トヨタ,プリウス 2.0 G 純正10型ディスプレイ バックカメラ 100V電源 衝突軽減 レーダークルーズ 禁煙車 ドラレコ コーナーセンサー スマートキー LEDヘッド ETC2.0 純正19インチアルミ オートハイビーム,269.6,252.8,"2023
(R05)","1.4
万km",2000CC,CVT,Kanagawa,Hybrid,/usedcar/detail/AU7019035577/index.html,2026-06-26,2023,1.4,2000.0,Mid-size (1501-2000cc),Toyota,Domestic
22717,トヨタ,ルーミー 1.0 カスタム G 純正9型ナビ(ワンセグ CD BT) 両側パワースライドドア コーナーセンサー バックカメラ シートヒーター 前側ドライブレコーダー トヨタセーフティーセンス クルーズコントロール,110.8,102.0,"2021
(R03)","6.2
万km",1000CC,CVT,Fukuoka,Domestic,/usedcar/detail/AU7113873066/index.html,2026-06-26,2021,6.2,1000.0,Compact (<=1500cc),Toyota,Domestic
22761,トヨタ,ルーミー 1.0 カスタム G S 純正9型ナビ バックカメラ 衝突被害軽減システム 禁煙車 スマートキー LEDヘッド ビルトインETC クルコン 純正15インチアルミ オートライト オートエアコン Bluetooth CD,62.9,52.0,"2017
(H29)","11.2
万km",1000CC,CVT,Osaka,Domestic,/usedcar/detail/AU7028927620/index.html,2026-06-26,2017,11.2,1000.0,Compact (<=1500cc),Toyota,Domestic
22767,日産,フェアレディZ 3.7 社外F&Rバンパー/社外LEDヘッドライト/柿本マフラー/タナベ車高調/5ZIGEN18AW/パドルシフト/スマートキー/ETC/横滑り防止装置/純正ナビ/Bluetooth/バックカメラ/地デジ,223.0,208.8,"2014
(H26)","1.9
万km",3700CC,MT,Saitama,Domestic,/usedcar/detail/AU7114009416/index.html,2026-06-26,2014,1.9,3700.0,Luxury (3001cc+),Nissan,Domestic
22885,スズキ,スペーシア 660 ハイブリッド G スズキセーフティサポート 両側スライドドア スマートキー プッシュスタート アイドリングストップ 障害物センサー 電動格納ミラー オートエアコン,109.9,100.9,"2023
(R05)","1.6
万km",660CC,CVT,Osaka,K-car,/usedcar/detail/AU7074293938/index.html,2026-06-26,2023,1.6,660.0,K-car (<=660cc),Suzuki,Domestic
22942,日産,ノートオーラ 1.2 G 衝突軽減B 純正9インチナビ TV Bluetooth対応 アラウンドビューモニター ETC 電子パーキング 革巻きステアリング ブラインドスポットモニター LEDヘッドライト スマートキー 純正アルミホイール,169.9,156.8,"2022
(R04)","0.4
万km",1200CC,AT,Fukui,Hybrid,/usedcar/detail/AU6865793204/index.html,2026-06-26,2022,0.4,1200.0,Compact (<=1500cc),Nissan,Domestic
28630,スズキ,エブリイ 660 Jリミテッド ハイルーフ 禁煙車/ハイルーフ/ワンオーナー/純正ディスプレイオーディオ/Bluetooth/両側パワースライドドア/ドラレコ/バックカメラ/シートヒーター/安全装備/AUTOライト/ロッドホルダー/リアスポイラー/純スチール積載,173.8,169.8,"2025
(R07)","0.8
万km",660CC,CVT,Mie,K-car,/usedcar/detail/AU7104085039/index.html,2026-06-26,2025,0.8,660.0,K-car (<=660cc),Suzuki,Domestic
28744,ダイハツ,ミライース 660 X リミテッド SA 禁煙車/7インチナビ/ワンセグテレビ/ETC/デジタルインナーミラー/ドライブレコーダー/フロアマット/ハロゲンヘッドライト/リモコンキー/電動格納ドアミラー/ドアバイザー/14インチ純正AW,28.8,25.4,"2015
(H27)","6.2
万km",660CC,CVT,Nagano,Domestic,/usedcar/detail/AU7112647946/index.html,2026-06-26,2015,6.2,660.0,K-car (<=660cc),Daihatsu,Domestic
32785,トヨタ,カローラフィールダー 1.5 ハイブリッド EX バックカメラワンセグテレビETC,161.7,152.0,"2023
(R05)","4.8
万km",1500CC,CVT,Aichi,Domestic,/usedcar/detail/AU7090863161/index.html,2026-06-26,2023,4.8,1500.0,Compact (<=1500cc),Toyota,Domestic
34894,ホンダ,N-BOX カスタム 660 ターボ 届出済未使用車 ターボ 両側パワースライドドア ホンダセンシング アダプティブクルーズコントロール 前席シートヒーター パドルシフト 電動パーキングブレーキ&オートブレーキホールド LEDヘッドライト,179.9,170.2,"2026
(R08)","10
km",660CC,CVT,Osaka,Domestic,/usedcar/detail/AU7111836773/index.html,2026-06-27,2026,0.001,660.0,K-car (<=660cc),Honda,Domestic
34902,マツダ,デミオ 1.3 13S ツーリング 純正ナビ バックカメラ レーダークルーズコントロール BSM 衝突被害軽減システム LDA アイドリングストップ コーナーセンサー ETC HUD シートヒーター ステアリングスイッチ LEDヘッド,104.4,97.9,"2017
(H29)","2.9
万km",1300CC,MT,Fukuoka,Domestic,/usedcar/detail/AU7115997451/index.html,2026-06-27,2017,2.9,1300.0,Compact (<=1500cc),Mazda,Domestic
34904,スバル,レガシィB4 2.5 リミテッド 4WD 純正ダイアトーンナビ・Bカメラ・本州仕入・シート&ステアリングヒーター・アイサイト・電動シート・LEDヘッドライト・LEDライナー・フロントフォグランプ・障害物センサー・ドラレコ・Bluetooth・ETC,184.7,169.8,"2018
(H30)","3.3
万km",2500CC,MT,Hokkaido,Domestic,/usedcar/detail/AU6964810695/index.html,2026-06-27,2018,3.3,2500.0,Large (2001-3000cc),Subaru,Domestic
34909,マツダ,CX-5 2.5 25S Lパッケージ 4WD ブラインドスポットモニター 純正ナビ バックカメラ 衝突被害軽減 レーダークルーズ 禁煙車 レザーシート ドラレコ コーナーセンサー スマートキー LEDヘッド ビルトインETC 純正19インチアルミ,129.9,117.3,"2016
(H28)","5.3
万km",2500CC,MT,Hokkaido,Domestic,/usedcar/detail/AU7069956662/index.html,2026-06-27,2016,5.3,2500.0,Large (2001-3000cc),Mazda,Domestic
34921,マツダ,アテンザ 2.0 20S マツダコネクト バックカメラ クルーズ,144.9,127.9,"2018
(H30)","3.2
万km",2000CC,MT,Osaka,Domestic,/usedcar/detail/AU7111183885/index.html,2026-06-27,2018,3.2,2000.0,Mid-size (1501-2000cc),Mazda,Domestic
34924,トヨタ,アルファード 3.5 GF 4WD 4WD 革シート パワーバックドア 後席モニター ナビ&TV 両側電動スライド メモリーナビ フルセグ ドラレコ DVD再生 ミュージックプレイヤー接続可 衝突被害軽減システム ETC 3列シート,281.9,266.2,"2017
(H29)","6.4
万km",3500CC,6AT,Gifu,Domestic,/usedcar/detail/AU7065078482/index.html,2026-06-27,2017,6.4,3500.0,Luxury (3001cc+),Toyota,Domestic
34944,スバル,XV 2.0i-S アイサイト 4WD 黒革シート シートヒーター アドバンストセイフティパッケージ リアビークル 純正8型SDナビ バックカメラ ETC ドライブレコーダー 禁煙車 パワーシート 純正革巻きステアリング パドルシフト,132.9,120.4,"2018
(H30)","8.4
万km",2000CC,MT,Osaka,Domestic,/usedcar/detail/AU7040949796/index.html,2026-06-27,2018,8.4,2000.0,Mid-size (1501-2000cc),Subaru,Domestic
34948,マツダ,デミオ 1.3 13S 純正SDナビ 禁煙車 スマートキー ETC,59.5,48.2,"2015
(H27)","9.4
万km",1300CC,MT,Shizuoka,Domestic,/usedcar/detail/AU7097581449/index.html,2026-06-27,2015,9.4,1300.0,Compact (<=1500cc),Mazda,Domestic
34950,スズキ,ハスラー 660 Gターボ 車両品質評価書付・オーディオ・衝突軽減ブレーキ・オーディオ・ビルトインETC・プッシュスタート・シートヒーター・横滑り防止装置・プッシュスタート・オートライト・オートエアコン・FM・AM・スマートキー,39.7,29.8,"2015
(H27)","11.3
万km",660CC,CVT,Wakayama,Domestic,/usedcar/detail/AU7052614411/index.html,2026-06-27,2015,11.3,660.0,K-car (<=660cc),Suzuki,Domestic
34951,ミニ,ミニ ジョン・クーパー・ワークス E 3ドア 認定中古車・純正ナビ・バックカメラ・アップルカープレイ搭載・シートヒーター衝突軽減ブレーキ・電動シート・アダクティブクルーズコントロール・ヘッドアップディスプレイ,431.7,418.0,"2025
(R07)","0.1
万km",,AT,Aichi,Import,/usedcar/detail/AU7077068297/index.html,2026-06-27,2025,0.1,,Luxury (3001cc+),MINI,Import
34961,ジープ,コンパス リミテッド 4WD パワーバックドア 前席シートヒーター 純正18インチアルミ HIDヘッド ハーフレザー クルーズコントロール ブラインドスポットモニター バックカメラ 運転席パワーシート bluetooth,179.4,165.3,"2020
(R02)","6.4
万km",2400CC,MT,Osaka,Import,/usedcar/detail/AU7101647619/index.html,2026-06-27,2020,6.4,2400.0,Large (2001-3000cc),Jeep,Import
34968,ジープ,コンパス リミテッド 4WD 後期型LEDライト全周囲カメラ革Pシ-トナビ AppleCarPlay Bluetooth アダプティブクル-ズコントロ-ル ステアリングヒ-タ- シ-トヒ-タ- 盗難防止装置 レ-ンキ-プアシスト Fカメラ Sカメラ Bカメラ ETC 認定中古車保証,274.7,254.7,"2023
(R05)","6.7
万km",2400CC,MT,Osaka,Import,/usedcar/detail/AU7040009916/index.html,2026-06-27,2023,6.7,2400.0,Large (2001-3000cc),Jeep,Import
34970,,ＢＭＷ 2シリーズアクティブツアラー 225xe ラグジュアリー 4WD ドライビングアシストプラスACC HUD インテリジェントセーフティ ブラックダコタレザー PWシート シートヒーター iDrive6ナビ バックカメラ PDC LEDヘッドライト コンフォートアクセス PWバックドア ミラーETC,179.8,171.6,"2019
(R01)","1.3
万km",1500CC,MT,Nagano,Import,/usedcar/detail/AU7082718721/index.html,2026-06-27,2019,1.3,1500.0,Compact (<=1500cc),Unknown,Import
34977,フィアット,500X コンフォート ApppleCarPlay レーダークルーズコントロール バックカメラ 前席シートヒーター 前後クリアランスソナー ブラインドスポットアシスト デュアルオートエアコン 禁煙,175.9,162.4,"2022
(R04)","2.1
万km",1300CC,6AT,Aichi,Import,/usedcar/detail/AU7117232723/index.html,2026-06-27,2022,2.1,1300.0,Compact (<=1500cc),Fiat,Import
34980,アウディ,A4アバント 35 TFSI Sライン ブラックスタイリング 黒ハーフ革シート(前後席ヒーター・運転席メモリー付) 19インチアルミ ステアリングヒーター マトリクスLEDライト 全周囲カメラ レーダークルコン サイドアシスト レーンキープ ナビ,375.5,358.0,"2023
(R05)","1.6
万km",2000CC,MT,Aichi,Import,/usedcar/detail/AU7026191767/index.html,2026-06-27,2023,1.6,2000.0,Mid-size (1501-2000cc),Audi,Import
34988,,ルノー トゥインゴ ゼン 5MT　パナソニックSDナビ　地デジ　リアビューカメラ　クルーズコントロール　Bluetooth　フォグランプ　ETC,96.9,80.0,"2017
(H29)","4.3
万km",1000CC,5MT,Chiba,Import,/usedcar/detail/AU7099966735/index.html,2026-06-27,2017,4.3,1000.0,Compact (<=1500cc),Unknown,Import
34992,アウディ,A6アバント 55 TFSI クワトロ Sライン 4WD ドライビングPKG リアコンフォートPKG LED パワーアシストPKG アシスタンスPKG Bang&Olufsen3Dサウンドシステム ダイナミックオールホイールステア ダンピングコントロール オプション21インチアルミホイール,364.8,355.9,"2020
(R02)","5.6
万km",3000CC,MT,Mie,Import,/usedcar/detail/AU7088565082/index.html,2026-06-27,2020,5.6,3000.0,Large (2001-3000cc),Audi,Import
34995,アウディ,A7スポーツバック 40 TDI クワトロ Sラインパッケージ ディーゼルターボ 4WD テクノロジーPKG B&O HDマトリクスLED 純正OP20AW パークアシストPKG バルコナレザー 4ゾーンエアコン ACC レーンアシスト サイドアシスト ドライブセレクト スマホ連携,549.6,528.9,"2023
(R05)","2.5
万km",2000CC,MT,Kanagawa,Import,/usedcar/detail/AU7093618620/index.html,2026-06-27,2023,2.5,2000.0,Mid-size (1501-2000cc),Audi,Import
34997,,アルファ　ロメオ ジュリエッタ ヴェローチェ 社外ナビ　社外フルセグTV　CD　DVD　クリアランスソナー　赤革シート　シートヒーター(D/N)　パワーシート(D/N)　オートライト　レインセンサー　純正18インチAW　ESC　EBD　ETC,189.8,179.7,"2021
(R03)","4.8
万km",1700CC,MT,Okayama,Import,/usedcar/detail/AU6985027593/index.html,2026-06-27,2021,4.8,1700.0,Mid-size (1501-2000cc),Unknown,Import
35001,ミニ,ミニクラブマン クーパー S オール4 4WD レザーパッケージ・サテライトグレーレザー・電動シート・フルタイム4WD・アクティブクルーズコントロール・純HDDナビ・後期モデル・LEDヘッドライト・シートヒーター・ブレーキ軽減・ホワイトルーフ・バックカメラ,324.0,306.0,"2020
(R02)","2.3
万km",2000CC,MT,Osaka,Import,/usedcar/detail/AU7114010273/index.html,2026-06-27,2020,2.3,2000.0,Mid-size (1501-2000cc),MINI,Import
35003,アウディ,Q3 35 TFSI アドバンスト 黒革シート(前席電動・ヒーター付き) LEDヘッドライト 電動リヤゲート 前後軽減ブレーキ レーダークルコン 18インチアルミ 全周囲カメラ スマホインターフェース ワイヤレスチャージ プライバシーガラス,398.8,387.0,"2025
(R07)","0.2
万km",1500CC,MT,Aichi,Import,/usedcar/detail/AU7101473502/index.html,2026-06-27,2025,0.2,1500.0,Compact (<=1500cc),Audi,Import
35004,,ルノー メガーヌ ルノー・スポール トロフィー EDC AppleCarPlay　バックカメラ　アダプティブクルーズコントロール　RECARO製バケットシート　BOSEサウンドシステム　LEDヘッドランプ　スマートキー　シャシーカップ　ETC車載器　禁煙車,414.6,396.0,"2023
(R05)","1.3
万km",1800CC,6AT,Aichi,Import,/usedcar/detail/AU7101645880/index.html,2026-06-27,2023,1.3,1800.0,Mid-size (1501-2000cc),Unknown,Import
35006,フィアット,500(チンクエチェント) 1.2 カルト 1オーナー クルーズコントロール AppleCarPlay シティモード パドルシフト Bluetooth ボディ同色ドアミラー マルチファンクションディスプレイ 一体可倒式リアシート 禁煙車,148.9,132.0,"2021
(R03)","2.6
万km",1200CC,MT,Chiba,Import,/usedcar/detail/AU6961403587/index.html,2026-06-27,2021,2.6,1200.0,Compact (<=1500cc),Fiat,Import
35007,BMW,ＢＭＷ 7シリーズ 750Li Mスポーツ BMW正規ディーラー/認定中古車/1年・走行距離無制限保証付き/リヤコンフォートPKGプラス/パノラマサンルーフ/ヘッドアップディスプレイ/シートマッサージ/ソフトクローズ/後部座席純正モニター/前車追従機能,382.8,368.0,"2017
(H29)","3.5
万km",4400CC,MT,Tokyo,Import,/usedcar/detail/AU7039360156/index.html,2026-06-27,2017,3.5,4400.0,Luxury (3001cc+),BMW,Import
35008,,ＢＭＷ 8シリーズグランクーペ 840i Mスポーツ BMW正規認定中古車,551.2,538.0,"2021
(R03)","5.1
万km",3000CC,8AT,Kumamoto,Import,/usedcar/detail/AU7056161388/index.html,2026-06-27,2021,5.1,3000.0,Large (2001-3000cc),Unknown,Import
35027,ホンダ,N-BOX 660 G EX ホンダセンシング 電動スライドドア ナビ バックカメラ 衝突被害軽減システム レーダークルーズ 禁煙車 ドラレコ コーナーセンサー スマートキー LEDヘッド ビルトインETC オートライト オートエアコン,69.8,61.6,"2019
(R01)","9.5
万km",660CC,CVT,Hiroshima,K-car,/usedcar/detail/AU7086197395/index.html,2026-06-27,2019,9.5,660.0,K-car (<=660cc),Honda,Domestic
35035,ダイハツ,ミライース 660 X リミテッド SAIII 禁煙/[走行2.1万km]/衝突軽減/純正フルセグナビ&バックカメラ&Bluetooth/エコアイドル/ETC付/コーナーセンサー/LEDヘッドライト&オートライト&オートハイビーム/リアスポイラー/USBソケット,63.6,56.1,"2019
(R01)","2.1
万km",660CC,CVT,Miyagi,K-car,/usedcar/detail/AU6982102576/index.html,2026-06-27,2019,2.1,660.0,K-car (<=660cc),Daihatsu,Domestic
35040,スズキ,ハスラー 660 ハイブリッド G 4WD 禁煙車 スズキセーフティーサポート 4WD シートヒーター アダプティブクルーズコントロール LEDライト シートリフター チルトステアリング スマートキー オートライト アームレスト オートエアコン,119.9,111.9,"2024
(R06)","2.7
万km",660CC,CVT,Yamagata,K-car,/usedcar/detail/AU6398602080/index.html,2026-06-27,2024,2.7,660.0,K-car (<=660cc),Suzuki,Domestic
35051,ホンダ,N-BOX 660 届出済未使用車 ホンダセンシング アダプティブクルーズコントロール パワースライドドア 前席シートヒーター 電動パーキングブレーキ&オートブレーキホールド LEDヘッドライト オートエアコン,148.9,139.2,"2026
(R08)","10
km",660CC,CVT,Osaka,K-car,/usedcar/detail/AU7111680342/index.html,2026-06-27,2026,0.001,660.0,K-car (<=660cc),Honda,Domestic
35052,ダイハツ,コペン ローブ 660 純正SDナビ Bluetooth シートヒーター 禁煙車 スマートキー LEDヘッド ETC 純正16インチアルミ オートライト オートエアコン CD DVD再生 地デジ アイドリングストップ,93.9,85.4,"2014
(H26)","9.8
万km",660CC,MT,Shizuoka,K-car,/usedcar/detail/AU7064131523/index.html,2026-06-27,2014,9.8,660.0,K-car (<=660cc),Daihatsu,Domestic
35055,日産,デイズ 660 X 衝突軽減 純正ナビ 全周囲カメラ ETC オートエアコン CD/DVD再生 スマートキー 盗難防止装置 電動格納ミラー アイドリングストップ 横滑り防止装置 プライバシーガラス,39.9,32.6,"2015
(H27)","4.4
万km",660CC,CVT,Niigata,K-car,/usedcar/detail/AU6976465371/index.html,2026-06-27,2015,4.4,660.0,K-car (<=660cc),Nissan,Domestic
35056,ホンダ,S660 660 アルファ バックカメラ 衝突被害軽減システム 禁煙車 ハーフレザーシート スマートキー LEDヘッド ETC クルコン 純正15インチアルミ オートライト オートエアコン,149.9,141.9,"2016
(H28)","7.1
万km",660CC,CVT,Aichi,K-car,/usedcar/detail/AU6994507277/index.html,2026-06-27,2016,7.1,660.0,K-car (<=660cc),Honda,Domestic
35058,スズキ,ハスラー 660 ハイブリッド X 1オーナー 純正メーカー9型ナビ 全方位カメラ シートヒーター ETC2.0 ドラレコ スマートキー 純正マット LEDライト オートライト デュアルカメラサポート 車線逸脱警報 バックセンサー,99.9,96.6,"2020
(R02)","6.1
万km",660CC,CVT,Ibaraki,K-car,/usedcar/detail/AU7101993472/index.html,2026-06-27,2020,6.1,660.0,K-car (<=660cc),Suzuki,Domestic
35059,日産,デイズ 660 ハイウェイスターX Vセレクション +SafetyII 純正ナビ 禁煙車 アラウンドビューモニター 衝突被害軽減ブレーキ ドライブレコーダー スマートキー オートエアコン CD再生 TV ハーフレザーシート アイドリングストップ,52.9,42.3,"2015
(H27)","4
万km",660CC,CVT,Aichi,K-car,/usedcar/detail/AU7055050911/index.html,2026-06-27,2015,4.0,660.0,K-car (<=660cc),Nissan,Domestic
35060,ホンダ,N-WGN カスタム 660 L ホンダ センシング 純正SDナビ バックカメラ 衝突被害軽減システム 禁煙車 シートヒーター スマートキー LEDヘッド ビルトインETC 純正14インチアルミ オートハイビーム オートライト オートエアコン,99.8,91.9,"2020
(R02)","3.1
万km",660CC,CVT,Tochigi,K-car,/usedcar/detail/AU6947334913/index.html,2026-06-27,2020,3.1,660.0,K-car (<=660cc),Honda,Domestic
35063,ホンダ,N-BOX カスタム 660 届出済未使用車 電動スライドドア バックカメラ 衝突被害軽減システム レーダークルーズ コーナーセンサー スマートキー LEDヘッド 純正14インチアルミ オートハイビーム 車線逸脱警報,169.9,160.2,"2026
(R08)","10
km",660CC,CVT,Tochigi,K-car,/usedcar/detail/AU7057814892/index.html,2026-06-27,2026,0.001,660.0,K-car (<=660cc),Honda,Domestic
35068,トヨタ,ピクシスジョイ C 660 X 純正SDナビ 禁煙車 スマートキー オ,59.7,52.5,"2019
(R01)","7.8
万km",660CC,CVT,Saitama,K-car,/usedcar/detail/AU6927767195/index.html,2026-06-27,2019,7.8,660.0,K-car (<=660cc),Toyota,Domestic
35100,ホンダ,シャトル 1.5 ハイブリッド X スタイルエディション 純正8型ナビ フルセグ LEDヘッド 15インチAW バックカメラ オートエアコン ETC スマートキー クルーズコントロール 電動格納ミラー,69.9,58.3,"2016
(H28)","10.4
万km",1500CC,7AT,Miyazaki,Hybrid,/usedcar/detail/AU7045243822/index.html,2026-06-27,2016,10.4,1500.0,Compact (<=1500cc),Honda,Domestic
35109,日産,セレナ 2.0 ハイウェイスター S-HYBRID アドバンストセーフティ パッケージ 両側電動ドア エアロ 純正SDナビ 全周囲カメラ 衝突被害軽減システム 禁煙車 ドラレコ コーナーセンサー スマートキー LEDヘッド ビルトインETC クルコン 車線逸脱警報 オートライト,53.9,41.6,"2014
(H26)","12.6
万km",2000CC,CVT,Osaka,Hybrid,/usedcar/detail/AU7107505100/index.html,2026-06-27,2014,12.6,2000.0,Mid-size (1501-2000cc),Nissan,Domestic
35114,トヨタ,プリウスPHV 1.8 A 禁煙 純正ナビ トヨタセーフティセンス レーダークルーズコントロール バックカメラ パワーシート スマートキー LEDヘッドライト ドライブレコーダー クリアランスソナー,169.9,152.0,"2019
(R01)","6.8
万km",1800CC,CVT,Miyazaki,Hybrid,/usedcar/detail/AU6782782068/index.html,2026-06-27,2019,6.8,1800.0,Mid-size (1501-2000cc),Toyota,Domestic
35117,日産,セレナ 1.2 e-POWER ハイウェイスター V 純正10インチナビ 禁煙車 両側電動ドア エマージェンシーブレーキ プロパイロット インテリジェントルームミラー アラウンドビューモニター LEDヘッドライト フルセグ Bluetooth,219.7,202.6,"2021
(R03)","3.9
万km",1200CC,AT,Osaka,Hybrid,/usedcar/detail/AU6918749970/index.html,2026-06-27,2021,3.9,1200.0,Compact (<=1500cc),Nissan,Domestic
35118,トヨタ,アクア 1.5 S 純正メモリナビ スマートキー スペアキー1本 バックカメラ 前後コーナーセンサー オートマチックハイビーム ビルトインETC プリクラッシュセーフティシステム レーンディパーチャーアラート,105.8,99.1,"2018
(H30)","1.9
万km",1500CC,CVT,Kanagawa,Hybrid,/usedcar/detail/AU6895538618/index.html,2026-06-27,2018,1.9,1500.0,Compact (<=1500cc),Toyota,Domestic
35123,トヨタ,アクア 1.5 Z 純正10.5型ナビ 全周囲カメラ 衝突軽減装置 ETC LEDヘッド Bluetooth シートリフター オートエアコン 電動格納ドアミラー プライバシーガラス 純正15インチアルミホイール,251.9,239.7,"2025
(R07)","1.6
万km",1500CC,CVT,Aichi,Hybrid,/usedcar/detail/AU7057986631/index.html,2026-06-27,2025,1.6,1500.0,Compact (<=1500cc),Toyota,Domestic
35124,トヨタ,プリウス 1.8 A E-Four 4WD 衝突被害軽減ブレーキ・メモリーナビ付き,180.9,170.0,"2021
(R03)","7.9
万km",1800CC,CVT,Hokkaido,Hybrid,/usedcar/detail/AU7115272878/index.html,2026-06-27,2021,7.9,1800.0,Mid-size (1501-2000cc),Toyota,Domestic
35125,スズキ,クロスビー 1.0 ハイブリッド MZ SDナビ 全周囲カメラ 衝突被害軽減システム 禁煙車 ドラレコ コーナーセンサー スマートキー LEDヘッド ビルトインETC クルコン 純正16インチアルミ オートハイビーム 車線逸脱警報,109.9,98.2,"2018
(H30)","7.1
万km",1000CC,MT,Aichi,Hybrid,/usedcar/detail/AU7054963309/index.html,2026-06-27,2018,7.1,1000.0,Compact (<=1500cc),Suzuki,Domestic
35127,日産,ノートオーラ 1.2 G FOUR 4WD 純正8インチナビ 全方位カメラ プロパイロット ドライブレコーダー 革巻きステアリング ステアリングスイッチ ステアリングヒーター 前席シートヒーター エンジンスターター 純正17インチアルミホイール,195.8,189.8,"2024
(R06)","6
万km",1200CC,AT,Iwate,Hybrid,/usedcar/detail/AU7008466510/index.html,2026-06-27,2024,6.0,1200.0,Compact (<=1500cc),Nissan,Domestic
36137,マツダ,デミオ 1.5 XD ディーゼルターボ 修理なし 純正ナビ フルセグ Bluetooth 衝突軽減ブレーキ クルーズコントロール バックカメラ スマートキー プッシュスタート アイドリングストップ LEDヘッドライト オートエアコン 整備保証付,69.9,59.9,"2016
(H28)","5.3
万km",1500CC,6AT,Chiba,Domestic,/usedcar/detail/AU7098937507/index.html,2026-06-27,2016,5.3,1500.0,Compact (<=1500cc),Mazda,Domestic
36210,メルセデス・ベンツ,Gクラス G580 ウィズ EQ テクノロジー エディション1 4WD G-TURN ガラススライディングルーフ,1757.5,1738.0,"2025
(R07)","0.3
万km",,AT,Kanagawa,Import,/usedcar/detail/AU7104083527/index.html,2026-06-27,2025,0.3,,Luxury (3001cc+),Mercedes-Benz,Import
39237,スバル,インプレッサG4 1.6 i-L アイサイト 純正8インチナビ バックカメラ ETC ブラックレザーシート シートヒーター パワーシート レーダークルーズコントロール 衝突軽減ブレーキ レーンキープアシスト ブラインドスポットモニター LEDヘッドライト,106.9,96.8,"2017
(H29)","4.2
万km",1600CC,MT,Nara,Domestic,/usedcar/detail/AU7093452392/index.html,2026-06-27,2017,4.2,1600.0,Mid-size (1501-2000cc),Subaru,Domestic
42336,スバル,インプレッサスポーツ 1.6 i-L アイサイト プラウド エディション 4WD ワンオーナー・純正ナビ・バックカメラ,55.8,48.7,"2016
(H28)","8.2
万km",1600CC,MT,Hokkaido,Domestic,/usedcar/detail/AU7113873152/index.html,2026-06-27,2016,8.2,1600.0,Mid-size (1501-2000cc),Subaru,Domestic
43348,ダイハツ,ミラココア 660 L 衝突被害軽減システム 禁煙車 コーナーセンサー CD,62.9,55.1,"2016
(H28)","2.2
万km",660CC,CVT,Mie,Domestic,/usedcar/detail/AU7114211193/index.html,2026-06-27,2016,2.2,660.0,K-car (<=660cc),Daihatsu,Domestic
43410,ミニ,ミニ クーパーSD 5ドア LED PKG ナビゲーションPKG コンフォートアクセス ルーフスポイラー 純正ナビ バックカメラ ミラーETC リアPDC 純正17インチAW オートライト 横滑り防止装置 USB Bluetooth スマートキー プッシュスタート,130.8,123.1,"2018
(H30)","5.1
万km",2000CC,MT,Nagano,Import,/usedcar/detail/AU7070167817/index.html,2026-06-27,2018,5.1,2000.0,Mid-size (1501-2000cc),MINI,Import
43529,アウディ,TT クーペ 1.8 TFSI バーチャルコクピットMMIナビゲーションBluetoothバックカメラアドバンスドキーリヤ電動スポイラーリヤガラスフィルム施工HIDヘッドライトパークディスタンスAUDIドライブセレクトDSRCETC,169.8,162.3,"2016
(H28)","5.9
万km",1800CC,MT,Shizuoka,Import,/usedcar/detail/AU7066975717/index.html,2026-06-27,2016,5.9,1800.0,Mid-size (1501-2000cc),Audi,Import
43530,,ＢＭＷ 7シリーズ 740d xドライブ Mスポーツ ディーゼルターボ 4WD サンルーフ 白革シート シートベンチレーション Harman/Kardon 衝突軽減ブレーキ アダプティブクルーズコントロール ブラインドスポットモニター レーンキープアシスト 純正ナビ フルセグTV,313.8,304.9,"2017
(H29)","5.2
万km",3000CC,MT,Tochigi,Import,/usedcar/detail/AU7065081713/index.html,2026-06-27,2017,5.2,3000.0,Large (2001-3000cc),Unknown,Import
43580,ダイハツ,タント 660 X スペシャル 社外ナビ スマートアシスト AEB LDW AHB 衝突警報 衝突回避支援ブレーキ 誤発進抑制機能 車線逸脱警報 先行車発進告知機能 標識認識 AHB LED ドラレコ スマートキー プッシュスタート,99.9,95.3,"2020
(R02)","4.1
万km",660CC,CVT,Kanagawa,K-car,/usedcar/detail/AU6924035458/index.html,2026-06-27,2020,4.1,660.0,K-car (<=660cc),Daihatsu,Domestic
43648,ホンダ,ジェイド 1.5 ハイブリッド X 純正8型ナビ バックカメラ 衝突軽減 禁煙車 アダプティブクルーズ ハーフレザーシート ETC LEDヘッド フロントフォグ オートライト オートエアコン スマートキー 純正17インチAW,102.9,90.7,"2016
(H28)","8
万km",1500CC,7AT,Ibaraki,Hybrid,/usedcar/detail/AU7103145346/index.html,2026-06-27,2016,8.0,1500.0,Compact (<=1500cc),Honda,Domestic
44375,スバル,インプレッサスポーツ 1.6 i-L アイサイト 4WD 4WD 純正SDナビ バックカメラ ETC,49.9,32.9,"2016
(H28)","9.2
万km",1600CC,MT,Aichi,Domestic,/usedcar/detail/AU6974456015/index.html,2026-06-28,2016,9.2,1600.0,Mid-size (1501-2000cc),Subaru,Domestic
44383,スバル,インプレッサスポーツ 1.6 i-L 寒冷地仕様 純正ナビ バックカメラ ドライブレコーダー ETC オートエアコン アイドリングストップ HIDオートライト フォグランプ 純正15インチアルミホイール,39.9,27.5,"2014
(H26)","8.1
万km",1600CC,CVT,Aichi,Domestic,/usedcar/detail/AU7085743142/index.html,2026-06-28,2014,8.1,1600.0,Mid-size (1501-2000cc),Subaru,Domestic
44423,マツダ,MAZDA3ファストバック XD ツーリング ・純正ナビ(USB/TV/BT/HDMI/Applecarplay/AndroidAuto/Alexa)・360°ビュー・モニター・ワイヤレス充電・パワーシート・シートメモリー・シートヒーター,269.8,262.9,"2024
(R06)","0.1
万km",1800CC,MT,Kanagawa,Domestic,/usedcar/detail/AU7011998234/index.html,2026-06-28,2024,0.1,1800.0,Mid-size (1501-2000cc),Mazda,Domestic
44426,マツダ,MAZDA3ファストバック 1.8 XD プロアクティブ ディーゼルターボ 4WD 禁煙車 純正8.8型ナビ バックモニター スマートブレーキ BSM レーダークルーズ ETC ヘッドアップディスプレイ LEDヘッド オートライト オートエアコン ドラレコ スマートキー,129.9,113.3,"2021
(R03)","9.2
万km",1800CC,6AT,Shizuoka,Domestic,/usedcar/detail/AU7008465788/index.html,2026-06-28,2021,9.2,1800.0,Mid-size (1501-2000cc),Mazda,Domestic
44429,ダイハツ,タフト 660 X 届出済未使用車/禁煙車/エアコン/パワステ/オートエアコン/オートライト/オートハイビーム/パワーウィンドウ/衝突被害軽減ブレーキ/ABS/踏み間違い防止機能/アイドリングストップ/ガラスルーフ/バックカメラ,114.9,109.3,"2025
(R07)","8
km",660CC,CVT,Okayama,Domestic,/usedcar/detail/AU6874558297/index.html,2026-06-28,2025,0.0008,660.0,K-car (<=660cc),Daihatsu,Domestic
44465,ミニ,ミニクラブマン クーパー S オール4 4WD パノラマサンルーフ ユアースタイル ペッパーパッケージ 黒革シート パワーシート シートヒーター アクティブクルーズコントロール コンフォートアクセス バックカメラ クリアランスソナー,329.6,310.1,"2020
(R02)","1.6
万km",2000CC,MT,Hokkaido,Import,/usedcar/detail/AU7109233048/index.html,2026-06-28,2020,1.6,2000.0,Mid-size (1501-2000cc),MINI,Import
44472,シトロエン,C3 シャイン アップルカープレイ バックカメラ クルーズコントロール レーンアシスト スマートキー クリアランスソナー Bluetooth 純正16インチAW 禁煙車 ETC,119.9,101.4,"2019
(R01)","4.4
万km",1200CC,MT,Aichi,Import,/usedcar/detail/AU7104892501/index.html,2026-06-28,2019,4.4,1200.0,Compact (<=1500cc),Citroen,Import
44473,,ルノー キャプチャー インテンス テックパック 1オーナー　黒革シート　AppleCarPlay　全周囲カメラ　アダプティブクルーズコントロール　パワーシート・ヒーター　LEDヘッド　レーンセンタリングアシスト　純正18インチアルミ　ETC　禁煙車,189.7,171.6,"2023
(R05)","2.4
万km",1300CC,7AT,Chiba,Import,/usedcar/detail/AU7107049559/index.html,2026-06-28,2023,2.4,1300.0,Compact (<=1500cc),Unknown,Import
44476,ジープ,コンパス リミテッド 4WD レーダークルコン バックカメラ AppleCarPlay 前後クリアランスソナー 前席シートヒーター スマートキー ブラインドスポットアシスト パークアシスト Beatsサウンド HIDヘッド ETC,179.9,159.8,"2019
(R01)","4.2
万km",2400CC,MT,Aichi,Import,/usedcar/detail/AU6980574360/index.html,2026-06-28,2019,4.2,2400.0,Large (2001-3000cc),Jeep,Import
44505,スズキ,ハスラー 660 ハイブリッド G スズキ セーフティサポート非装着車 純正SDナビ シートヒーター コーナーセンサー オートエアコン プライバシーガラス Bluetooth CD/DVD スマートキー フルセグTV アイドリングストップ 横滑り防止,122.3,115.1,"2021
(R03)","2.5
万km",660CC,CVT,Saitama,K-car,/usedcar/detail/AU6979538808/index.html,2026-06-28,2021,2.5,660.0,K-car (<=660cc),Suzuki,Domestic
44509,ホンダ,N-BOX カスタム 660 ターボ 未使用車 ホンダセンシング レーダークルーズ 両側電動スライドドア クリアランスソナー レーンアシスト 前席シートヒーター サンシェード オートハイビーム LEDヘッド スマートキー ハーフレザー,169.9,160.2,"2026
(R08)","10
km",660CC,CVT,Mie,K-car,/usedcar/detail/AU7104414251/index.html,2026-06-28,2026,0.001,660.0,K-car (<=660cc),Honda,Domestic
44535,スズキ,ジムニー 660 XC 4WD 4WD MT車 純正ナビ シートヒーター 衝突軽減システム 禁煙車 スマートキー LEDヘッド ETC クルーズコントロール オートハイビーム 車線逸脱警報 オートライト,165.9,158.0,"2020
(R02)","2.7
万km",660CC,MT,Fukuoka,K-car,/usedcar/detail/AU6945690283/index.html,2026-06-28,2020,2.7,660.0,K-car (<=660cc),Suzuki,Domestic
44542,日産,デイズ 660 S ETC 禁煙車 CD,29.9,19.3,"2013
(H25)","7.9
万km",660CC,CVT,Osaka,K-car,/usedcar/detail/AU6924484791/index.html,2026-06-28,2013,7.9,660.0,K-car (<=660cc),Nissan,Domestic
44544,ホンダ,N-BOX カスタム 660 L HondaSENSING 社外ナビ TV Bluetooth対応 Bカメラ 電子パーキング ETC アダプティブクルーズコントロール 両側自動ドア LEDヘッドライト フォグライト スマートキー プッシュスタート 純正アルミホイール,123.9,114.8,"2022
(R04)","3.6
万km",660CC,CVT,Kyoto,K-car,/usedcar/detail/AU6952638352/index.html,2026-06-28,2022,3.6,660.0,K-car (<=660cc),Honda,Domestic
44546,ダイハツ,タフト 660 Gターボ ダーククロム ベンチャー ワンオーナー/純正メモリーナビ/全方位カメラ/フルセグ/シートヒーター/ETC/コーナーセンサー/クルーズコントロール/衝突被害軽減ブレーキ/レーンキープアシスト/オートライト/LEDヘッドライト,139.8,135.7,"2023
(R05)","1.9
万km",660CC,CVT,Hiroshima,K-car,/usedcar/detail/AU7053927867/index.html,2026-06-28,2023,1.9,660.0,K-car (<=660cc),Daihatsu,Domestic
44550,ダイハツ,タント 660 カスタム X 衝突軽減B 両側自動ドア 電子パーキング 前席シートヒーター LEDヘッドライト フォグライト スマートキー プッシュスタート アイドリングストップ 障害物センサー 純正アルミホイール 純正オーディオ,119.9,110.9,"2022
(R04)","2.1
万km",660CC,CVT,Hyogo,K-car,/usedcar/detail/AU7069594881/index.html,2026-06-28,2022,2.1,660.0,K-car (<=660cc),Daihatsu,Domestic
44576,スズキ,ソリオ 1.2 ハイブリッド MX スズキ セーフティ サポート装着車 衝突軽減B 社外ナビ TV 左パワースライドドア クルーズコントロール スマートキー プッシュスタート アイドリングストップ 運転席シートヒーター 障害物センサー 純正アルミホイール,99.9,87.1,"2019
(R01)","2.5
万km",1200CC,CVT,Osaka,Hybrid,/usedcar/detail/AU7047315840/index.html,2026-06-28,2019,2.5,1200.0,Compact (<=1500cc),Suzuki,Domestic
44590,トヨタ,シエンタ ハイブリッド 1.5 ファンベース G 衝突被害軽減システム メモリーナビ フルセグ バックカメラ ETC ミュージックプレイヤー接続可 オートクルーズコントロール スマートキー キーレス ハイブリッド ワンオーナー,154.4,145.2,"2020
(R02)","6.2
万km",1500CC,CVT,Aichi,Hybrid,/usedcar/detail/AU7118102544/index.html,2026-06-28,2020,6.2,1500.0,Compact (<=1500cc),Toyota,Domestic
44591,日産,ノート 1.2 AUTECH クロスオーバー FOUR 4WD 純正9インチDA・ルーフレール・オーテック純正16インチAW・全周囲カメラ・CarPlay・前席シート&ステアリングヒーター・LEDライト・障害物センサー・エマージェンシーブレーキ・バックカメラ・夏タイヤ,212.5,199.8,"2023
(R05)","0.8
万km",1200CC,AT,Hokkaido,Hybrid,/usedcar/detail/AU6921250064/index.html,2026-06-28,2023,0.8,1200.0,Compact (<=1500cc),Nissan,Domestic
44603,トヨタ,アクア 1.5 S ビジネス パッケージ メモリーナビ Bluetooth 車線逸脱警告 ドライブレコーダー 15インミホイール キーレスエントリー ETC バックモニター イモビライザー アイドリングストップ ハロゲンヘッドライト 電動格納ミラー,112.2,100.0,"2021
(R03)","5.4
万km",1500CC,CVT,Aichi,Hybrid,/usedcar/detail/AU7099120167/index.html,2026-06-28,2021,5.4,1500.0,Compact (<=1500cc),Toyota,Domestic
44604,トヨタ,ノア 1.8 ハイブリッド S-Z 純正8インチディスプレイオーディオ バックカメラ トヨタセーフティセンス シートヒーター ハーフレザーシート ETC車載器 アダプティブクルーズコントロール 両側電動スライドドア LEDヘッドライト,359.8,349.8,"2024
(R06)","1.5
万km",1800CC,CVT,Shiga,Hybrid,/usedcar/detail/AU7099295099/index.html,2026-06-28,2024,1.5,1800.0,Mid-size (1501-2000cc),Toyota,Domestic
44607,日産,セレナ 2.0 ハイウェイスター Vセレクション+SafetyII S-HYBRID 両側電動ドア 純正SDナビ 全周囲カメラ 衝突被害軽減システム 禁煙車 ドラレコ コーナーセンサー スマートキー LEDヘッド ビルトインETC クルコン 純正16インチアルミ オートライト,60.9,48.8,"2016
(H28)","11.6
万km",2000CC,CVT,Aichi,Hybrid,/usedcar/detail/AU7113535337/index.html,2026-06-28,2016,11.6,2000.0,Mid-size (1501-2000cc),Nissan,Domestic
44609,日産,ノート 1.2 X FOUR 4WD 純正ディスプレイオーディオ ドライブレコーダー シートヒーター ハンドルヒーター 衝突被害軽減システム レーンキープアシスト コーナーセンサー 横滑り防止装置 純正フロアマット オートハロゲンライト,169.8,163.4,"2021
(R03)","0.7
万km",1200CC,AT,Toyama,Hybrid,/usedcar/detail/AU7097260308/index.html,2026-06-28,2021,0.7,1200.0,Compact (<=1500cc),Nissan,Domestic
51509,スズキ,ジムニー 660 XG 4WD,165.9,158.1,"2022
(R04)","4.1
万km",660CC,5MT,Gifu,K-car,/usedcar/detail/AU7116638873/index.html,2026-06-28,2022,4.1,660.0,K-car (<=660cc),Suzuki,Domestic
51510,ホンダ,N-BOX 660 マイナーチェンジ前モデル 禁煙車 HondaSENSING アダプティブクルーズコントロール 電子パーキング LEDヘッドライト スマートキー プッシュスタート ステアリングスイッチ 電動格納ミラー,143.9,134.0,"2026
(R08)","5
km",660CC,CVT,Mie,K-car,/usedcar/detail/AU7109959889/index.html,2026-06-28,2026,0.0005,660.0,K-car (<=660cc),Honda,Domestic
51569,トヨタ,アクア 1.5 L 衝突軽減ブレーキ トヨタセーフティセンス レーンキープアシスト オートハイビーム メモリナビ フルセグTV Bluetooth バックモニター コーナーセンサー フロアマット ドアバイザー アイドリングストップ,104.9,96.7,"2021
(R03)","5.8
万km",1500CC,CVT,Ibaraki,Hybrid,/usedcar/detail/AU6987301653/index.html,2026-06-28,2021,5.8,1500.0,Compact (<=1500cc),Toyota,Domestic
51570,日産,セレナ 1.4 e-POWER ハイウェイスターV NissanConnectインフォテインメントシステム装着車 当社試乗車UP ニッサンコネクト インフォテインメントシステム ETC20 前後ドラレコ 両側オートスライドドア プロパイロット アラウンドビューモニター SOSコール,395.5,385.0,"2026
(R08)","322
km",1400CC,AT,Fukuoka,Hybrid,/usedcar/detail/AU7091032726/index.html,2026-06-28,2026,0.0322,1400.0,Compact (<=1500cc),Nissan,Domestic
